86   (86  )
22 ( (84  ) -  62  )
15220   (  80  * 98   +  82*90    ) +( (  47)  / 70  )    
111   (    1  + 46)+    57+ 8 -  73  /  52   
3238  24  /    63 +   43*  77   -     14  /22  -73     
85  (  85  ) 
4294967243 (74)-(( 51 )) -  76    
4294967230    ( 84  ) /  85 +   1 -  (  ( 67) ) 
56   56
93   93
39  ( 77  -75 /25  )/  68+   39-20     /  18 
63  63  
4294967269      (  34  - 68   )+  75 +    51 -  84    -35   
180   95 + 85   
11  (44) /(    65 /15  )
24   24  
4294967283   ( 7 )- 20  
5 ( 5  ) 
49   (  49  ) 
80 80 
0   ( 11 / 21   )  
4294966612   ( 70)-     12 * 57  +( 12  -  82  ) 
20 20  
11   (  11)
4294967295    (  (  77 )  -(79)    ) + (  1  )  
87  87 
9  9
0   ( ( (   17-  17  )) )
4294967245   27  -  ((  78 )  )  
215    (58+ ( 92)   )  + (  ( 65  )  )  
4294965674 97+1  -    45-  69 * 27 +    (88  )+92 + 8        
83 (  (  83  ))  
4294912509  (  (  37 ) )-    (  89*88)* 7    
2 2 
4294967222     ((90  / 16  )) -   58 /  23    - 77  
28 28  
14  14 
18  18 
4373   79*      56- 85   -  46   +  80  
63  63 
110     (   42 /  52  )  /  (   31  *  17  ) /    63  +(   85 + 25 )   
5  ((   (98) - 93   ))  
47  ( 47)
35   35 
143    71 /  (  (49 ))    *( (   50  + 93   )  )    
58  58  
96   (96  ) 
19  19 
20   20  
80 ( 80  )  
94      (37 + 12   )+    45+ 66   *( 90)  *  ((   0  /  83 )  ) 
49  49
39   (  ( 39 ))  
490     (14  )* (  35  )   
207     83 + (  ( 5 )  )  +   95 + (  93  )   -  69    
97 97  
72  (  72  )
42 42 
180 (( 18 *10 )  )  
32 32 
12   12 
26602  81  *   63  /18*(94 ) 
13 13
1    ( ( 92) )/ (     89 -  87  /(  9))  
32 32
4294967291    ( (( 31)  ))  -36  
67  67  
4294964346         63- 18  *  38  -  57    *    40  -  49+ 7  /(  65)  
119   38 *   35/ 71    *   78  / 25+ 80    -(17  )  
0  18/  84  
65  (  (  (  65 )  ) ) 
0   ((89  ) ) /  (  (48 )  ) /    ( (20 ))  * ( 50 / 48)     
5399  (  (  53  + 99  *( 54  )) )
63    (  94 )+ (  ( 24  ) - 55)  
0    ((  17 )) /89   / 66   
36  36 
52  (  52  )
19   19  
67  67 
99 99
0     ( 5 )/   6/  ( 56 )     /55
4294873552 ((  53 - 69) )*  63  *93  
23  (    26 - 8  +72    /13   ) 
94   94 
66  66
4294967262     42 - 58   - 55 - 10    *   2  /  20/  57    +  (  ( ( 37 ))  )  
91   91  
142  93+ 49  
39 39  
32 32  
4294967270 25 - (51)    
26   (24+  ( 16) )  - 14  
63   63  
1   76 /(   ( 78)-  (  5 )    ) 
1  1  
54  54 
60   60 
4294963699  (  55*61  - 88  *  79  )  +  ( 15 /43 )  
82   82 
4294967280  ( ( 35 /  68  /   15  -  16  ) )
4294949758  ( 1)*  (  ( 39 ) )*   28 - 46  *    81  * 5      
77  77  
32     74-(  62 -  34    )  + ( (59  -73    )  )    
2705 ( ( 28 *  94  )  +  59/26  +71  ) 
59   ( (  (  (  59 )  )  ))
1161 (  46*27 - 81  )
95 (   ((68)  )  +   ( 33 )/  17*  27    )
4294967206        (70 )  -  84*  8   /   21  -  96  -   46 +65  -51   
48  ( (( (48  )  ) )  )  
5   5  
46 46 
7036  (     94 +  89  *  ( 78) +  0  ) 
80  ((80)  )  
1988   52 / 21 *  (14  )  * ( (  71 )) 
4294967218  (    51 / 15  /  45 -62    +( 52 - 68 ))  
16  (  40  -  24 ) 
95  95
999  (    (88 )  *  (  12  )   - 57 )
9066    89 *    62  +70   * ( 51  ) +  (  (51 )  - 76  +3 ) 
23  (  ( 59 / 71  )  +  ( 23  ))  
2   ( 71/  ( 4  )/( 8)    ) 
67    (  ( 54  ) -  34)+(  32  /1  +  15    )   
1 ((  (93 ) ))  /  64   
65   65  
5502   28  /23  -(   (43 )  -    99  * 56   )
166 (    95  +  71 -  19    /  (  10+  67   )  ) 
50    61  -(     87 * 5   /39  )  
53 53  
71   29-(    57 +32  /   78  - 99    )  
70 70 
858  13*66  
11 11
59  ( ( 59 ) )
4294967004  ( 70 ) /  54 *   26+  58 -    47 *8      
8   8 
5   ( 94  ) /  17   
725   81+  (  (  23) *  28   )   
0    83/ 97  *  63  
7 7
67   67  
8611   ( ( 67 +96  *(89 ) )  ) 
1   31/(  26 -81/ 53    )
0 (  45/   47 /  2   )  
62  ( 62)
2 (2  ) 
31 (( (  (31 ) )  ) )
96   (  ( 50) + (  62  )    -  (16  )   ) 
3    ( 31 - 29  ) *( 52+ 85 )  /  73   
77  (77  ) 
0    (7) /  (  ( 99 ) ) /66 
539649  (  ( 79 *    69  * 99  ) )
95 (  ( (  95 )  ))  
40 40  
164  ( ( 90 + 2 )  + 72   )  
45   (  45 )  
91  91 
4294967221  (  ( 66  -53 -88  )) 
16  ( 16)  
71  71
10     (  ( 81))/ 23 +(  ( (  7 ) ))
90 90 
11   11 
100 ( 55 -    27+ 88   * 76/  92      ) 
216   ( ( (3)  )  )  *  72  
56  56  
86  86  
0   ( ((38 /83) ))
112       (65 )+  (  11)   *  94    /(22 )   
99 99  
21  21  
86   86 
31   31
42  42 
43 (  43) 
8   ( 8 )
66   66  
22 ((22  )) 
74051160   ( (    78 -82   ) )/  58  
38   38 
0   27*  69/ (   63- 87  )    
31 (31 )  
45 45  
4294967277   5-  75  +  (  ( 51)) 
41 41 
5     (  60  * 21  )/ 4  / (  (56)  +(5)   )  
38  ( (38)) 
26445938   (     3 -93  /16  )  /    (  31)  *  ( 55 )    / (  92)* 60  /82    
53   53 
642  (((7 ))) * 80 + 82  
11 11  
89  ( 89)  
2709   (  (     30  * 91  - (  21  )   ))
70  70  
19 19
9  9 
25 25
92   92 
4294967202   ((  99 /84 -  95     )) 
109     97  +16  / 2    -  (  (46) )  + ( ( 50 ))   
13  (  13 ) 
14    (  ( 35)  ) *21  / 51 
71   71 
26  26 
22   22
4294965715 (    (    1  -52  )*  31   ) 
0   (78  )/ 81  + 12 /  69  * (  25-    84  +  63     )  
29  (  (  (29  ) )) 
4294967206  (  57+  88  )/  37  /19/28   -90 
58 58
4294967267    (23)/ (  94) - (  23 / 78  ) -29
73  73 
121247  (   ( 78 ) -   47 * 67     +   68 + 70 *   71*25     ) 
68  ( 68 )
4294966391 (  70 -   ( 25  ) * (  39)   )  
12689     (   41 / 55 )  + (  (76)  )   * 89+   ( 79  )*  (75)       
47 47 
0   (   ( (43 ) )/79 )  
32   ((32)) 
3053 (  71  * ((  43 ))   )
71 (  (71 ) )
65   ( (    65  +  66/  92      )  )
46  46
4294967283    (  2  )+  2   +(     39  *  8    / 43  - 24   )  
44   44  
3   3  
19     (96) -( 47  )+ ( 65  )      /    43-  (( 31 ))  
28   28 
22   22 
26 26
99   99 
59  59
20 20 
64      30- (  78+  74   )-  78  - 38    -22 +4 * 81    
59 (    ( 11) + ( 4  )    *(  16  )- 16   )  
1222   ( 32  *(  40  )  -  ( 58)    )  
243    84  + (  98) +  (  61  )   
12  12
45 45  
160  79+  ( (  81  ) ) 
203    (4) *    (51  )  -54 / 47   
92   47+     70-    25-  18  /   16/  44    / ( 79  )      
4294967221  53 /9-  80   
4294967266    62 -  ( ( (  92  ) ))   
5  ((   49 -(44) )  )  
56  ( 56)  
1360 ((( 40 *34  )  )  ) 
6 ( 6) 
0 ( 66 *   (  0 )*    9 /  95   ) 
12 (  12  )  
94  (  (  ( 94  )  )  ) 
46   ( ( ( ( 46) ))  )  
78     ( 18) -10   -  (   10  - 43   )  +  37   
49  (  (( (  49 ) ) )) 
21  21
3730    (  ( 55  ))+  (77  )*  47+  56      
32 32 
86  86  
3   (60 )  /18  
46 46  
5810805  (    (91  ) * (55 )  * (  43  *27  )    )
74   74 *1
21  ( 21)
553 (   58  *  ( 11  )-85    )  
12 ((  12))  
0 0
2398 (   (82  )/ 3* 89      )- 5    
27   ( 38  - ( 72  )    )  +  ((  61  )  )  
55 55  
0   ( 41  /  ( 47*  88   ) )  
0     13  /(23  )  + 31  /  83    * 93
79 ( 20  + 59   ) 
37   (  37)  
0  4  *  (  (   72 / 87 )  )   
26   ( 26  )  
4294967214    12  -  ( 94 )  
22   22
43   (( 27  + 16))  
169    86+ 83   + 13  /  78     *  ( 2  )*  (34  )      *  79  /  20   
1408       66/ 14   /  77+  ( 64)  *22 
34  (  34 )  
4294967198   (  (98 ) /  58  / 84  ) /  (  48 )  -98  
4294967218   88  -71-    37 /20    -    70  - 76 -(  3 )   + (90)  -  92 + 57    
5 ((15  ) /    45  -  53  +  83- 25   )  
0  ( 0  )  
4294967249   (   96  /  98*21   - 47   ) 
0 (   28  /98  + ( 2  ) /( 34  ) / ( 34)  ) 
2580   (  (  (43) *( 60  )  ) )
1   29 / 29 
6   6  
24  24  
36   ((  45  +  77  -86)  )  
4294967142   11 * ( 28 - ( 42 ) )    
53 (53)  
153505   90  /(  52+ 22)  +(   82 *  48 *  (39)  ) 
9  ( 9 )
10   ( ( 10 ))
16  ( 16 ) 
4294965586 ((  32  -26   * 67  )  ) 
46 46
71   (71 )+ ( (   15 /68  ) )  
69   ( 69)
4294967223  (   (64)-  (60  ) -  ( (77  ))    )  
84 ((  84)  )
2463  (  34)  * (  ( 71) )   + 49  
32  (  93) -( 61)   
51  51  
4294963234  (     44  -  52 * 80+ 54   )
0  9/(  59  ) 
4294967236  ( ( (  3) - 63))
41  41  
0  (  0  )  
67   67 + (  ( 79 )  / 84   ) 
43   (43  )  
73  (  (  73 ) + 36 * ( 0 )    ) 
191   (  3 )*    (  (42 )  )-  27+  ( 92)   
58   58  
94 94  
63  63 
36 36
6006  91  *  66    
12  12 
1098    (  (  38 +35))*   (( 15) )  +  ( (3))     
1120     24 *9* 49  /  9-  56   
67   67
7308   87  *  ((84))
39  (39 ) 
82   82
37   37  
0   83/    52 /15  / 1  *  50    
4294916177   (71  +  84 /  17 /18 -    40-  93 * 25 *22     )
95   95
14 14  
77 77
2148 36  +  (  89)   *  23+  83 / (  84 )    /    7  /99  /21   + ( 65)   
62  62
33   (  (  33  )  )
96 (96  )  
67   67 
61  61  
4294967209    (  86 )/  27-(40 )    -  (  ( (50)  )  )   
88   ( 88  )
49   49
372880     (  59  ) * ( 15 +65   )    *  79  
0     24 *  ( 22  / (  52  ) ) 
66 (66  ) 
35  58 -23 
10  10
5134   (   93  * 70* 56/71   )  
87   87
28  28 
1950     ( 15  ) *2 * ((  31 +  34    ) )   
4294965005    ((  23 )) -  (( 89)) * ( 26 )  
180 (  (   (92 ) +  ( 88)  )) 
559003    24 + 77    /  89  + 96  *(   71*  82  ) +  37  + (  30)  
4294966955  (     96  + 12  -71  -  7 *  54   )
94       (   23 /  92  )/  (79 ) + 94  
14807   ((  97 + 77    )  ) *    85  +  (  47)   -30   
28  28
785     (36 )  + 52  -  97   +    18  *50-  93    -13  
111 ((   15  +   14 +82    ) )
229    (  (91  )  )  +  (  32  )   +  (  (44  )  )+      55  -56   +  63       
92  92 
380380    ( (  52 *  77 ) ) * 95  
2695   (  (47* 56 )  +(63  )  -  41 / 69   ) 
30  30  
1973   (  36)  *  (( 49  )  ) + 21*10   -  84 / 63      
15   15
18  (   65- (  (  47)) ) 
85   (85 )  
1122 (   47+86   * ( 25  )  /( 71  / 29   )   ) 
12 (    (8)+ (  0 )   /   80 *  13  + 4  ) 
52 (52 )
64  64 
96   96 
50 50 
3615 ( (( 77 )  ) *(  48 )-  81    )  
91 93  -2  
17 17
4294967278      93/   11+  30   -  ( 95 )    /     (  39  )+  ( 7 )- ( 61)     
69   ( 69)  
9  ( 9  ) 
54 54  
85   85 
0     (  ( 19) + (6)  ) /  (( 37  ) )    
32  32 
25  25  
0  ( (  (  43 /  87  ) ) ) 
3 3  
52   ( 52  ) 
24 (  (  24 )  ) 
52   ( ( 52)  )
2097  ( ((  43)  )*    23 /  33 *  74 - 49  )  
10688        48*  43    - 11 * 56  *(  51 -65 )   * ((    99/63  )  )
59 59
70  70  
4294967295  (  ((  45  - 46 )  )  )  
73  (73)
66 (66  ) 
27 (  27  )  
4294967291 (  69-  ( 20  )  +1 -(55 )   )
86   29 -      10+  61 /  4  *  (  10 )-  ( 83 )    
0    66  / 67    
44    ( ( 42 )) +  45 /19    
0   ( ( 2/ (  36 )   ))
17 ( (  (  (  17 )  ) )  ) 
86   84+  ((  73  )  )/  35     
94   94
3  3
91      8+   62  +17   +  ((  57))    /13 
21   21
3764   (    83- (60) +    43  *87   ) 
4294959327 (  (89  )  /   76*29   -    86  * 93   )  
61  61 
80   (  80  ) 
57 57
4616    (  (  (  10  ))  )  +  (  (  94*  49)) 
0   15  / (    41+ 53 /42 ) 
28   28  
4294967208     19 -  92   -((15  ) )  
180   (  (24 ) )  * 98  / (13)    
14 14
94 94 
67  67  
5035      (68 )  * 32  /  39  * 65    + (9+ 11 )  *  73
4992    (  96)  *  (52 )  
11   ( 11  )
226050988   (  (  21  -  53  ))/  (   64 /  51   )  / ( 19 )+ 80     
2 (   6*   10/ 23  ) 
61  (  ( 61 ) )
36   36
29 29  
15   15 
27  27  
0   (( 64  /33    )  /    (  19  )*( 66) )
80 (  80  )  
126  ( ((  83 +43 ) )) 
92   92 
4628    ( ( 52  ))  * 89 
6439  (  ((  72  )  *    89 +  31    ) ) 
16   16  
117238   ( (( 73  )* 22* 73  ))  
169     64 / 48+    72-17 /  93  +96   
95   (  95  )
0   (  (  (  4 ))/99  ) 
2  (    27  /13  )
4294967249 ((  (  59 ) ) /   80 /99  -  ( 47  )  ) 
260347     ((  67  ) * (67 )  )  *  58  -  15   
4294967203 (  (76  )/   52/33   -93)
1  63/(51 )   
665 35*  (  19  )   
0   (  58 +(  39)) /   (  27*  12   )  + (  85 )/    21/59   
6  (6  )  
226050853  (  51-33 ) * (    18-  78) / 19  
51 51
2520  (    (12)  * 6 * ( ( 35 )  )  )
4294966563 (    (73 )  -62    * 13)  
97  (  97  )
118   99+ (  19  )  
92   92 
4294967161      (22)  /  90/( 79)    -(  ( 9  )  *  (  15 )    )   
53 53  
2516  (  68* (  37 )  ) 
38   38
98   98
71   71  
1330   (80 *  38 )/  86  * 38   
50   (  ( (  39 ))  +  ( (  11))    ) 
4294967225 (   (  46  )/  60  +4  -75    )
44   (44  )
1     98 / 84   
5700   (  62  *  21 )  -   (  6) *92+(   99 *50  ) 
12197     86  +  (  97  *61 )+    72* 87   -70     
77   ((  ( (77) ) ))
27     (27 ) - 8/  70  * (93 )   -39 / (  48 )     
3 3 
77 ( 53)+ 24 
20     35  -(15 )  
83 83 
74   ( 74  )
110   (( 97  )  )+((13) ) 
12962  (     16 * 10 *  (81 ) ) +  ( 99 /(  47)  )
77 77
92 ( (  92)  ) 
177   (   ( (  86) )  + 91  )  
56   (  (  ( 55  +  1  )) )
0  ( (  66 ) ) / 90   
77   (  (  46+ 31   ) ) 
76  69  /  66   +  75    
4018     82 *49   
15 15 
96 96
4294965208    (  ( 72))* (  90 - 34   - ( 85  ) )   
15   15+   ((  35  ))  / (  25  ) /69     
4294967268    ( 25 ) /  (  56  )  -  28  
20   20  
4294967222    20  - 94  
1133    55-    9  + 31 *  15   * 32  / 87  +  95  -  87/20    +   75  * 11      
94    37 +57  
4  4  
36  (  36)
1     (  (  (42) )  )  /  (31)  
89    (( 25) )  +(24 ) +40 
99 99
65   (52  ) +13    
4294890246   (45/ (  7 )   ) /   31 -67 *(25)  *46      
1   (  92 / 55   )
6   ( 6) 
58 58
55   (  (  38-77  +94    ))
97   97  
41 41 
67 67
0  68  /92    
1715  ( 77* (23  ) )  -  (56 ) 
34 ( ( 71 /  73 +  34    )  ) 
53 53 
1509    ( 21  ) +  93  *  (16  )    
945 (   (( 34)  )*  (  68  ) /   65  *27      ) 
79   79
20  ((20)  )
0   51/74 
148160 32* (  81  *  56   +  94  )  
6   6 
4294966821  ((     15-14*  35   )  ) 
6  ( (  ( 90  )/ 13)  )
0    0  *  99
81  57  +(24  )  
4294967269   33-60  
84 84
88  88 
5252    96*  (  54)+( 68 )   
61   61 
76  76
1  97 / 96 
4294967295   ( 60)  -(  61)  
14  14  
16   ((  (   16*1) )  )
41   41
62  62
40  40 
54   (  (54 ))
30  30  
35 (  35 ) 
78  (( 78 ))  
513    ( 51  ) +  68 + 44    +50   *  7  
463 ( 33* 14  + 87     /( (  60 ) )  )
89 89
101  (   2  +  99 ) 
97  (  (  ( (97 ) ))) 
14   (14)  
9016    ( (60  ) *    99 -32   ) /    64 *  ( ( 98  ) )   
4  83/ ( 60  *  23   )  +  4  
50   (  ( 50  ) ) 
73   73
4294965155  1+ 58-   (10  )  *   55 *  4    
4294966958   (     62 -22  *23    *      1 /  50 *(40)   ) 
0        ( 27 )*(6 )/ (    57-  72   ) *  ((4/ 46  )) 
15  15  
54 54  
42   (  42 )
11   11
0 ((((  0  ))  )) 
130  (   ( (  31  )  ) +99)  
89 89  
99   99
81 81  
40  40
63   63 
4294967224  27 -(  99  )  
154   (  (  89)  -  ( 36)   / 60  / 57+  65   )
55 55  
4294966952   86 *(    40-  44   )  
84   84
29 29  
46 (46 ) 
7  7 
0   (    77/    68 *13   )  /  (  (  99)  )   
49   49 
4294967025 53 -(  (36  ))  * 9  
4294967277    (  5  -59  )  + 96  -( ((  61 )  ))  
69 69
69 69 
410940    ( 4*51 )  + (76  )*  57 *87      +  31  * 42 *26  
42  (  42  ) 
4294966666    (( 10)  )  *  (    31 -  94)-  20 /( 21  ) /  32 
15     2+  ((    27  -14 ) )
21 21  
16  ( 16) +  (   90  -  79    )  /12  
6   ( 6 ) 
48   48  
67 (  67  )  
0   (  (  (  14 )) / 28   ) 
35  35 
94  94 
29   29  
0     (50) /   ( 69  )/ 52 * 92   /(  54- ( 21  )  )
75  75 
90  (  90 )  
65  65 
11   13  -  2  
96 96 
80  73 + 7   
90     74 *  11/  21  - 69 +  (   83-  13 + 51    )  
79296   (  24 *  66   *  (  50  ) )+( 96  )  
79200    (  ( 40))*  (   90  *22   )  
68   68  
99 (  (  4  +34    )  + (  39 +22 ) ) 
43  43
4 4
4294967286   (  1)  -11   
149   (  ((  67  )  )  )  +  (  82 )   
39 (  ( (  39 ) ) ) 
4015   ( 55 *(73  )  /( 84 / 50   )  )
4294967281  (( (90  ) /   60-  16   ) ) 
68  (    13 *  15   ) /   (6  )  - (7 -  43 )     
2220   (    (  36 )  *  63  )-( ((48  )  ))   
29 29 
185    (  ( 34 ) ) /  (48  ) /    98 +  80+ 97  +  8    
3342     44  *74+86    
63  (  ( ( ( 63)  ))) 
29 ( 29 )
4294967213  (4  /  36  )  /( ( 53) )-  83  
4294967290  ((     42/  11  +80-  89    ))
13 13 
24  (  24 )  
27845680     (   13* 46  +  76  *  54  )*  (  63  *  94 )  +  12 +  8    *  (53  )       
3772    82  * 46  
0   33  /  ( 93-80   * (  69  ) ) 
48   48
5688   ( 72 ) *  (79  )    
1176  (    12*(  (  98)  ))
4294967205     51/  73  -( (  91  ) )   
33   (    90  - 57    +97 /    ( 72  )  /(37 )   ) 
15   ( 48  )-    83  +50
9   (9) 
94  94  
49   ( 49 )  -    (  22  )  /( 60 )  *  9 /  66 *(90)        
23   23  
19136    32  * 13 *46  
3   ( 1 ) +2   
4294960195       ((93  ) )+     96- 61  *86 *  42     /   31-     86 +  1 - (  98)    
84  84
100  (  (  42+ 14+ 44  ) )
6 6 
37  (  37 )  
20  (( 79 +  62  ) / (( 7)  )) 
0     45/(97  )  *5/ 64    
33  33
8 8 
30  (  30) 
79   (  (68)+  11  )
4294967295  20  / 55   *  44  -( 84  )  /82 
44   44
29  ((  29  ) ) 
88 88  
69  (  (  (69 ))) 
230     54 + (  90 )   + (3 )  +  ( (83  ))
0 ( 20  )/ (  4  + (  86 )   )  
90 (90 )
0     58/  88   
11     ((  (  81  )  )  )  /  7  
149   ( ( 10) + 27* 4   +  31 ) 
117   13* ((( 9  )  ))
14   (  14  ) 
8 8  
4294961612  (    41  / ( 48 )/  84 -98 *  58    ) 
2702 (   78  + 82 *  (  32  )    )  
71   (  (71)  )  
7 (  7  )  
69   69 
16   16 
85 (  82 )  +   29 / (  9  )  
39   (     0  / (  7)    + ( 39)  )
59748      (  53  )*  49  /90   *    (  61 ) * 35 -  15       -  ( (  24)  -( 7)) 
3  (  3)
4    (  (51  )) -  47    
84   19 /  75/51  / 28  +  84     
13 (  13  )
71  71 
103  76 +(27  )  
1  (1 )  
4   ( (4  )  ) 
53  53 
0      72/91   * (99 )   * 44   *  36 / 83   
27  27 
138   (   84+54 )  
85 85 
837  31  *((  27  )) 
1   (  (9) +(57)  ) /55 
1380     (    46+  57   -  43 )  *23
3150   42  *( 75 ) 
0  1 /92* (17* (  21)  )  
89    ( (  85 )  /75  /  92  )+89
82  82
257   34  *   ( 7  )  +89   -  76 +  6    
35 35  
4222   40  *  28+  (33) *  ( 94  )      
57   (  ( (  95 )  +   1- 39   )) 
4294967277 48/ ( ( 73) )-19    
44  (  29 *53  )  /(  36)  -  (   (22 )  - (  24)   ) 
37   37 
5696  64* ( (  89  )  )
101  5  + 96  
96 ( 96) 
96   (96) 
10  10  
10 10
91 91
4   4 
68   ((  68)  ) 
86  86 
134 (   66  +68 )
4294967220     0  -( 76  ) 
76   ( (76))
21  21
7426   ((   52 /  19  ))*   43 +92   *   80 + 7 -  27  
69  69  
40 40 
16   16 
1    90/88  / (     94/ 3  / (29)    )  
89  ((    91  -  79 /(  31  ) )  )
100481    58  - (41 )   +  26*  69  * 56     
36   36 
138  (  ((  39+ 99  )) )  
91   91 
7  ( 7) 
1 (1)  
51  51
58 58
0   11  /  ((  (80) )  )  
840 (   (  55  -  27  )  * 30) 
50 (  22 + (28  ) ) 
4608   59  *    80 -90  *  96     /  ((  77)  ) 
33   33 
84   84
2  2
40   40 
4294967293    39-42 
101    (  76+ (  18 )   )+ 15  - 8    
846   ((96 /10   ) *( (94) )   )
136  1  +  99  +  36   -( 88  )   / 91  
33   33 
50 50
59   59
93     (93 ) - 42/  34/ (  51 )    
16   16  
4294964424       48 -82  -  57   /  2* 95   -  61- 85       -  32  
83916   (( 37 *  81* 28     ) )
4294967293  (  83  )-86    
110 (  (  (71 )+  ( 39)   ))
85   85  
2536   51+ ((  71  *35 )  ) 
57 (  57)  
232    4  *  (58  )  
91  ( (  (91)  )  )
79  79 
83   83 
42 ( (     85 / 62   *  42    )) 
93   (( 93  )  -  (   21  /  79) )
52  52
38 (38  ) 
92  92 
1  (( (1) ))  
43 (     96-98   /79    - 52   ) 
4032   (  (  (48)*  84    )  ) 
3456   (5  / 34 ) +  (  54  + 15  )  -     29 *  40+69  *   65 +  69    - ( 7  )   
16   16 
95 (95  )
8  8
39  39
95   95  
24   24 
4294967250 (( (21 ) )) -  (67 ) 
32  ( 32 )  
82   (  82  )
0  (  ( 1/ 72  ) * 99  / 41  *  2  )
60   60
144 ( 76  +  68  ) 
14  ( (  46 /5)+  80/ 15    ) 
33   33
30    (  (  92) )  - ((62 )  ) 
0 (   4/   33 -  20/ 95   ) 
4294967295  (  (( 0)  ) ) - 48 /  44     
99 99
992  62 *(16  )  
19  ( 19  )  
0  26/  (  (  1  +34    ) )    
81 (81 )
76 76 
34   (  (( 34  )  ))
71   71 
106     36  + 15  + 55    
4294964841 59  -    75  * 51   +( 19  )    * 69  
63 (   ( 66 ) *  24  +73     ) /  26   
63  63
87   ( (  ( 87)  ))
1865 20 *  (34+56)+    65  + 94 / 9/  97      
87   ( 87)  
51 51 
98     ( 64) /  49 *86     +  54-  (  2 ) * (( 21) )    
74 (  74) 
68   68 
90 90
50  50
85 85
3198   39  * 82  -   (38  )  / 46      
1054   (  ( 21 )  +  97+  72* 13     )  
12   12  
47   47 
61   61 
41   (  (    ( 98  )- 57) ) 
62  62
91 ( 91  )
89  (  89  )
4294954448     22/ ( 72  )  + (44  )   *  (46  -13 *26)    
78  78 
6884    (  79*  (86  )    )+(  90 ) 
4294967259 (  ( (25 )  )  -62 ) 
87 ( 87)  
0 67  /85   
72 (72  )
85   82  +99  -96  
97   ( (  97- 73/  95 ))
1    79/79  
30  30 
0       82  /35  / (    60  +(  7  ))    
4418   47  *94    
923  71*(  13 )  
112250    17* (  88  *75  )   +50    
67     (( 34  ))  +(  32 )   + 1   
1408   ( 32)  * 44  
4294967250   (  11  / 44   )* 66 -46    
15   (  15  ) 
106    71  + ( (  (35 ))) 
42  42 
81   ( (81))  
93 (  ((( 93) )))  
45 ( 45) 
9  ((9) )
19 19
94   94
4   4
34 34  
4294967232  (   11  - (  75))
756 (  (  77  )/ 32  + 34 )* 21 
41   41
170   ((   96  +  74   +  18  /19   )  )
3696     77*  48 
45   ( (  ( 70  - 25  ))  ) 
227 (  85  -  25  + 98  )+  18 + 51      
91   91 
1     ((   30  +77  )  )/ 61
60 73-  ( 13  ) 
86  86
68  68
63  63
4294967253 (40)-( (  (  83) ) )    
72   (72 )  
2281  35 *  67 -  64   + (   ( 33)/( 58)  )   
26   (26) 
4294967259 (84/ (  81 )  ) *    ( ( 99  )) -   52- 23    -61     
45  ( ((45 ))  ) 
4294967239  ( (  66 )-(91)- 32  )  
64103935    98* (   4- 41) /67    
50529026     (      77  / 98  *  71-60  ) / 85 
35  35 
4294967207 (    6/ (95 )  -(  89) )
99   (  (99  )  ) 
27   27  
45   35 /     (66  ) /  4  +  (  67- 22  )   
44  44 
108   (  ( 48  )+  98 +40   - ( (  78) )  ) 
4294967263   6-  (39  )  - 62    / 97 
13 13 
4294960028 (    60  / 22   - 86*  85+  39 + 1    )  
7 ( ( 7 ))  
34 (  34  ) 
21   75+(   (  72  )/ 68  -  55  )   
16 16 
10   (  10 -   58/  (78)    )
79 ( 79)
206  (     (  16)  /  8  * 77  +(  52) )
0 ((41  /  ( 61)   ) )
1650 ( ( 11 )  ) *( ( 5) )  *(( 30) )   
81 81  
4294961889      ( 27) - (91) *  ( 77  )  / (  49 )   *(38)    
4294967286     ( 8)  *( 1)/ (  82  )+((   67  - 77   )  )  
10  (  91-81 )
94   (  ( 94 )  ) 
4657    ( 99 )  / 39    +95  *( 49  )  
98 (98 )  
98    (53  -6  )+  ( 51 )   
45  ( 45 )  
4294966573     31-(   39  -26)  *  58 
4294967252   ( ( 39 -4 )  ) -79 
4294967293    38-  (( 77  ))  /   45 -  40   
0 (  ( ( 2  )) /37   ) 
62  62  
97  97 
96 ((  ( ( 96 )) ))
35 35
22   (  (   41  -  19 ))  
48  48
529    ((  83) )* 7  -  52   / 1
35  35
21    14- (  7)  * ( 50 -51   )     
0   (  (  (   47  / 61)  ) ) 
66  66  
78 78  
86   (  (86  ))  
90  90  
8   8
49 (  49 )
784        14+  49 + 31  *22    - (23)  + 62    
323    (  72  /  67  )-( 7) * (   (24) -( 70) ) 
13740695     (71)+  6* 76    / 13 -50 + ( 35  )     *  39  + (  83  )  /     3 *  61 *97  *86       
1069  ((   (  39) * 26+ 55   ))  
45 45  
75    25+50 
1    ( 84)/((  60  )  )    
76  76  
4294965605    24-((  78 )) * (22  )+48/ 40    
103   99  +    28  /( 6  )    
16   16 
0    52/  (    30-  96* 28) 
1   96/  73  
127    ( (54)  )  +  73  
637   (  (36 *  18 )  )-11   
19 ((  (  (19 )) ) )  
4294815251     37  -   82-56+(24)  * 34 -  60 *  38*67  
56  56
61  61  
51   51
7   (  (7  ))  
63 63
61  ( 61) 
35 (  35  )  
90   99  -   (  10) / 82-  76     +67  
99   ( 99 )  
4294967285    29 / 11    * 38 - 87    +(81/  7   )   / 75  
0   2  *  30  /83  *  ( (  77)) / 60   
21   21
9411840   ( 20 *   (76 ) *  72 *  86   ) 
3   3  
4294967163  (  37  -  ( 81 +  89) )
48  48
50  50
20   20
60  (   ( 64  )- ((4  ) )   )  
13  83  -  70 
2 52  /  20  
5 5 
456378   91*   59 *   85 +90  -(77  )   
178    (  (89  ))  +89    
74 74 
4294918841    13-   36* 77  -84  *34   *( ( 16 ) )   
77  (  ( ( 77 ) ))
20 ( ( (  (  20  )  )  ))
3765 (     25  - 68  *(   17 - 72 ) ) 
57 57 
23   23 
96   (  96  ) 
4   4 
110   (92  ) +18  
88   88  
85   ( ( 88  -  10 /  (  3)    ))
24     ( 73  )- (48  )  -  ( 51) /(  40 )
66   ((  66 ) )
0  (  49)  /    79* 74 
53    17  +  ( (36))  
36 36 
93   (((96) ) )-3   
0   63 / 71  
78   ( 1 )+  (  77) 
4294967136 (( 30 ))  -   (93  )-  97   
10     65 /( 2 +  43    )   *( 10 )    
55 (55)  
61 ( (   80 -(  19  )  )) 
66 17  + (  49 )   
5   5  
83  83 
69   84 / (( 5  ))  + ( 53 )      
127    91  +    58  /41-    63+  79  +  (  19 ) 
3355 ( (    39  * 88  )  -(  77  )   ) 
4294965400     85/  ( 21 ) -  ( 55 )   +   ( 1  ) *  75    - (63  )  *  31 + 33      
4 4  
57  (  57  )  
1      (14 /  10  ) - 1  /(50  )  / 81  
7   (  7  )  
38   38 
71   71
38  (38 )  
502  (  (   25 *  22   )  +  (  4 -52  )    )  
0 ( (  2  /84)  )  
81 (  ( ( (  81 ) )  ) )
7 ( 7  )  
36    82 - (  62 - 8   )  +  8    
1   (  ( 80)) /  ( 64) 
99  ((  99 ) )
39  39
58 58
52 ( (((52  )  )  ))  
3120  (  (    93/45   )  ) *  (52*(30 ) )
21   21
47  47
4294967262 ((  15- (  49) ) ) 
4294966702     ( 81) -  64  /43   /94  -76*  (13  )    /    91 *  79  -   2  +  33    + 84 
1 ( 1 ) 
1567   (   ( (  85  )) *  18+(  37  )    )
93   93 
87     ( (  27))/  44  /  77 * 62   +    ( (  50  ) )  + 37 
86   86  
60  60
20  (    (87) - 66 -  (  21) / 20     )  
4294963772 (    ( (  37 ) )  -  35 -  86  * (41)    )  
4294937272 72* (  96-  57  *9    ) 
48  48
8659  (  58  - 11   /( 56) )+   (  ( 89)  )*4  +85 * (97  )   
4294857678       2  - 70  *18    *87  
117   (  38  )+((79 )  )   
12 12
0     86/  42/ ((  31  )  )   
928   58  *((  16  ))  
6468  (    (  ( 66 )  )  *  98   )
84   ( 84  )  
97  97  
59   59  
16   (  ((  45  -29 )))  
2742   (  (    6+  57*  48   ) )  
46   46 
5   (( (  44  ) /  (  8 ) ) ) 
52   ((52 )  )  
4294967280   (  25  -42  )  +62  / ( ( 59))    
78 78 
80   80  
1  (  (( 60/ 55)) ) 
79 79
6 (   97/ 16 )
0   61 /(   (  69) +1 )   
0 (0 )
20 20  
81  (81)  
92   92  
393      58 * ( 7) -13   
4294961444    61  +    36 +  26-   84  *  72       +73
61   61 
71  71
97 97 
4294962487    19-  59  *83 -   18  +87    
4294965871   (      74-  33  * 48    + 85  )  
57 (57  )  
0 (  0  /  ( 38  )   / 37 )
50 50 
1276 ( (44) *  (29  )  )
4   ( (  4) )
69  69
4  4
0     (  (  19  )  )  /  (    98 + 62    - ( 20  ) )  
1592 81*    20 -  88    * (24)  /  (73  )    
81 ( ( 81) )  
73  (  (  (    9+  64)  )) 
57  (  (  (57)) ) 
4294967268  (67)-   (63 ) /  (47)    /   38 *89- 95      
11 11  
3277   (   (  81) + ( 47  *68 )) 
95 95
68 68
4294967271    (  ( 33)/26  / 93)-25    
0  19  /(  (    64  * 82)  ) 
16   16
783    11 * 75  -  37 *32     /( 28 )    
3  3
85   85
14  ( 14 ) 
783     79  /(   69  - 71   ) +  (   9 * 87   )   
1   34  /(  60 / 58    /19 + 21      )
10   10  
947419126    ( 82/  71 -  59   ) / 68 * 83  +  ( 16)  
87  (87 )  
4294967030  (  19* ( 74- 88   )   )
29   29
40  40
46   (    (94  ) +(   14-62  )   )  
4269695776 ( 57-  88*  (19  )   )* 96  *( 99 + 64  )     
515  ( (  72  * 8 )  )  -  (  61) 
111   ((    ( 57 ) +  54)  ) 
4294966360 (  (  33- 77 ) *   20 - 31   -  25   )
75  ((  ( 75  )  + 51 /  52    ) )  
12   ( 12) 
77790 (  ( 30)+54  *  (  15 * 96   ) ) 
145 13  /  27 +  77  +68  
0  (   11  /  36)/     (1)+ 97  /  76   / 95   
79  ( ((79 ))  ) 
1  (  76  /  59  )  
16 16  
50  50  
30  (  (30 ) )
4 (  (28 -  (24)    ))
4294967263  12 -  45
147    52+( ((  95  )  ) )    
56    ( (  56  )  )  / (  74) +  (53)   +3    
66 (      66 - 63  /   74/  24 /(  ( 71  ))    )  
64  64 
35 35  
2726    (  ( (29  )  )  )  *( (  (94) )) 
4294967222 (    ( 88  )  -(  96)   - 66  ) 
2  ( 94) /34  
39     42  -(  (  3)  )  
21 21
20 20 
83 83
3 3 
81  81  
271451   50 *   78*  69+  39   +34  *  68      
15 (  15  )  
6   6  
4294967282   9-   23  + 59 / (  70)  
72 (  ( ( (  72 ))))  
59  59  
157    99 + (  58)  
9   9
45     44+    80/ 70     
157  (  83 )+74    
52  52 
53 (  53) 
0 (    56  -  55   )  /  ( 83)  * (  24 / (27 )) 
55   55
99     69 + (89 )+ (  39  ) -  98    
1   ( ((91/ 72  )) )
75 ( 75  )
0  (  5 - (  ( 5)  )   )
839  (   ( 25*  53  )- ( 18* 27 ) )  
7920 (   ( 72 )  *  ( 84+ 26 )  )  
94  94 
33  (( 33 ) )  
3430    35*(  (98 )  )  
32  32
50   50 
61     54+ 6   +5 *  3/    (30 )+  (50  )  / 28    
665   (    (  (35  )  ) * 19 + 33 / 68    )  
38   (38 ) 
442 ( (  (    17* 26    ) ) )  
4294967214   20  /   89* 18  *86   - 82 
2   2 
44  44
31   29 +  75 / (32  )   
4294967246  30/   ( 54  )*(37)  -50  
4294962245 (    83- 64*81    +50 )
99    2  *  40  +  18  +    90*80  /  61    /  ( 54 +  37    )  
6   (6  )  
3886  (( 29)  * (  35  + 99  )   ) 
2670   (  89* (  (30) )) 
30 30 
4294967287 (  (   16 /  30  -(9 )   )  )  
4294967238      ( 67 ) / 84  *31  - 58  
12 12
4294963754  (  ( 75+  79  )*(   73- 96 )    )
69   69 
70  (  70  )
80 80
84   84
91   (  99 -  16 / 2   )
29 (  29  )  
0   21  / 61    
58  58
1622 ( 2 +( 30*  54   )  )  
74   74 
2418      96 - 55 +  49 *  50   -   (7  )-   35  / 9   -63   
97    97 -   21  /34 
59   49  + (  10 ) 
27   27
125    30-(  12  ) + 3  * 52    - 49 
82 (  34+  48   )  
32     (   (71)  /(  63)   )  *  (    ( 79 ) - 47   )   
138     (  ( 79)  )  -  (  37 -  (96 )  ) 
56513546       11  *80 + ( 74)    * ( 15-78  )   /( 76  )  
44  (  ( 71 )+ 13 -  (   2 * 20  )   )  
23430   (  30*(   71  *  11)   )
25 25 
247     (   91  /47  )+  ((  41) )   *  6   
0  ((  (21)) / 92*60   /  (82  )     )
178    ( 74) * 63  /(80)    *   37 / (12  )  
31  31
71   71 
80 ( (57- 69  )  + ((92  ))  ) 
34  (34) 
141  ( ((45 + 96  ) )  ) 
28  28
78   (  78  )
80 80  
0  (    64+ 73  / (  7  )  )  / (  62 *(31)  )   
50   50 
4294967289  22  -(( 29 ) ) 
1   45 /  (    24  - 46/ 73      ) 
70   ( 38  )  + (32 )  
33 (  ( (    33  /  1  )  ) )
21    (( 20  ))  -22 +   23 +  ( 46)   / ( 56 )  
15   15
4294967277     (  87 /  88 )*    (  36  )  *  57   /   44-19  -51   /  20  / 66
99 99  
81  81
53 53 
69   69 
65636   61* (    26  *  44   -  68    )  
4294967279   ( (   (54) -71 ))
9459      7  * (85  )+(  (  96  ) ) +  28 + (  92 )  *95     
1507 ( (84 ) * 17+(79)    )  
99 (  (   82  + 17) )  
4294967290 14  - (  20  )  
95  95
30  30 
91   ( (  91) )  
67  (  67 ) 
0   56/   65  /(  40  /38  )    
59 59
4294967184 ( 30/ ( 80 )-   28*  4  ) 
18   18 
182 (( ( 95+  87 )  )  )  
187    (73 +1  )  *     54 /  31   +  (  59  )  + 0   
194712  ((61  *42  *  76  ) ) 
49 49  
3  (3 ) 
19 (  19  )  
93   93
0   0 
71  (  ( 71)  ) 
98  98 
23  (  23)  
56   84  - 28  
50 ( 50  ) 
52 52
66 66  
19  (85) -66 
677990   ( 5 * 84    *   26*62     )  +(40 +  55  )  * (  ( 10  ))    
4294967293  (19 ) /  (13 ) +   9 /  (  47)    - 4   
37   (  (  (  37  ))  ) 
45   (  45 )  
3   3  
68571          68 * 42   *24 -  7      +  94-94   + 34 
26424  6  *  (( 59  )  *74+  38  )  
63  ( (63  )  )  
8   8
20   (  (  20  )) 
0    ( 2)/ 60/   49*90     
1085   (  (( 31*  35  )) ) 
78 78  
1063   (  18 )*   54 +  (  91  )  
13  (  13)
6      (  6)  +  ( 84  )    / 27    /( (  95  ) )   
73   73  
35  ( 35  )
6079    68*   88 +  7    -   62/9  +(  94 )  
4294964408   (    (( 76) )  * (   14- 52   )    )
19   19
81 81  
75 ( 75  )  
81  81  
81   44  +  ( ( (37 ))  ) 
80   74 /   ( 22  ) /  (7  )   *   ( 79)+( 80 )   
107374182  (   (30 -  45    )  /  (40)  ) 
31  31
2  (  ((  2) ) )
2965     (( 62  ))/42   +((  57* 52   ))
101  84+(  (  ( 17)  )  )  
0   19/ 35  
4294967180   (  (   72  -  91   -(  97) )  )
44    62  -  18   
51 51
4294967215   (    98 *19  + 18)/  60 /94 *(  91  )  /   64-  81     
26  26 
34 34
2   (  (   69 -  39)  )  /  (15 )    
76   (  76  )  
1  ( (  1) )
32 32 + ((22  ))/  74    
60  60  
20  (  ( 20) )  
0    ( (  30 )  )  /  ( (  (  79 )))   
39  (  39  ) 
29 (  29) 
58   58
9727    (   93 +83    ) *  (  55)  +47     *( (79  )/ (  69  )  )  
4294967200     (  19 ) -  87-  ( 28)    
65   ( 65 )  
43 43 
50       ( 65) *  41 * 8    /  (  33  + 25 )   /    13  - 9+  93  -(  62  )      
36   ( (  (68  ))  +  63  - 95   )
19   19  
93   93
24  (  ( (  ( 24 ) )  )) 
1086     (71  )*    17 -23 -98   
86 86 
48   48 
3  3 
1    4/  (   1+  24  /12  ) 
4785 (  (  (87)  *(55  )    ) ) 
11   ( 74 )- 63    
31  (31) 
4294965558     ( 70  )  -( 49  ) * (37 ) /(  1)  +  ( 5 )  
1824  32 *   ( 55)  +64  
21 21  
4294962099   81- (  (58) ) *  (  (91  ) ) 
29 29 
69 69 
38  (38 )  
551   19 *1    * ( 29)  
37    ( (77  ) )- ( ( (40 )  )  )  
649    ( 27  ) *  27  -  64    *25/ (22 )  - ( ( 8 ))   
4294919857  81 -   ( 30  )  *  33   *  (( 48  ))
184   ( 92 )  +(( (  92)))   
53  53 
4294967270    75  -  ( 86+59) +  44  
23 ( 97  )  *  12  /50    
45  45
39  ( 39)  
24 24  
74 74  
94   94 
93   93  
85  ( 85  ) 
35 35  
69   69  
46  46 
45 (  38) +  (  7)   
1   (  89  /  49   )  
36  36  
382207   39 +(   67* 92   )* (  62)  
37  ( (( 37))  )  
0    24  /  92   
298   53 +    (81  )* 92/35   - (30 )  +    42*47   /31        
2  2  
0    23 / (  27  )  *  (  1 ) 
888  ( ( ( 24*37   )) )  
5808   22 *  33 *8   
55  (55  )  
760     (  29 )  *  31 /  ((83) ) *76 
115  (   58 +    57-  ( 0  )) 
50   50
4294967289      (( 89  )) + 74  -( 95 )  -75  
7825   97*    80+  65   
4   54/  13    
84   84 
4294967250  9 -55 
0   49 / (90)  
14 ( (  14)) 
66  48+ ( 2 )  +  ( 16  ) 
9   ( (  ((  9  ))  ))
4294967264  (    25*  40   /45) -  (  54)  
10 (( 10 ))
28  28
24   24
34  34 
32 32
48 48  
70466   (   ( 37  )-  52 *27 ) +    (  25)* 41 *  70 +83     
55  (( 26  + 84 ) )/ 2  
24   24  
85 (  ( 85 )  )
59  59  
44   44
95  ( 95 )
117  (    (  50)/  26  +35    +  81  )  
49 49  
4294967283  (  ( 26 ) -( 49  )   )+  5*( 64 /  24   )   
14   14 
53 53
62 62
22 22 
3 ( 3) 
11 11  
0   9 /( (  (  71)) ) 
65 ( 65 )  
1   (    93 +43 - (  26)  )/ (  95 )
4294964284     ( (34-  68 ) ) *   85+  30 -  43 /  9  *38      
19   (19 )
51   51  
73   73
0   (  (  60/  55   )  )  /96  
4294965641   (   (  (  45  )  )  - (  50*34  ) )
10  10
0 (   22/ 84   ) 
26   (  (  2  )*4+ 88  )  -((  25  )+   81  -  36 ) 
69    38 *    10/( 9)  +  27   
2400  30*  80
20   (  (  20) )  
1846  (  89-(  63)  )  * 71  
2261 (  ((  71 ))  )+ ( 73 * (30  )   )   
74  74 
60   ((80 -  79)  )* 60  
4294967185    (  39)/ 62  - 48      -12 -  51  
1840  68*  28 -  (64)   
984    ( 45 ) *   24  - 53-   17*2    +  84- 93   
44 ((( (  44)  )  ))  
332 (    72 +21   +  90+     95+92  -  38   )
54  (  (  (  54  ) ) )  
89  89 
71   (  71  )
27  27 
41  41
48   ( ((  48)  ))  
10 (  ( 87 )  / 8 ) 
87 (     (61)  + ( 26  )   +  46/  62    *    65*  92   ) 
36 36 
17  17  
3313    (( 73 ) )  * 45  + 28   
26   26
4294967233   (  3  - 44 /  58 /33      -  66)
63  (     19  +96/(74  )  +  43  ) 
11   (    20 +50   -92 +18   ) +27  +    (  52 )  -  (64  )   
34 34
34   34  
4294960745  56  - 72*   ( 45) -  91  * 37       
67   67  
14  14 
84    (  (7))  +22  + 55  
602 ( (   (  23) *   22  + 96     ) ) 
72  (72 )
4294966818   (      49 /  (94)    -  16* 34  +  ( 66 )   )  
4294967241 (  (27  )  ) +  (   4 /  2  ) - 84
135  ( ((47 +  88   ))  ) 
0  ( (7  ) )/  ( (  53 ))  * ((   93*  42)  )  
58  (58  ) 
34 34 
65 (   ( 23 )  + ( 85- 43    )  ) 
4294964737    4+     19/ 81* 15  -85       - (   75 *    34 -72  )   
4294967270 (   ( 81)-  ( 71)-(  10 )- 26)
4294967280   ( (     51/ 50 - 17  ) )
147    (  62+ 47  )  + 38   
11968  88  * ( (  53+  83  ) )   
56 56  
5457   66 *  (84)  -  86  - 34    / 23 
0   (  ( (12/  94 ) ) )  
14   20  * 55   /77 
46   46 
50   50
0   ( (  37 )  /  (  62 )  /55   )
3    6 -((( 3 ) )) 
2349    36 * (  27  )  * 87   /  36
2652  60*44 +12   +  (  65 )   /  (  84*71   )  
3132  36 *87 
3003   (  (  39  )  *  77  )
17 17 
56   30  +  (  (26)  )  
4294967253   17- (( (  60 )) )  
1   86 / (  57 )   
64  64
56  (  ( 56  ))  
70 ( ((  (70))) ) 
23   23
124    ( 88 )+36  
4947    ( (  84 -33  )  )* 97  
88   88 
720   20*(((  36 )))    
95  95  
45   (  45  ) 
7482521   ( ( 46-73   ) )  / ( (7 )  *82 )   
0     (( (49))) / 91   
68  (68 ) 
28   28+  ( (  47/  63 )  )   
56  56 
0    (  58  )/ 28 / 10   
27 27
3418   (    ( 52 )  * 65 )  + (  65* 20    ) /  ( 34)  
74      74 -  60  / ((  42) +   56  *  82   )
48 48  
39327  52*    54 * 14 + 15+ 47   /86    
38  (  (  29  + 9   )  ) 
90  90
18 ((  18 )  )
492   (   27 +  8  )  *     28+  16  -  (72 )   * (( (  7 ) ) )   
6043   37+ 78  *  77  
79  79  
64 64  
66 ( ( ( 66 )  )  ) 
60  60
689   94 * 44  /  (  (  (  6  )) )   
38  ( 38  )  
5610  (  ( ( 66  )  )  ) *  ( 85- 60 / 92  )  
4294965712    ( (  62) ) - 68  /50   *     16  *96  -   84  + 43  -  94 /  3 - 38   
59 59
1 (  1)
11  11  
67  (     (69 )  /  ( 18 ) +64   )
110880  35 * (    (33 ) *  96   )   
76   76  
28   ((  (28  )  )  )  
0 ( (    34/94  *(2  ) ))  
50 50  
0  ( (25 ) )  / (  76  ) 
51  ( (( 51  )) ) 
27   27 
79  (    47 *  50  /  (  84 ) +  ( 52  )  )  
4294967257 52-91 
17 (  17) 
1266    33*  40  -  92-  31  + 69  
3  ( (  (  96) ) / 31   )  
2993   ((  (  41)  * ( 73)  ))
46    ((  46)  ) -  ( (  8 / 85    ))
17 17
87  87 
0    41 /  52   
0 (  (  8  / 76 /43  ) )
72   (72 )  
8 8
193   26  *   7  +75/67   +10
97 97 
0  (  ( 4  )  /  26 )
42 42
18  ( 47 - 29 ) 
14       47+  5 /(  32  )   /  9  *  43    +  ( 62 )     /  (  ( 79 ))-  (   88  -  55  )   
4294967174    ((2)  )  - 98  + (72  )  /   ( 3)- 40 +90-  (   58 + 42   ) 
28   (14  ) *(( 2 ) )
65   ( 65  )  
54 (54 )  
56   ((  81-  85  +60   )) 
81   ( 82)-   (    45 +86   )  / 68   
209907    94*   (  36 )  *62 + 74 +  25         
0  22 /57*   20/ 11- 5 /  70     *  (  59 )  
7140 (  (  70  ) * (  58+44  ) ) 
0    (  91 )/46    * (    4  /13   )   
101    ((( 40 )  ) ) +61  
0     52  /   65  / 84  
21 21  
3466      ( 35) *(99 )  +52    /28    
77  77  
81   81 
672111 ((   73  * 93  *99      ) ) 
79   79  
0  (   90/  53   /(  25 )*  5)  
93   93 
59   (59)
13   ( 96  )  -   ( 59  /90    )-  (  83  )  
0  (  (( 7  )) )/33  
79   (  (( 8  ))  )+  71   
280   ((   (  10)  * (28  )   )  )  
6327     ((32) ) * 60  * 87/16 /  61   * 37  
11   ( 11 )  
13    13 +  20 /  33 *44  /( 36 )
2559    46 *      57 -63 -(  10  )/   96*  ( 4 ) 
93  93 
17  (  17  )  
1   (    ( (54  ) )/47  /  2    +  18/ 10    )
96 (  ( 96  )  )  
1    (  ( ( 44  ) )  )/  31  
8  ((   43 /(  5)   )  )
4140    90  *  46   
92    31/  12 -(  42  -75    )  +57  
19 19 
99   99  
274     ( 90 ) /(  41/24 ) *   12/   3-  86    / (   88 / 80  )   
81  (81  )
46  46
81   34  /    ( 92)*  81  +  81 
47   47  
54  (  54)
4294963977   (    (45  )  -96 *35   ) -( ( (4 )  ) )  
444  ( ( ( 37 * 12 )) )
27   27 
4294965544    23+ 8* 17 -  39       * 49
66   66  
17  17 
97 97 
93 93  
83  83 
55 (55)  
5  5  
59 (59 )
4294967280   68  -72  -  (12  )   
6059   55  +(  79*76    )   
94 ((  ((  94)))  )
2600     (65)* (  98 - (  58))  
214    1  *   (  (  96 )  )  +  ( 76 + 42  )     
12   12  
90 ( ( 90) )  
90 (  (  (  90 )  ) ) 
4294967193  67 -  ( ( 74  ))- 96   
4294964836   (26 )/   22  / 98    *  94  - 82  * 30   
502   13 *   (33  )  +  73 
4294967282    50/ ( 90  )  -  14  
8  (  70/ 8  )  
4294963741   ( ( 5) ) -    (  6 )+(  52  )   +( 32- 66   -   38 *94  )
0 0  
3  (  59 / 17  ) 
129   (  (  94-  31  ) )+ 66   
25 25 
64 64
16  ( 16)
13  13 
47   47 
4294967268     (42  )- 70
2485   (  71  * ((35)) )  
91  (91  )
90 (90  )  
0   (49-  (49  )  )  
93    96-66  / 52   -  (  (2  ) )   
56 ( 56 ) 
1018       30+  (37 -  24  )   *  (76  )   
0   (   14 / (84)    +( 16/ 45  )   )  
104    ((  ( 99  ))  )  +  5  
0   0  
89  89
4294959504 (  ( 65 )  -( 97*81  )    )  
81  81 
61  61 
125   67 +58  
1050 (   ( 50 )  * (( 21  )  )   )
4   4
102    56+  46  
40  40  
58  (58)
0 ( (    11 /76  ) )  /    56 / 1  
23  ( 23 )
33 (( 33  )  )  
88  (  88 )  
49 49 
56 ( (56 )  )
98 ( ((  5+ 93)  )) 
0     (  (  0 ))  *  64    
14 14  
71  (  71  )
60   (  60 )  
22 (    45 -32+(  9  )     ) 
37   37
70  70  
59  59 
5   5
115056 ((  17  *  24   )  ) *   6*47   
47197451     43+ ( 53  -  93  )    * 77 /91  +   63  /  36    / 29    
53 (    33  + 42   - 22 )
4136   (    75*  55+  17-6  ) 
60  48+  12  
90   90  
31  31 
96    98  - (    96/ (  47 )  )   
78 (  (  78 ))
100  ( (  86  /60   )) +    (28 +71 ) /1    
17214 (   72  +  42    )  *((   93  +58) ) 
23 23 
81   ((  23+  23   )+  (( 35 )  )   )
27  27 
73 73 
2355   ((   3+  24   *  98   ) ) 
43   5 *  (87)  /  10   
12 ( 12 )  
43 (  43  )  
54  54  
4  (  ( 76)-81   + 9  ) 
74   74  
46  46
39  (  39 ) 
78  (  78+  ( 21  )/75    )  
96  96 
0     (  10 + 27    ) /  83 
72 (  72)  
68  (    ( 81) -   (  68)  /(5  )   )  
60  60 
4294966719   94 - (  61) * (11 )  
46 46 
1   37 +   (  40)-15  +  6- 67 
190  (  ( 79  )  +  (38 )) +   39+ (  34)     
0  35  / 50 
2686   28  *99-  86
17  (17 ) 
24 24
85  ( (  ( 84)  )) /  (  (  86  ))+ 85     
4294967277   ( (  (  54) -73 )  ) 
2970  (  ( 55 )  *( 54 ) )
17 17 
4294967166    6 - ( 66 )   -  (70  )  
3808 (    (  12  +44 ) *68   )
1682 29  * ( ( 58)) 
200808 (   ( 55  ) *(83)*  44-  52   )
94   (  94)
707  (   ( 87) *   9 +6    )-(( (82  )) )   
27   27
92 92  
95 95 
1  45  /30    
9 ( ( (54) ))/ (    (60  )/9)  
4294967295   51 /  64 -32  + (50  )  -  19   
158 (44) +  60 +54  
64   (( 64 ) )
61 61
1    98  /89   
38 (  67) +  89 /   (  86 ) -  30    
21   (21 )  
4294962720     12 *( 2  )- ((61  )) *  75- 25 
37  37 
87 (   2 /  77  / 49+  87 )
84  84 
49  49  
20  ( (  20  ) )  
1 (      16 /14  -  (  78)  / (  58  +55)  )
4294967274  (    57 -  37 /  (  68 )    )  /     84 *89   *  84-  5     - (17)     
473 ( (  8  * 68   ) - (  (  71  ))    ) 
95  95
4294964417  64  + (14 )   - 46*    66+81  -    52/ 18      
78   (  ( 27 * 60  /  97 +  62  ))  
0 ( (  55/   58* 83  ) ) 
144   99  +  45
18  18 
38  (  2  / (  16)  + 38   ) 
4585 (    64*73   -  (  18  ) -(69  )    )
65   65
123194   (      23-  29 + ( 56)    * (40) *55)
45 (45  )  
27   ( (  27  )  )
54 (54)  
4294966290  (   58 -  14   *(( 76 ) )  )
14   (  (  (  18  )*52 /  66    ) )
79   (79) 
31  (31)  
74 74  
103  ( (  (    85  +18    )  )) 
23   ( 23  )  
0   38  /(  (  83 -  31  ) ) 
131  70+ 61  
6   30 -  24  
1698  (6)  *  (    7  + 46   *  (  6  )  )  
16  16  
2440   61*  40
44    (  12 )/ 13 -    13+57  
4294967272   ( (     14/ 44   -  ( 24  ) ) )
3  (   32-(  29)  ) 
0   22  /( ((40))  )   
1   (26) /  ( 19)   
47   ((   57 -18  /    88 -10) )
61 61 
85   (  ( 84 ) )  + (  (  91 ) )    / 71   
10  (  10)  
221   ( 64 )+ 94  - 1   /   ( 13  )+  (  76)   -    59 /   (  76 )-( 13 )    
79  79
4   4  
93   93 
99  ( 99 ) 
106  (    13  + 29  )+ 1  /    89  + (64 )   
20     ((  ( 93  ) ) ) -  73  
16   16 
4294967286   74 /    (  50) /    72  -  83    + 73
23 23  
80 80  
0  (   88  / 94 *  (  42 )    /  52/11   +  2 /67    )
85   (  32)  +( ( 53  ))
2849   (  (   (37) * 77   ) ) 
20   20 
1408  (    32  *  44    )  
6 6 
0    26 / (    (31 )/ 13*72    )    
140   ( (   84 -  5  ))+61   
4294967086    (   98/ 93  -(  75 ) ) -    58  - 78  
6120     72 *(((  85) ))
35 35
81  81
3   48/( (  (  13)))  
84 (  ( (  2) * (42) ) )  
86  86 
10 ( 10  ) 
4294963089   (      67*(28)   +     8 /71  -   79  *  77    ) 
1 ( ( 30)/(  (  23  ) ) ) 
56   56  
4   4  
118   (92 + 15  ) + (  ((  11 )  )  )  
73  73  
4294964944 (98  )-  (98 )* (( 25))   
91   ( 91  )
4294967261   19  + ( 46  )  *  10 /  (63)  - (61 )    
59 (  ( 59 ))  
24   ( 24)  
1941    (   17  + 76    )+ 28  *  (  66 )
32  (32  )  
69  69
61  40 +  21   
85 85 
46  (    62  -     57-  48  +89   )  
22 22 
48   (48)
2 78  /  31
11 11 
26 (26)  
40 40 
11  ( 35  - 85  + 61 +   62  /  74      )
60  60 
74  74  -  87 /89 
5742  87*  66  
36  (36  )
143345  (     17*23 *  4* 92   ) +   93 /  ( 11 )   -(  19  * 29   )   
0 0  
44  44  
142   91 +  64-  13  
4294940696    (   37 -  57 )*  ( ( 70 ))  *( 19 )  
5912  (  ( 75*78   + 62  ) )
81  81
80   (80  )  
41082750  75*  (62)    *95  *(93) 
3  3
160059  26 * 81  *76  + ((  3  ) ) 
38   (  38  )
52   52
8  (   67/  ( 64  )    +7 ) 
33   33  
1 ((90 ) /66   )  
79     9 +    ((  14  ) )*5  
82  82
4294967277  ( 59 )-78   
16 ( (  ( 16 )) )  
47   (47) 
18   ( 18 )  
35   35 
252      94+   97 /58  + 59  +98  
83  83
55  (((  55)  ) ) 
31 31  
174    70+  ((   77 +27    ))  
47 47 
48  48
80 (80 )
134   50 + (( 84) )  
36  ( ( (  36)  ) ) 
840 ( (  60*14    ) ) 
74  (  74 )  
90 90  
2522   ((  19  )) -   89+ (  48  *  54  )  
81    (  36 )+  49  -  (  (  43  /10   ) ) 
4294967253     34 -77   
69 69  
0   (  (  44 /51 )/(  ( 37))   )
83  83  
75   75
89      (  26 *  29  ) / 47 +73
3  3 
4294967223  14/ (  5  )  -  75    
16  16  
42   ((42) )
32 32
61  61 
4294967280   (   (61  ) -  77   )
55890 (  (  ( 23  ))*  54 *  (  45)   )
31 31 
4294967264 ( 40 /    79  -  98    +66)
1 (  ( (66 )  ) ) / ( 42 )  
1   74 /(67)  
27   27 
93   ((25+ 68  )) 
62 62
4294967286  (  (  ( 26-36 )  )  ) 
27 (  27) 
32 32 
1   ( (  1 ))
8276175   27 *(67  *  61  )  *( ( 75  ) )   
0  (  84 ) /  98
43 ( 43  ) 
1   (  46 /(  68 -  39   )  )  
4294967272   (    87+85   /(98  )   -     21  *  73 /71-90  )  
4294967140   47 /    28 - 26- 21-85 - 25  
64  ((  (64  )) )  
0   ( (  14 ) /(  18) ) 
4   (4  )  
50  (  50 )  
90   90  
62 (    71 + 71   /   67/69 )-  ( 9 )
4294960573  71 -  (  95*71  +49     )  
77        (89  )-12 + 55  /  64 -  0   * (6 )  *  ( (  0 )  )     
90 (  90 )
99   (  99  )  
4294895607   (    64 +67   ) -(  12  )  *(   ( 63  )  * 95  )   
52  52 
72   38 + 34  
4294960587  41  -(  75  *(90 ) )  
73  (73  ) 
80 80  
0 11/50
68  ( 68 ) 
67 (  ( (67)  ) )  
7     92  * (96  )    /(22 )/ (  57  )    -  (  64 /98  ) 
17 ( 17 ) 
3348    ( ( (93 )))* 36   
0   (  (  12 /20    )) 
69  ( 69  )
34 34
113       53 -  52  *   81 /66 -   79 /  50 -     17/ 32*4    +92+(32)   
53   53  
5760  90  *(64  )
1521   (  75  * (41  ) -  21* 74     )  
28  (  97-  69  )  
99 99 
26 26 
0    (  (66 )  )  /(   5+67  )    *78
29   (  36  *  86  ) / (  (29  )+76  )   
48   48  
2  2  
640 (  (  (  80*8  )) )  
15  73*  (  15  )  / ( (69) )
4294965504     32* (   (22  ) -  (  78 ) )  
4294967109      59 /  48   -(52  ) - 66 - 70 -  ( 37 )  / (   59  + (95  )   )   
4294965522     (46) -  22* 82     -  57 +41  
17  ((17  )  )
94  94  
4294967256  (  (  (  57  ) -  97   ) )  
192   4 /  14 / 70  / 17  +2   * (96  )  
46    50 - 4
252402    (  59)  *( ( 62*  69   ))  
9      ((80) )+(  (3  ))+  78  -(    92 + 60   )     
803 (  41  + 9 *  84+12    -   ( 9) /12 -  6     )
38761     97*  71  +24   + 65 *  7   *  70  
53  53
13   13  
24 24 
38  ( (38  )  )
77   (    57*  36/ 16  ) -  ( ( 22))/   76* 69-51    
109  ( (  58 )  - 45/45  *   80/25   +54    )  
20 (20 )  
770    ( 59 ) /(  4  ) *(55)    -   (  11) /78   
64 64  
95   95 
4294967293     ( (51))/ (  36  )  -61  / ( (13  ))  
10  (80  - 70 ) 
2  ( 2)  
41   (  67 )  -  26
98  (( (    27 +  71   )  )  )  
1116 (  36* (  31  )  )
4294964019  (  (  68 +18  )  -( 57 *59    ) )
5 5  
88   88  
58 ((((  58)  )  )  ) 
32 32
10   (  10  ) 
46  (  (  78 -93  ) )  +61 
2386   ( 32)  -   ( 11  )  +  81 *28    +  97     
412       ( 40 )+ (21  )   +  ( 13 )  *(27 )    
48 48  
51    76  -  (25 )   
4294967243  ( 11  )  -  64  
53 53  
16  16  
20 20 
4294967124    (   21 +  86 )/80 *      (85)  / 16-  37 -  5 * 28     
16 (   57- 41   ) 
69   69  
10 ( 10) 
97  97  
648 (  72 * ((9)  ))
188  (   53+61  +  70 )+    (  94 )-90      
89  89  
36   ( 36  )
0   ( (    37+31 ) / 73 ) 
97   97  
10  10
783    42 +   82 *71 /  6  /69   *   (   88 -  45)  +  67  +   4 +  68      
94  (  ( 94 )  ) 
52   ( 52  )
873   ( ( (    97  *  9   ) ) )
148      16+  88 + 26 +38    +(  0 )   -(  20  )    
60   60 
11   11
10  10 
10 (  (  44  -  (  34)    ))  
0  7 /  ( ( 16 ) ) 
15   15  
76 76 
73 ( (  73  + 1  /  ( 40)  ))
8 ( 8  ) 
1924    (  37 )  *  53    -  73  +  36   
23   23 
6  6 
76 76 
164 (83+  ( ( 81  ) ) ) 
9  (9  ) 
81   81  
0   11  /   78* 0    
3042  ( 69 * 44    -  ( 16  )   ) + ( ( 57) )  -(    71/2  )    
68  68  
4294967280    ( (  76 ))/  89+   42  -   21-  35   -  95  /  44    
56 56  
40   (  40  ) 
86   (  (( 86  )  )  ) 
45   45  
1104   12 *  92  
658   (((47*  14    )) )
23 23 
131   ( 81 + (50)  )
4294967265  (35  /   13+9    - ( 42)    )
25   25 
14   (  (  14) ) 
161  ( ((87 )))+ 74  
6   (6 ) 
13 (69 -  56 )  
44  44
36  ( ( 36 ) ) 
14   14  
2042   ( ( 21* 97  ) )  +  (5  )   
14   14  
9 (  9 )
49  49 
668   18  *   ( 80 - 45   )+  38    
76 (76 )
1161      ((12  )  )  * ( 36 * 78  )   /(29  )  
0   27  /  51   
0    32 / 96   
4294966450    (    (  28 )  /35+12  ) - ((39 ))* 22     
99 99 
52 (  (  (  66)- (14  ) )  ) 
55  55  
1     30 *37 /  (   97 + 34 *(  27) )  
35   ( (  35) )-  ( 23 )   /(  (  91))  
24 24 
22  (22) 
37      ( 88) - 80  -  1  * 13 -(  31) + (  ( (  73  )  ) )  
1386   (33 )  *((( 42)) )  
837     (58)* 15- 33 +  50  /38 / ( 90  )     
8   8  
35   35 
55  55  
9 9 
17  ( (  17  - 27  /(  64  )  )  )
2618   ((   (34 )  *  ( 77 )   ))  
56   56
4294965509 (  (  55 + 30    )-    24 * 78   )  
43  (  43)
5834 (  70 *  82   +  94    )
4294967273  (       93 /  62  +    46  -91  + 21    )
4294967229   17  -  ( 84  )  
450   ((    78 -  28   ) )*  9  
56 56 
4 (   89  / ( 19)) 
22     6  +16 
128   (  89 )+    (35  )* 52   /  98  +  42 /  2     
0  30/( ( (  73  ) ) )
33  33 
3006      57+(  94  )   * (  97* 22  )/  ( ( 68  )  )     
4294966321   15 - 57  /  5* ( 90 )
0    66 /  ( 80 )  
4294964086      42-  65 *50  -  (  80) /36 
7 (    11+  91 +(2  )   -97   )
7   7 
94   94 
63   40  + 23  
43927   (  9)  *  73 *   67-  ( 92 )    
28  28  
84 84 
8839   (88)  /20   +   95* ( 73 +20  )  
4294967214   (   17  - 4*  21-15      ) 
90 (( 90  ))
55 (  55)  
75  75
83  83
12   (  (12  ) )  
63 (63)
0   (  ( (   70 / 74  ) )  ) 
22    75  *    ( (  40) )  /(94)  -  ( 9 )  
95 95
67  (  67) 
0    (  (   91 /9  )) /98  *  88 +  3  / 73      
52 (52) 
45   45  
18  18
41   ( (  68 -  61 + 34 )  )  
112    56 *2   
90   90
0  ( ( ( 24  )  /  75  / 28   ))
15  15 
96 96
95  95  
15 15  
40  16 +24  
989 (   43 *  ( ( 23 )  ) )
60   (( 60 ) )
6  6
41 41  
90  90
94   94 
2  ((  84  / 77   *  2 )  )  
18   (  98/  60   + 62 - 71+ 26    ) 
55   (55) 
49  49
17  17 
29   ( 29  )  
4294967222  (   15  -  (  89)    )
37 (  37  )
9   9
77 77
137456       44  *  71  *  44 +  36   /  ( 58 / 1 ) -  (  ( 21) /  (  87)   )
46 (  (  46)) 
91   91 
49  49  
63 63
84  84  
15 15 
79   79 
164     23*    50/  7 
91  91 
40  40
71 71
7 7
3     (    59/ 19  ) *  28   /(  ( 24) ) 
2160  40 *  54   
327  ((97 ) +  35 )  +  (    (  13 ) *(  15 )   ) 
42 42  
60     75-(  (  (15  ))  )   
75  (  (  75  ))
186796 (    (    41*68)  *67 )  
6   6 
4294966450   37*(   20-  41  )-69  
4294967285     (  33  ) - 44  
62  62
0 (0) 
15   (15)
2050     41  * (  50)  
0    46  / (   (  76 )  +   91 /  88   )    
27  (  (((27 )) ))
28  28
103      (15  )*15  -    (60  +  17   )  - 45     
47  47  
829  (84/ 4 -  92 ) +( 20  *  45 )  
72  (  72)
54 54  
4294967203     15-37  -  33-  38 
0   55  /57   
602881755     (  87)*17* (78) *   78 *67  -( (  (  57 )))    
53  53  
84   84  
79   79
43  43 
47 (47  )  
117   (  ( 68  * 88  /  51      )  ) 
50 ( 50 )
83  83
34 34
0   (  5/     46 /  90   /  67 ) 
49 ((49)  ) 
73 73  
62   62
284   ( 86 +   (76  ) +  98 +24   ) 
19  56- (  37) 
49   49  
10 10 
63   63  
52 52  
4294967257     98 / 92   -  (      77  *51 /97  )   
14   14 
30 (  30 -   18 / 47   ) 
24  (24  ) 
59    (  68  ) /71   /  32  +  80  -  21
4294967289  13 +  (  44  *18  )/    88  /   (61 )  - 20    
17 17 
70  70  
0  ((  (1  ) ) )  /  (  (72 ) )   
1540   45 +  ((  65 ) ) *  (  91 -  68   )    
32 32  
25 25  
24  (  (24  ))
7   7
2668   (    (  84 )  -  54   )  *    (  89) -2     
4294965447     ( ( ( 57  ))) +  (   54 -  49  *  ( 40))    
8  8 
55  55  
27   27 
88    (  1  -  27 )+ ( 97 )   - (      3 -93  + 73/1    ) 
14  ( 14)
79  (79 ) 
21  (21)  
4294967196   (  38) -   32-29    - (  (1 )  ) -  (  84  -  8  )
52   ( (  52))  
69   69  
32   32 
330 ( 22 * ( (  15 ) )   )  
76 76
73  (  73 )  
17  17
4294967290    ((  21 / 19  ) )  - 7 
117 (  (   5- 16 ) )+   36+  (92 ) 
70 70  
98  98 
59  ((    59-  32  / (43) )) 
4294967208        53 / 87 +(66) /19 -  91    
4294967266   (42  )*   99  *  35   /  93  /66    -53  
49   (  (49  )  )  
2490   (  (   38 *  66  ))  -  18
4360   44 *    (  82  )+ 13*58  -   (93) /( 40  )    
45  45
116  (    (19)+ (45+52   )   )  
39   (39  )
4294967260   10- 46   
91 91 
3 3
88  88  
4294967295    (    56 -13  /  ( 39  )  )+   ( 96  )  -    89-(64 )   
21 21
40   40  
260    70  + 13   + (  98  / 32    )   * (  59  )  
41 41 
99   99 
1   64  / 63
50  50+  ( 0  )*  ((  65-  60) )   
17  (15 ) + (   (88)  / (43) )   
20  20  
86   86
36  36 
54 ((   8 /  38))+ ( ( 5)  ) -  (  43 -92 )  
3  ( (3  )) 
4294967245   38 -(89  ) 
1   (  ( ( 71  )  )  )  / 60  
2062     77  * 27    -  ((  (17 )  )  )  
4015   55 *( 73)   
1   1  
4294242416    (   12- 25    ) *41 * 34  *  ( (40 ))     
25 (  25 ) 
6    ((    9+ 83   )  )  -86    
269    ( 58+69   )* (   56  + 82  )/  65  
41   41
4345   79 * 55  
66    88-(22)  
5310      ( 66+  68   )  *   15 -   10+ 48    +   (  38  )*  88  - 89+  28  / 4      
47 (47  )  
88   (  88)  
8 8  
88   ( 88  ) 
0 0 
4294964165  (    (  43 )  +   45 -  37    *87   )  
41 41
77   77  
56 56  
87   87  
26  (  26 )  
4294962898   62  - 92  - (  ( 84 )  * 52  )   
164 ((    (98) +66   ))
2646  (27 )* ( ((  98  ))  )  
43   43 
79  79  
57   (  61 -4   )  
24 (  24  )
474  3*    (  77  ) *( 2)+12
1 (  59)  /  40 
0  51  *69  /(  ( 83  -  85   ) )  
85 85  
6 6 
4294967203    62  -  71 - 84   
10  (  67 ) -57  
71  71
1914 ( (  33  *58   )  )  
85 85  
4294967212     (  16-  62) /  (  0 -  50   ) - 85
54   54
40  40
81  81 
5346   81 *  (   83  + 89  / 26  -  20  ) 
6831   69 *  99  +   99/ 61  *    19  / 82     
38   (    67-(84  )  /  ( 48)  *(29  )  ) 
47   (47 )  
41 41
4294967256    ( 18 ) - ( (  (58  )  )  )  
134   44 +   15+  88   *  80  /( 93  )  
94  ( 94  )
76  76  
4294967100   (  22-  88   -31    )  -(   ( 50)/ 10 +94   )    
0   (  26)/  29
256   13 + (  81  *    9  /  3   )  
77    (  73 )  +  47 /11
0   24/  ( (  94)  )* ( 81-  39    )     
196      ( (86 ) ) +  46 +64  
0 (( (  1) )/  67)  
57   57
4   4 
3257    ( 85 *38-    53/23  )  + 29   
8  ((    (80 ) -( 72 )  ))  
2364   (      52+22  *35  - 58    + ( 25*  64  ) ) 
49  49
4  4 
95  95  
729  27 * 27    
10 ( (  ((  10  ) )))  
21  ( (( 21) )  )
1634  ( 43 *  38   ) 
49  (49  )
54   ( 54  )  
1     ((93 ) )/  80 
43    (  0 )- 69  +((21 ))+  91 
92  (  96) +84-(49 +39   )  
57   (  ( 0)  )+  57   
26 26 
63   63 
0  (     14/79* 86  /((  96 )))
9199     93*  99   - 40  * 95/  92  +4      + ( 45 )-  (  16 ) 
77  (77 ) 
97 97
45     ( 19 )  *  0* 29    - 32   -(   58  -71   -  (64 )   ) 
78 (  (  (   26  + 52  )  ) ) 
53   53  
90 90  
46   46 
30  ( (  (  75)  )  )  -(  91 /2   )    
36       5/58 * (28)    +  53   -  17  
2376 (  ( 45-44 )  *   25  / 76   +    72 *  33       )  
61  61
9   (( 12  )+  64  +   15 -  82   )  
0  ((61 )  / (  54+ 27  ) )  
94 94
3566     62 +    36*94     + 44 +  (      51 -20  +  ( 45  ) ) 
4294841644   97  -( 45 *  65  *   43 -  26 )    
7 (7) 
22   22
3762   99 *  38  
56 56 
0   (  43)/ 98  +   0/ 91    / (11)  
82  82 
133 (   (27  )+   (  30  ) +  ( 76 )      )
0  (12 )/ 94*  ( 61)   
22   22  
93     40 +88  *   12/  61 / 26   +  53
32 (32  )  
130      (0 )  -   10/  98     +   88  +  (  42 )    *  ( ( 16  ) /1 /  12   ) 
0   66  / 99  
34   34 
41   41 
4052      ((  23  ) )  + 79 * 51 
62   (62  )  
88   ( (88  )  ) 
2940  (( (  84  ) )*    28 /  48*  60    )  
22  22
4294961371 ((   22 -24)*(76)*  39  +  3   )  
28 28
4294967286 ( ( 19  +1    -  ( 30)) )  
71   (  (  71) )  
22   25  -3  
82   ( 82  ) 
81 ( ( 81 )) 
76  70+  6    
5447     93 *  ((  59  )  )  -  40  
85  85 
183 (  ((61)* 3  )  )
4294962434    (41 )  -6   *40   -      59*  79  -  (  64  )    / (  50 -23 )  
178 (   27  +(    66  +85  )   )
5   5  
74  ( (   (  75) -    88/67  )  ) 
0 (  (15 )/89  -12  / 19     )  
105    62 -(  60 + 90   )   /( ( 34) ) / (11)+(  43)     
4582      84*  55 -  (30 ) -(  8 ) 
89 89 
36   ( 36)  
55  (  (    (50 ) +5    )  )
1301   (41)+      32*  37 + 59   + 17 
0  ( ( ( 66)  ) /( ( 76) )  ) 
1   50  *(37  )  / ( 62  )   / 25    
4294967197      20 * (12)  /96  - (   13 +88 )   
92  92 
56 56 
315   (   95-  50  )  *  7 
4294595276    (66)/ 98/ 1    -    76* 55  * ( ( 89  ))    
67  67  
56  56
9   9  
48  ( ( ( 5 +43 )  ))
118  ( (   (  0 )+  82+ 36     )) 
63   ( 63) 
2497   36/( 13 +64  )  +   (67 )  +   30* 81     
40   ( 40) 
84 84  
1  ((1  )  )
86 86  
45   (  45 )
14 14 
87 87 
95 (   (45  - 35   )  +85   ) 
72   72
15 ( ((  41  -26 )  ))  
33   (  87- 54 ) 
3800160    35 *  32  * 87* (39  )  
58   (  20+ 38    +15   -15  )
669 (  (  96 *  7-  3 )  )
28     (  32 / 25  )/82  +50    -  (  (22  )  ) 
23 (  23  )
0    ( (20  ))  /(  ( 80)  ) 
183  ((  79 + 34    ) )+(70 ) 
0 (   ( 20) /   81 *7   /94   )  
60   60  
26   26
32  32  
97 (  97 )
44 ( 44) 
4294967168  35/    45  *  83    -33  - 95
4294967276   39  /  13  -  64+ (41  )- 0 /  40    
335724  41 *(    90* 91  )  -  (  10)  -21 -35    
64  64  
44   ( (  (44) *1 ))  
1     70/  55  
0 (   ( 65  )  /(48)   / 19 /  6 )  
83  ( (  83  )) 
71  (   6  + (  65  )  )  
87    ((  49 )  )  +  38  
6  ( 6  ) 
95 ((95 )  )
47   47
0   (11  /  ( 58 ) )  
2   ((  (  82 /29  )  ) )  
95 ( 95  ) 
7 ((((  7)  ))  )  
35  ((    33 + 14 / ( 5  ) ) )  
91  (91  )
64 64
160   86/ 73+ 71    -   12  / 11  /( 4)  +  88    
56  56  
20460    (  ( 22  )  )  *  30   *  31  
97   97
18 18  
77  77
0  53  *  (12  /41  /( 69 ))   
56    (  ( (17 ))  )  -( (    10 -  49    )  )  
72   ((72 )) 
4   4 
34 34  
4294967196   (  96  - 96*  88   / 43  )
47  47 
23 23
1478 37+(  ( 55 )  )+  ( 99 )*  14  
99   (((  99 )  )  ) 
58   58  
13680      (93 ) /18 *  (    38 *  72   ) -( (  54/  69 ))    
0   (  (17 ) /  46  ) 
85 ( 85  )  
98 ((68+(  30)  )  ) 
88  88  
1232      64 + 25 +(  48 ) +15  * (  73 )
0    ((  ( 18)  )) / (   96-94  +   46* 72  )  
23   23
4294967245   ((     37 -  22  * 4 )) 
4294960371     ( 78-55  )- (  82 * 52    ) *  (88) / 54      
11 11
0     30*     59/  72/  82    *  62    
44  44  
4294967165    (    32  - 66)  - 97   
23  23 
4294967238   39 -  97   
66 (  (  99  -52   )  ) -( (  74)  - 93 )  
66 95  *  32/((46  ))     
0   ( 13 )/( 33  - 61  -  21   )  
37  (37)  
75   75
56 56  
71  71 
449 36  +  ( (  88  ) ) +  32 *9 +  37      
13   ( 13 )
60  60 
61776  ((   27*  26 *( 88  ) ))  
48   (  ( ((  48  ))  ) )
4294967198      (86-28   )  /  66-(   75*  98   /  (  75  )    )   
0  0
2960 (    40* ( (74)  )  ) 
2818  (  41)* ( ( 70 )  )  -((  52) )    
99   (  99) 
4294967279    64  - 81  
2   2 
4294967259   (  (  ( 2 ) )  -  ( 39 )  )
52  52  
73 73 
46 ( 46  )  
79 79 
20   20  
88    54  +  (   98  *  32    )/  90  
55 55  
1   ( (  ( 97) /  89 )  )
124 (  ( (41+  83  ) ) )  
84   (    (10)/  84 - 9     )+  93   
14  (  (  77) -( (63) ))  
43 43 
93  (93  ) 
71  ((  71 ))  
43   43
51079      (  ( 34)) *(   43 *  35    )   -91    
51 51 
4294967156  (   (  24  +61    ) /   44 -  64  -77   )  
58   (  42  +   20-76  /16) 
4294964736    ( (  (  40 ) ))-  31 *  (  86 )  + 14+  52    
3485  (   85 *  41+56      /  (   11  * 25   )   )  
16  16
70  70  
77  77 
25 25 
0     34 /  (  ( 69 )*  71  /  4) 
4294967231   ( 17  ) - ( (82) )   
92 92
22  22  
4294967278       27 /  52   -  43  +   ( 25  ) -  33*    0  * (  (  66 )  )   
42    (( (42  ) )) +  (  42 )/  ( (  57) )      
49 ( ( (  49  ) )  )  
17   ((  17 )  )
76 ((  76  ) )  
4294967238       ( 3 ) +  21+  (10 )-92    
4294967233     (( 19 -51 ) )  - 31
58  58  
19       0/56 /    4  -60    +    91  * 45    /  89/55      +  (    34/71   +(79 )    ) 
20 ( 20 )
893    39  *25 - (  82  ) 
1400 (  ( 87 * 15+95   )  )
66   ( ( 66  ) )  
70  ( 38 +  ( 1  ) *( 32  )   )
61 61
59   59 
4294966686     72-  99 * 4  + 78    -     85 *   2  *  15      / 7    
4294967288 ((    40 - 70   +(22 )    )  )  
20       64  + 32  -72- 8    / 2 + 0  
87 87 
0   ( 24 / 27  /  4  * 90    )
4294966544      ( 87  )  - 84  /(16  ) *     23-  94  -  6     *(  45  +  60 )    
87 ( ( (87  ) )  ) 
33  33  
29   ( (  (  58 /  2  )  ))  
4294967287  (( 31+  29    - 69 )) 
80 ( ( 2  ) * 40  )  
226    ( (15  )  )  + (  41 )-( ( 2 ) )  + (    96 +76  )     
45  16+ (   28 + 1 ) 
58   58 
29      ((  29  ))-   ( 94)  /  72  /  85  /  75   
70     ((40  /19   )  )  +68
68    48+ 20   
15 15 
46  46 
4294793257     51 -  46  *75* (  11)  /   ( 17 )*   78-1   +  ( 7 )    
4294967122   93 / 33  -  29-76    / ( 54  )  -  92-54
2   2
94   94  
4294963392    97 -77  *  52 -(10) + 13  
54  (  (54)  )  
60 ( ( 60 )  ) 
69   69 
49  49  
112    (13 )+ ( 19+ 80) -    32 / 35   /  17     
15  15 
3928   (     53  +  9 +  83  + 97 *  ( 39) )  
24   24
16 ( (16 )  ) 
4294967236  (    18-  70  /  (87 )    )-78  
66   66
4294967251    9  *  (   90/    27-8   ) 
4294967228  ( (      93  / 33   - (  70 )) )
27  27
62  ( 62  )  
2024   (  ( 92)* 22 - 21  /  29   ) 
46   ( (46  )) 
203   (98  )  +  (93) -  ( 0  )  +  12 
90  90
70  70
34     38+(     72-  27  - ( 49 )  )  
36  36
389806   13- 77  -  ((  47  ) )/     6 +  22    +  (95)  + 56 * 87* 80       
121  ((  (  78  ))  +  ( (  43) ) )
67 67
4   4
95 95
79   (  ( 79  )  )  
35  35
39  ( 39)
38  38 
88  (( 88 ))  
92 92  
3869  (  ((  53  )  *  73  )  )
10   ( (  ((10  ) )  )) 
71  (  71 ) 
4294967140   88/    (  58  /  4   )-  (   65+ 97  )     
0 ( 9  /   73 / 27    )/ 62   
1   (  (  90 /  (60  ) )) 
6 6  
61 ( ( 61 )  ) 
70 70 
121   ( (( 98)  )- ( 77)/ 32+ 25  )
384   ( 24  *  16   ) 
16  16
61 61
1     (63+31  )/  91*   1- 19     / (( (74  ) ) ) 
9 ((( 9 ))) 
94 94  +   62/  96   
93  (91  ) +(  ( 2 )  ) 
21 (21 )  
4656   (   45  +  2   - 0+  1     )* 97   
4294613761  (  (    65-65    *  64 *  85  ))  
95 ( (((95  ) )  ))
45  45 
47 (  47 )
27   27  
98  (  98)  
71582634 (   78-  95   *98    )  /(60)
0   ( (   ( 48)/  17/18 )  ) 
4294967290  ( 65  +  32  - (    8+95)   )  
64  (  64) 
97   97 
86  (86  )  
1128    (    46 *  25 )  -  22  
29  ( 29)
25  (  25  ) 
40 40 
6  6
93 (  ((  93 )  ) ) 
528    33  *16 
4  4  
4294965640    ( (89 ) ) - 38 /38 *  37 *  49 +68    
148  50 +  ( (  ( 98  )) )  
504  (  16 )*88  / 67   *(  ((  24  )  ) )   
6689    91* (  93)    -(  99  ) * ( 17 )  -    7- 84   
76   76
20   20
36    47* 3 - (    27 + 78  )   
25 25  
4294965980 ( (   25-8-  31*43      )  )
81  81  
4294967264   (  83  +59 )  /  23 /  15      /    ( ( 65))+   70  /65   -  ( 33)     
2924    43  * 68 
1 77 /  72   
96 96 
2   (  (    13+ 11 -  (  22)  )) 
4294966750   (  48-54  *11  )  
4294967264  1  +  ((34 )  )-67   
0    22 /     94  *59    /  20   /28  
38 38
4294967240    (42  *8  -60   )  /  73- 59  
1  1 
2542  62*  (41  )
5   5  
32  32 
101030  (43 *  (  29  ) *   81+23     ) 
10  10 
98    97+( (52 ) )   *    ( 96)/ ( 77)  /(39 -  6  )   
63 63  
16   16
2170   18-    24+ 32   *  68     
36   36 
74 (  (  (( 74 )  )  )  ) 
51 (51 )
78 78
10  (  (  10  ) )  
24 24  
28   28  
47  (  (6 ) + 41   )
500   ((  52+ 66  ) )  + (    32  * 9 +  (  94 ))  
21  (( 21  ) )
68 (  68 ) 
3392  (    (  (56  ))  * 62 -80    ) 
7  7
4294967280   39 / 54 -  (  16  )   -   7  /  ( ( 91 )  )  
927  (  7)*  (87 ) /    26 * 37    + 76     
29   29  
26 (  77 - 94 +43) 
97   97 
56 ( 56)
32  32  
2490 ( (6-  2  )+    (86  ) + 60  *40     )  
38   (    (32)  + 6   ) 
22     (  42 ) *   53  / 99     
10   47  - 37  
74    57  + 17 /1   
35  35  
65  65 
65   65  
137   (  (55 +83    ) )  -(1)  
4294966658  64 - (  (27  *26  )  )  
26 26  
4294963526    (  (  74 ) ) * (49  ) -  86 *86  
7   7
184   (  44+  35* 4  )
6336   (  (  (  96) )*66)
14   36  * (17)   /(  (94-  52  ) )   
159   95  +   36+(( 28  )) 
2 ( 2)
73   ( 19  +  53+   86/  82 ) 
95 ( ((  (95 ))  )) 
82  82
1   (    94  -26    +88 -  33   )  /81 
26 26  
99  99 
53 53  
4294953583     ( (  47  ) )-(  86 )*  (   95 * 98/ 58  )   
57 57
1092 ( 62  *  16 +  70/ 26 +98     ) 
49   ( ( (  49)) ) 
43 43 
98  98 
54 54  
15   (  (15  )  )
0    53  /10   /    44 /19     
27  ( 27)  
96   (    81  + ( 83 )  -  (( 68)  ) )
15  15 
161     86-    ( 22  )+ (97)   
4508 46*( ( (98) )  )  
82 ((  ( 82  )))  
43 ((  (  (43)  )))
76 76
0   ( 83 - 74  )  /  ( (  44  )  )    *  73  
64  64 
33 ((  ( ( 33  ) )) )
4294962603     (55 )*  2    -    ( 43 ) *   20 + 93    * (  12  ) - (  73)* 70  + 17  * 3   
88 88  
97   (  (  1  + 68    ) +  ( 50 -22  )    )
86 86  
46   46
93   93  
129 (   88  + ( 29 + 12 )) 
15 (  15 )  
109    15  +  ((  94 )  )    
104160    70  * (62)  *  (24 )
63 ( 85-( 22  )    ) 
0   1 / 51
4294967244 ((  (58) -  22 * 5  ) )  
89   (  89)  
0  85/ 94
72  72
70  70 
5  5
8100 ((  87  +  3   )  ) * ((  19  )+ (71)  ) 
85   85  
9 9
3673   ( ( 78  ) )  *  47+     7+  (  6)   /  81  *60   
81   81 
31  ( 31  )  *  1
142422    ( 92+ 22   )*13*   96 + 54     + (96 )    
8   8
107100   75  *   84* 17 
5  5 
7987 (   54* 26 +  13 + 90 *  73   ) 
63 ( 63) 
547   (  58 )+    24  *(23) -  63   
25  (  (  (25)  ) ) 
0  ((  67-  21 ) / 61   )
247756   (71  )  +    57  *  79   *  55+  ( 20  )        
33  (  ((  9))) +  (24) 
4235 ( 2 * 77 * 27   +  (  77 )  )  
64 64 
59  (59 )
4294967211 (  (0 *21    )-85 )  
2   2
4294967220   2  *   46/52  - 70    - 48 +  41 
16   16  
14  0  -39  +( ( 53))  
176     (      11 +  98   -(17 )   )  +  84  
22  ( 46 +    46 +8  -78    )
88   (   4+  84)+ 88 -(  88)   
126 ( (  63  - 34  )  )+ 97 
9    80  -71    
4294967237 ( (( 11 ) )-  ( (  70) )  )  
80  80
101   71  *  ( 43  )  / ( 30)    
4294966959   (     66  -  24 * (  14 )- 67  )
77  (  77  )
9  ((9  ) )
53 53  
85   85
8094 ( (  93  *87   )  + 3   )
4294963320  ( 42  ) -   (    32 +  50  )*49    
4294961748   (  13/  58  /   43 * 4 ) -  ( (  73  )  *  76    )  
66   ( 66  )  
97  (    (  93 ) + (  4 )  )  
2465  ((    ( 23 )  + 74 * 33 )  ) 
9  ( 0  ) +  9   
11   (  11 )
1431570547   ( (45  -53    )/    3 - 95 * 23 *  39 ) 
30  30  
57  (  57)
72  (  ( 72  )) 
3   (   (  70 )  -(54  ) )-  (  13) -  (  48)  /   61 *64   
6   6  
5 (  16 /3  )  
2928       1  *( 34 * 91   )  - (  ( 39 )) *   (  4  )  -    61  /6     
182   88  + ( 94  )  
9 (( 82  ) *  1  /  38   +(  7)   ) 
58  58 
4294965682 ( (    92  - 33  *49-  89    ) ) 
68 (  (  69  )  * 71-  25   ) /71  
86 ( (86  ))  
77  77
0   21  /26  
56   56 
11  ( 24 - 28  *  25     /51    ) 
287743 (      (53)  * 61 *89  +  10  - 4 )
26 26
70 70
1  ( 43 / 35  )  
34   34
12   12
205  (   41  /   4 *  22 -15       ) 
74 74 
74   74 
28 28  
4 (    65*63 /40  )  -  98
4294966868  ( 40 +  69  ) -  ( 54 )- 23    * 21
615   (     44  *  14  + (  3 )  / 80-43 /  (34) )
18   63+  16  -  ( 46)  - 15    
215   4 *(  (  79  )  )- (  (  63) +(38 ) )  
31       (33  ) +  ( 5 )  /  92- (  2  )
4628    89* (  52 )  
88 ( 88 )  
4294967175  (  54 )*  8   /    ( 79) / (  40  )    -   46-75    
35   35
4294961544  ((   ( 76)- 62  *94   ))  
501   11 + (  49 )   * ( (94  )  /  9  )   
6  (  (9 ) )*   48/  64    
7902    ( 93) *  86    -  (  51)  - 45  
50 (  50)  
1014    (   17*55   )  +  (79)  
2    ( (9)  )-( 89 )   /  12   
9  ( (  9  )  )  
9    0  * (  67 )  +9  
2  97 /36  
54 54
3197   ( (    72  * 44   +29) )
4294967208   (   (   39 /38   ) - 89    ) 
92   44+ (  (48  ) )  
270  (   57  /  21 *96 +  78  ) 
18  18
84   84  
54  54  
18 18
14  14 
182 (    85/1+  97    ) 
93       97+( 57 )    /  25 -   68 /10  
792 (  72  *  87   -  43  -  61   * 89  ) 
165  ((  96+  65+ 4    )  )
5   (   66 /    12  -  21 /  ( 65)   )  
4294967254   (   16 -(0) +70 - 71   *65 /36  )  
4294967190  (  ( 68)  -  88  - 86  ) 
0  (32  /  52 )  
81 81
0    (  2/   65  /  84   )  /  (   (96  ) *  6   )   
17  17 
552   56 + 62   *  ( (  8)  )  
90   90 
54  54
155      ( 44  +95 ) +  (76 )   -60
2     (    91 +  29 - ( 18 )    )  /  35
19  19
77   77 
4294965298 10  /  ( (  44)  ) -  ( 37  )  *54  
515     ((95) ) + (   23 /15   )  *(59 /11   * 84  )
4294967272    (  72  )  - 96  
1565        12/ 92    +27   /(  45 )+  2  + 67    +34  *  (  71  -  27  )    
6 6  
21  21  
0   11  / 46    
0 (   9/ (  (  75)  )  )  
4294965309   13  -    50 *  (  40  )+    63/76        
58   (  (     92 /66  *   46  +  12  ))
95 95  
94   94 
1215 27*  45  
3  ((3 )  )
82  82 
24  24
10  10  
4294966705 (    ((  75  ))-26*  24 -42     )
60   60  
257184   (   (  48*  94   ) *57  ) 
40   ( (   (58 ) -( 18  )    )  )
240262  (    0 /38   +  (65)  *   48 * 77  + ( 22 ) ) 
39   ( 39 )
4294966446    (  (98 -88  )  )  *  61-73*  20+ (   15 /  62  )    
1786    ((19 ) + ( 19))  *  (  47 )  
919 ((  90*9  )  +    (62 )  +(  47  )  ) 
4294963810   (    0 - 43 *    5* 16   - (  46 )   )
91  91  
3003 ( 91)  * 33   
1712   (  68 ) *   26-  54 /  42*  56  
216   (91 ) +  33 +92   
122760  ((  93  *  15*  88    )  ) 
78 78 
91   (91)
94  ( 44 )  +  50  
31  ((5  ))+ (  3* 42    ) *    20  /  95    
85 85  
4294967217    (  ((10)))  /  ( ( 81) )  -  79   
28  18-  39  / 20  +   11-34   /( ((82  ) ))    
53   53 
37   37  
4294967247    63 /    (20)  /77  -(  (  49)  )   
70   ( ( (70  )  ) ) 
3  (  (  91) ) /  30    
56  56 
35 35
97  (97 )  
12  12 
70  70  
23  ( ( 23 ))
22 (22)  
89 (  (89 )  )  
38 38  
205 (( (  96 ) +    11+  98   ))
76 (76 )  
63  (  63 )
11 11 
62   ((  ( (  62  )) )  ) 
35 35 
1311   (    (19) *69  )
71  (  (  95/  98   ))+ 71  
94   94 
2100 (  84*25  ) 
6679  43 +  33 *    23+82 *72 - 27       
4294967282     ( 31)-  45  
4 4 
14  14
80  (80  )  
10  (  (10  ) ) 
13  (13 ) 
3978  (  ( 78 )  *(51 ) )
63 63  
15  (  (  15  )-(   34/  66 ) ) 
16261    ( ( 10)  *  23  )*71 -  69
4294967079 (   (  49 )-  7*((38 ) )  ) 
2   (  11+75  )-  (  54 )   -30  
4294966405   ( ( ( 34)  )  /   97  * 59  - 81 *11    )
42718  53*  26 *  31/ 1    
10 ( ((  69  )  )  -  59   )
77   77 
13   (  ((  (  13 ) )) )
0  (  0  )
0  (  (    ( 26  )  /61   )  ) 
84 84
96  (96  )
54  ( 61  / (44 )  + ( 53  )    ) 
46   ( 46  )
3  (3  ) 
87  87 
4294967235   (( 65 ) /    (44) -(  62  )  )
29 29  
4294967255 ( (   79  / 70   - 42 ) )  
26  (  26 )  
32   32 
74  74  
91   (  91 )  
45  (  ( 45  )  )  
2679  9+ 30  *89 
80 80
75  (75) 
0   72  *  ( (42 ) /53*  70   )   
1065   ( (79)+ 65)  -   ( 41) + ( 26  ) *  37   
2 ( ((  (2) ) ))  
752   (8 )* (  (  94)  )  
37   37  
76   ( 76) 
51  (  (  (51  )  ))
0   55/ 64 
4294967210  0  /(  (  30) )   /    (( 13  )  )-  ( 86 )  
2275  ( ((65)) )  * 35 
17   (  70  -(53 )   )  
36 (  (  36 )  )  
21  21 
1     ( (  25 )  )  -46 -  (  67  )  - 15/ 23     + 89    
29   29
78   ((78)  )
55   (  60  * 51 )  / 55  
0    27 /   71  / 18  * ( 34)     
43  (  43)  
3         42  /  (38  )   +((34))/15
93  93  
37   37 
0    21  /  35   
95    (41 )+  (( 47) )  +7  
605     (   ( 87  ) *  8   )-   92 +  ( 68 /63   )     
92 92 
0   ((  ( 51/90  ))) 
36 (  (   6  +    32 - 2    ))
34   34
77 77  
4294961124  66  -   81 *    78+  47  *  93 /54      
187   (   (  56 )  +54   )+ 77 
1  ( (  (  95 )  )  /  61    ) 
33 33 
59   59
3731    91  *  (  ((41 ) ))    
4294967234  78 /( (80  )  )/ ( 93  )-  62      
81 81 
0   (  79/  84   )
3139  (  82  + (58 )*   53  -17  )  
52  19+ (  33)  
4294967016   (  (  38  -94)  )  *(  5 +70 /  97 )    
35   35
2 2
3889  ( ( 72 *  54   )+  (  87  / 47   )  )
44  ( 44) 
4294967203 6-( 99  ) 
33    (  ( 92) )-(59  )  
87 (( 87) )  
26   26+   31 / 49 
67   67
56   (56  )  
54 (  (  24 - 23 ) * 54   )
75   75  
34     33+   74/((67)  ) 
19    ( 65 /(  36  ) )*((  19 ) )   
60   (     55* 76  +  66  / 57   )/  69 
3021  (  ( 57  ))*53 
17  17 
91 (  (91 ) )  
38   38  
81  81  
86 86 
179 (    ( 30)+ 91 +58    )
26  ( (    94  -(68  ) )  )  
75 75
57   ((  ( 93  ) -    57 +21    )) 
72  72
13 13 
2355  4+  (   49  *  48 ) - (44)/( 37  )     
78 78 
3  ((    ( 64 )/  20   )) 
1364 62 *  ( (  22))  
76   76 
80 ( ( 80 )  )
97   ( 97) 
23 (  23 )  
38 38
13 (  (  (13))  ) 
17   17
13 13 
58  (  ((  ( 58  ) )  ) ) 
3366    (51  )  *66  
0   8  /54  
36   (( 36  )) 
53  53
180 ((  90+  90   )  ) 
33   (33  )
93   93  
4524    94  +90   *  49+  20  - 17  / ( ( 20) )  
55   (   14 +    50*51   /  62  )  
485  (   ( 83 ) / (14  )  *97)
20  ( 20  )
78   (  78 )
180170     (  2)+ 87 + 33 * 84 *65 -  99 
29  ( ((29  ) )  )
20  20  
60   (  60) 
69   69 
109  (88 * (  93  )  / (  75  )  ) 
6   6
8   8
51 ( 51 +   21 *  4  /  (93  ) ) 
139       32  + ( ( 83)) +((  (24) ) )  
4294967252   43/  (64 )  - 44
90 (  (41  )  +  55   )-6    
35   ((  35 ) ) 
77   77 
3041   41+  ( (  60)  )   * ( 50)  
53   53 
20 20 
33  33 
28  ( 41 - ((13 ) )   )
69  69 
6  ((  59  /  48  ) )  /    (   6+ 35  ) +   12 + 10-  16     
97  97  
362355  (  (49)* (  85*87) )  
4294967264    2 +(    77/ 24 ) -  (74  )/ 2    
64  64 
74   ( 74  ) 
51 51  
0  (    11 / (40) )
77 77  
4294967177   45- 70 -( 38 )    -  56    
144   64 +       50*  86   / (76)   +24
246     55/35  +  73    +  (85) +87  
23 23 
14257152    (  (( 32) ) ) * (    91* 51   *  ( 96  )   ) 
41    6+  66  -31  
4294967231   ( (  34-99   +    66  / 84   ))  
15 15  
59    14 +    (  81)  / 79  / 12  *    71*  26+ 45  
147   (  (( 70 ) )+(  ( 77)  )) 
4944 ( (   84+90   *54  )) 
87 (  87  )  
24 24  
95  95 
1     (  (0 )+(  16  )   )  / 15  
990   15  *66    
3483  ((  (81))  )  *43  
28 ((     82 / 75  /  76  +28   ) ) 
0 (49/(  95))  / 20  
27   27 
25  25 
96  (  (  96  ))  
10 10 
29 (   29  + ( 0) /  (83  ) /(  94 )  )
75 99-  24  + ( 19/48 )  
41  41 
134       53- 14 *(34  )  / 48  + 90 
163   (   86 *32  /  51  )  +  (   65  +( 45  )  )  
5   87  /   ( ( 54 ))+   85  / (20 )  
89   89 
159   (  ( (  99) ))+  60  
4294208113   (  47 -65 * (21  )  ) *   (  12)  *  48 -(  15  )   
87  87
53  53 
3  (  3 )  
85 85 
45 (  (7  +  ( 38 )   ))  
60  60  
22   22
250   ( ( 98 ) )  - 26 /   82* (  16  )   +   ( 88)  + 32 * 2     
532    (  (32  )) +  (10  )  * ( 50  )  
4294967289    (61  ) - 68  
4294967134  37-(  75+  37   ) - 87
3778    84 * (46) -((86  )  )   
62   (62  )
22   ( 22 )  
63   63
2184   6 *   69  *    35  / 53   *( 8  )   
23 23
57 57 
74 74  
33 33
88 88
8403   ((93)*   90 +34    ) -( (  59) / 57 )  
30 (  (    84 /40 -   3 + 31    )  )  
86   86 
181   (    80 -  78 / 79  *  50 / 80+ 65+ 36    )  
8   8  
3  3  
1643     67  * 42  +(  30 )  +  19+  2    - ( 13  )*(  94  )    
125  (  54+ 71  )  
21   21 
4294967291 (    93/ 60 -65 / 10)  
2751  96  +  45   *( 59 )
390 ( ( 13 *  30   )  ) 
62 ( (    (80) - ( 18 ) )) 
68  ((  47+40  -78  /  4     ))
33 (  (( 99 /  3   )  ))  
3   3 
78   (  78  )  
54  54 
91   (  91) 
12877092      81*24 *  92  *(72)  + 36
7  7
88  88 
50   (50  )  
0  (  (  84)/  ( 93+  47  ) )
30  30 
141   (   49  +92   ) 
74   (74)  
14 ( (  14  )  )  
1286 (    34  * 33+  85  +79    )  
120  40 *3 
0   (0 ) 
93  93 
68   (  68 )
7  7
4294965612  ( (  52-56   *  31    )  )
36   ( ( 52)  /  (  49  )   )  + (    39  *  67    /74 )   
67   67  
13   (13  ) 
4212375623   (  98 *40 )  - (50  -56 )  /  52 -   85- 58     /    (  76  ) * 84  +  16    
4294964508 ((  60 -    89  *  32 ) ) 
4294965302   (  ( (53)  -  23  *  89   ) )
69   (69 )  
3860  (    47*83-33  /58    ) -((    16 + 25    ) )  
4294965777   (   62  -    17  *  (93) ) 
4294967294 (  ( 44 )  /   72- 42    / (18  )    )
51   51
99  (  99) 
1504  94* 16   
31 31  
4294967284   ( (  (34 ) ) -  (  46)   ) 
48 48  
2823 (( 28)*   99 +  ( 51 )   )
64 64
68  68  
2475   ((90  )  ) /  2   * (    72+  82    -  (99)   )  
281219    11  *14  * (87  ) *(  21 )+  82  -   62  -65  *   39/41  -( 98 )    
22 (  ( 22))
92 (  92)
0     29/  37 
26     ( ((57  ) ) ) *   (  39) /84   
207822    (57  )*(    59 *    61+ 47)   
4294967152   (  (  (  11)) ) / 61 -( 95  +  49 )    
4294966527   (61  )-   38* 83  / (19)   *  5   
46 (46  )  
4212     54 / (  92  /53 )* ( (  78 )  )  
4294967217 (((58))  )-  (    61 *69  /  30-3   )    
0  67* 15 /  68  *( 92)    / ( 63*98)  
1767 (  93  *  (  ( 19  ) )  ) 
6   (3)  +  ( 44 )  /  14   +    81  / 83    
33 33
3654   (  ( ( 42 )  ) *(87  )  )
7 (7 )
70  ((  70)  ) 
86 ((  86  )  )
5   5
4294967096     4-  7  - 49 -37  - 98- 57  +  (  44 )
2370    30*(79  )  
4294964383      40 +  (54 )  -   (  0 )/  (  70  )  -  (97 ) *  31  
268435454   (    (    29  - 60   )/ 16  )  
577  (  (    50 *  12  ) )  -23  
21  ( (  21)  )
94668    (  42  )  * 40   /   78  *(  46 )   *  (98) 
48        33  /  66   *  93    /98   +48 
274  (23 + 87   )  +  76+     88  +   91  /  65     / (  98  ) 
9  9 
41474  (    55 +  44 *   94*10 )+ 59
299715   (   ( 87  ) * 53 ) *  65  
27  ( 27  )  
41   (( 41) ) 
82  82
86   86
5  ( (88 )/16 ) 
73  (  73  )
4565   (  (  91  )  ) *  32 +   19* (87 )  
1428  42*( 34)  
4294961099  (   ( 17)- (90 )* 70+  ( 86  )   ) 
7  7  
14   14 
8   8 
106        (  55) *  33 /77+ ( 5/  11  )  +  83 
4294967180   (    10-  97 - 38  +( 9)  )  
57 ( 57) 
44  (  (  44 ) ) 
4294967288   ( 22  ) +  (  28-  84    )+  (26  )   
5  ((  (2  )  - 56  +59    )) 
4   (  4 )  
70   ((   (  70 )-   29  / 83    ) )
6   (  5)  +  (  86  /  ( 50 )   )    
23 (  23  )  
4294967290  44  /(( 99 )) -  ((6) )  
0 (18*  (    74 /97  ) )
17    (9  ) +  (  (  (8 ) )  )
77 77 
28   ( ( 28  )  )  
638    ( ( 89  ) )  + ( 97)*(  5 )  +( 64)  
73 73
37   37
119   32 +  (  ( 87 )  )   
30   (30  ) 
4294967263   21  / ( (10 )  )  -  (  (35  )  )      
0    (60  ) -  ( 60) 
69   (  69) 
70     (23) * ( 26+48   ) /  (  24  ) 
85  85  
161    (37 * 9  - 56     )  /      82 -43 +98  -   11 /  15  +70 + 33     
3492      (  12)  +78+42  * (  81)
78  78
5720    (  16 )+ (25)/72 /  (( 86 ) )  + ( 62  * 92   )     
7122    (  27  * 42 )  *   ( 5  ) + 22    *66   
94 (  94) 
768  ( 96* (8 )  ) 
31 31  
82  82
73  (    58- 69+ 88-4)
3  3  
9  (  (  ((9)  )) )
128  ( 83+71 *18  /  28  )
6000  ( ( 63  +12  ) *  80  )
119  ( (  39 ) ) + (  80  ) 
4455   (  55 )*  81    
151  ((83  ) + 68 ) 
4555   (77  *   ( 59 ) +12   ) 
4294967202  1  -  95   
141   3  *  ( (47  )) 
95   95  
16 ( 16  )  
78 ( 12 + 3   *  (( 22 ) ) )
10  (  (10 )  ) 
25  26-  29 /  26    
1   (50 /29   )  
1  (  (  91) / 54   )
4294961197   61  -  55 -97  + 61  -  51  *  (  45 +  74)  
45   45  
0  0*  69  
4294967256   (  (  (14  - 54   ) ) )
30   30
11650    (38  )*  (  59  ) + 96  *98
38    (  38  )  -  34  /95  / 11  / ((64 ) ) 
4294963911   83  -  (  54  +  14    )*((  51  ))   
43  43
92  92
46 46
660   (  16  *  38  ) +  52 
2    15  / ( (  ( 6 ) )) 
36 36  
66   66  
65  ( 65)
3813  41  *93   
41     95-54  
56  56  
684  76*  9
4294967257     (   46  / 90)  -  (    89 / 48 )- 38    
4294967287     (  24-19  )  /68-9 
25   25
2379   61* 39   
774   (  94 )/ 98 +  66  *( 12)    -( ( 18  )) 
10 ( ( (54  /5 ))  )
94   94
41  41  
188    92+(96)   
0   ( ( ( 61 )  )) /(  (  97 ) -17    )  
47 ( (  77  / 98  )  +( 47 ) )
11   11
0  73 /  (    (66)*   22/ 12      )  
108       85  +  60  /  ( 48 ) +  94 +70   /   21 -  62   -13   
81  (  66 )  + 15
4248307662         44 /84   - 30*48  *(  42 - 58  )  *  ( (  99  ) ) /  (( 92)  )
10104  (     89 /81+   44+77     )* 83 - 22 
82   73+ ( ( 7)  )* (65) /48 
4294967096      43-  27  -  19-  68  -79    -  ( ( ( 50  ) ))   
56   56
35  (35)
121  (  16  )- ( ( 13)-   25-93 )   
295     (  29  ) + 95*15   * (17 )    / 91   
28  (   18 -  ( 3  )+(13)     )  
93 93
4404   (64  )  *  70-  76
62 62
8   8  
96 96  
72   ( ( 97 ) )  -(  (  25  )  )    
4 4
26 26
163    37+((  98  )  )+ (  21 +7  ) 
52   52 
18 18 
81 81
8   8  
28   ( (  70) ) - 10    -  (32 )   
59 59
95 95  
1686   ( ( (  94 )  )  * 18 +  45 +   29 - 80     )
12 (  12 ) 
10 (  10  )
31  31  
89  (  ((  89  ) )  )
80 (80  )  
44  (    97  -(4  )  -  (  49  )  )
46   46 
5   5 
49   49 
89   89 
68 68
98   ((98  )) 
35 35 
0    62 /(57+50  )  *  11 
14   (  14 ) 
24000   (  30) * 10 *  80  
39 39
11 11 
78  78 
43  43 
42 42 
32   32 
89    72-((  54)  )   +  (  71  )   
71 71 
72   (72 )
5856      ( 53  +69  )  * ( (  48))  + (  (  33 )  )  /  (  36-  96  )   
80   80  
18  18  
44   (44)
0   ( (  (16  )  )) /  (  27)
44  44  
29  29  
0  (  92  /5  / (   52 *  62  )    )  
4294960043  (  39 -  80 *  90  -  92       )
0     ( ( 69  ))  / ( ( 87 ) )  /  56 
38 38  
80 (   46 - (16 -50 )  )
3029     61+ ( 57)* 52  +  (    15*19   /(  66)  ) 
5601  73  *  74  + 43   - 15   /  86  +     47  +  92   +( 17 )    
15   15  
48 ( 48  )
36 36
127   ( 83  ) +  44  
70    ( 10)*7
77  77  
86   (  86 )
0   (91)  /( (  74 +77  ) )   
97  97
68 68  
59  59 
7392 ( 77  *  (  3 +93  )  )  
72  (  72) 
4294965897 60-(    22 * 61   ) -   ( 25+  85) - ( (7))    
11  11
30  30 
48   48  
35  35 
80 80 
4294967039    31 -  3*(  (  96 )  )
79704  (  50+ 83+  83   +   (46) *    36 *48       )  
28  28
18  (  5*  51   *  20   )  /   18 /  67 -( 37  )   +  (  ( 51 ))    
2277   (  23  *99  )
42   42 
104     82+  74  -   84/ 39   * 54 +  98  -42   
180 (   ((  15 )  )*12   )
58   99- 41  
4294967280 31 -47  
73   (  5+ 68  )
21   (  21  )  
73 73
4294967262   (48  )  -   10 -  (68)  /  (  91+  31  )  -  ( (72 )  ) 
2187      ( 25) +   69+  77    *( ( 28 )  )- (63)    
2240 (   80* 28  )
18126000      60 *  (  95  *53    )   * 60  
43  43 
53 53
2402       58/  1   - (  67 )*  16 +77* 46 +18    +   ( 79)  /  23  -  (  98 )-  (49 )    
11  11
27    (36 -4  )-  83/14  * 70/(60) 
38   ( ( 38  )) 
89  89
90  90  
9   9  
4294967251 ( ( (  31 - 76   )  ) ) 
46 46 
59   59  
0   ( 14+46    )  / (  73) /  34  
4294720952  (  25 * 1)/   73-    83*  56    *(  43/  26   +  29 +  23   )    
56  56
59   59 
4294967239  (29)- 41 -  45+ 7/ 84      
52   32+ ( (( 20 )  ))  
4294961652     (  24/91 -60  )  *    96 +  83-  24    +57 
0   (  ( (0  ) )/   6/ 45  / 49    ) 
2529   ((21  )  )+ 36  *  67  +  (3  )     *  32    
4294967285 ( 83- (  (  94) )    ) 
61 61 
4294967239   12-   ( 69) -86/  49  /  ( 94 )   
1  ((   (34 )*    3/  82  )  )  
103    68  /  2 + 55   /( ( 19 ) )*  (  16 ) -    17/  3  + 42      
65 65  
24  (  29 -  44  ) +  ( (( 39  )  ) )  
8   ( 9 )  -57 /  45     
370  74  * 5   
81   81  
105   89 * (  3)  -(  79)  - (83  )  
50   34+  (  ( 66))- (   36  / 66    + 50    )  
2 2 
45  45  
4294967274  (  ( ( 1)) /     32  *25  - 22  )
900   36  * 25   
34 34  
8   ( 8 ) 
21  21
1607    67 * 24    -  (  71 )/69
1137     63*( 18)  +  ( 64  )-  61     
94   (  94)
16 ( (  (  16  ) )  )
49  ((49 )  )
30    (( ( 78)) )  -  (  48)  
14  (  34  -  (  20)   )
38   38 
4294966373 (   71  *(   32 - 45  )   ) 
38  38 
122  ( 52+70  )  
12 12
60 ( 60 )  
72  72
0  25/ (    ( 31) +( 61 )  )   
92  92  
0    5/71
63   (  63  )
59 ( ( 70  /26/  80+ 59  ) ) 
990  22 *  45 
54 54
57 ( 57) 
94    81  +(  13)   
73   (  61 )  /  (  37)*  73     +(  (  42/70  ))  
94 (94)  
21   21
71 ( (  (  (71)  )) )
4294967246 53 /   ( 14  )  - 53     
3744 (  ((  4))  +   44*85    )
923 (  ( 13  )*  ((71 )  )   )
62  62  
40  (   0 /   ( 37 )+  40      ) 
4294967244     19  +  (  (   20-  91) )  
40 (40)  
23  23  
4293390274      52/95  -  6  *  99   / 33  * (   74*  32 )  * ( 37) +    59  + 7  
45  ( ( 45) ) 
70     82-  12   
52  52
8  8
68 ( ( 97)  ) -  29  / (   77/75 ) 
75 (  (75 )) 
4  (  4 )  
16   93- 31 / 30 / 19-77     
56   56  
40 40  
6  6
10   10
61  61 
65   55+10  
37 37 
166  (   18  +  64 +  84   ) 
984   (    24 * 41 ) 
210   (  ( 76  )  )* 97    /  ( 35)
4294967273  ( ( 30 -  53   ) )
5581    75*  75  - (  (  44)  ) 
7   7
4294967149     (  26+  42)/  (30 ) - (70)   -(79 ) 
0      ( 38  )  /( 18  )   *    5 / 13   +41   /  66    
15    (    (  96)  - ( 33  ) )  /  (( (4)) )  
42 42 
88 88
46   46
96  96 
2726  (  98* 28 ) +   13/24/13  -  ( 18  )  
70     19+ 51   
4294967251     (49  +( 22)   ) -   (    60 +  56 )-  ( 63/77  )
4294967287   (  ( 41 )/ (  78)    )  /   ((  66  )  )+ (   88 - 97 )  
4294966696  (  82  ) /  23  - (55  )    * ( 12  )  +57      
71  71  
43 (  ( 43) )  
93   (  ((93)) ) 
4294967220 (       13  -7 -  61  -21  )  
25 25  
39   39
1995   (  (  (  21) )  *95  )  
45 45 
99 (99  )
4294967215 (    (  (99 )  )  /  ( 16  )  -87    ) 
107    (  ((  68) ))+ 39  
116  (     (94 )  +  23  - 33      /( 32 )  )
96  96
225    34 *   48  /  54   +  63 +(97- 38 +73   ) 
4294966361      (10 )-  15  * 63   -6  /  95  
84  84  
13091     67  *( 89)   +99 *((72))  
137  78-  14   +  (  (73 ) )  
560    10  *  56 
31  ( (( ( 31 )))  )
51  51
80 (  80 )
1  ( ( 83 /81 ))  
38   18  /   95  + ( 10  + 28   )  
12   12 
87  87 
0 47  / (  ( 48)  + ( 85)   )
95  95  
0  (  ((  83)  ) *  ( 0 /41  ) )  
49 49
2  (  2)  
119     (    87  / 6   +  7 ) +(  ( 35) )+(  ( 63  )  )  
2314 (    (42 )*   54+(46  )    )  
16   16  
3699  ( (  (93  ) ))  *   40  - (( 21  )) 
33  33
50653  (  37 )*    37  *37   
51 51 
1292  (    96  *   27  - 40     *   28  / 59  *69 - 58    )
97   (97  )  
57   (57 )  
41 41
9  9  
4294966773    23  -(6  )*91  
8408  (    99* (  85)  -  ( 66/  9  )  )
1216   (    ( 4)+(2  )  ) *  (16  ) * 11 + 69+ (( 91))   
58 73-  ( (  15 ))  
32   83 /  (  72 )+  99 - ( ( 68) ) 
78  (  ( 78  ))
13  ( ( 13  ))  
0   (  9/ 31    /  32 /54    ) /  7  
2731 (  97  +  45 * 60-66    )  
4294962199    6-(81 ) * (  63)  
30  (  50  - ( 28-8    )  ) 
93 93 
0    4 / 23  * 6* 8 /  58 
1 63  /( (  34  ) ) 
90 90 
0   ((  (  0  / 58   )  )  )  
3417    39 *    17/51 +  (  74)    * 46    
109  68  +41 
0 ( (  ( 32)*  0    ))  
13   ( ( (  49  )- 88  + 52     )  )
18   ( 52  /    79  +  ( 18  )    ) 
2   (   (57)*(89 )   /    51  / 7   /  24 +  2    ) 
44   44  
88  88  
45   (  15 )*3 
1   66/  38 
80   ( ( 45 )/(  46  ) )  +80  
97 97 
40 40 
32 32  
25        70 -45-   83 /  43    +  51    /  ( (40) +31 /  42  )    
345       65 *  4   +85    -(  (53 )) / 67  
44 (  44)  
96 96 
252  (    87/ 23*  96/  68   )  * ( ((  63))  ) 
78  78 
30 30 
78   ( (78)) 
4294967244  (  ( (  14))) -66 
25   (  (  36 *51  )/ 73  )
39   39 
86   (  (  86)  ) 
4294966712 (    18-(   14 *  43  ) ) 
4294967288   (( 35)  )  -  (  (2 ) )  /  65/ 9 - 43      
4294964080  24-   (  54) * (60)    -  (  17 /31   )
22 22
42 42
44   44
59 59
0 25  /( (  10  * 26    )  ) 
46 ((( 46  ))  )  
73   73
2  (  (2  ) )
14116   (   (82)  *    (  9 )*19  +  94    )  
36    (  59  )-   23-57 /((  52  * 58  ) ) 
61 61 
88  (  ( (  43+  45  ) ) ) 
28  28  
4176 ( (72  )) *((  58 )  )+  78/ 99    
98  98 
9  (  (9)  )  
40 40  
6139   (79  ) /61 + 99 * 62 
81   ((  ( ( 81  )) )  )
78  78 
74   99 +    75 -  16  - ((  84 ) )    
0     28/ 35  
4294967205   ( 80 /  9 - 99  ) 
4294962842      (  4)  + (  51 )  -  ( 86 )  *(  52)   -  37 
43 43 
4294967242   66  /  (   13 -39)    /    (78 )  * 76 - (54)   
87  ( ( 87 )  ) 
66   66 
48   48  
26  (     26  -  ( 59)/ (( 79))  )  
73   (   (  (60))+ (  9 +4)   )
32 (  32  )
25  ( (  (  25 )  )  ) 
1780     (  49)+ 65  *    ( 51) -  72 *22        
195  64 + (   22  + 96 )  + 13   
4950 (    (  3  +  72  ) *  66 )
5916   (    (  68  )* 87   )  
64  64 
27 (27)
0  (    (  81  )  / 38 /36  ) 
20     (76/  ( 9) ) +(   34  +  12   ) - ( 64 )  + (  30  )    
32 32  
5  5
306783394 (   (  74- 82  )/    14+ 17    )  
20 20 
411877   ((  99 )  *65 ) *  64  +   ( 98)-(61)   
138   (74 )  +( ( 72  ) ) +       30* 46  /  (  39  )   - ( 66  )+23     
77   (77 )
76   76 
427 16 *    26+  11      
4294967282  30  /(69  )  -  14 
4294967292   ((  (  42  - 46) ) )
0  (  ( 83  * 14  ))*  (  70 /56/92  )    
78   ( 78  ) 
34  ( 34 ) 
4294965157 ( 60  /  83   * (  52  )  - (  69  *  31  ) )  
71   71 
179  ((  36 ))+      44  -  0    + 21 + 28  + 50    
56  56 
3361 (  42 + 25+ 61 *  54      )
11 (    (  88 ) /8  ) 
62 ((( 62  )  ) )
33  33 
4294966296 68 -  ( (  12 )) * ( 89 )   
4294967263   (36 -69   ) 
2488  (  13*  24  -    93 / 83   ) *  (  8)  
4294965626   (88 )  - 77  *  22  -62-  2    
4294967250   (    ( 69 ) /   64  * 0   )-  ((  46  ) )   
53  53
47  47 
0   63  / 96  
61  61 
41 (  41)
51  51  
4   4
67 67 
53   53 
69  69  
3132    58  * 54   
4294914755       48  *59   -  (36  )* 29   * 53 -41   
73   73 
7 7  
56 79- ( 72  + 45   )   /((86  /15   )) 
0     95  /  58    / 47 
72   72 
1  (( 64  )  )/ 35 
24 ( 24  ) 
4294964898    ( 9- 34   )*  98  +(  ( (52 ) ))  
104   (   (46) +8 +( 50)   ) 
34  34 
121   ((    66 +  (55)  ))
68   ((  92 *69   / 93   )  ) 
88   88 
4    72/  17   
19  19 
8     ( ( 1) * 58    )  /7   
1    86  /(  48)/  (  69  /56  )  
29  ( 29  )
24  ((  89  ) )- (   87-  ( 22  )  ) 
65     63+ (  (  78 /  37  ) )   
46  (  46  )  
4294964217  (     (77  )/78 + 40/37  -44 * 70   )  
4294967204 (  5/ (  68)*35 -  92 )
2706     (   86* 32  ) +  20-  66   
68   68  
26  (  26  )  
19 19  
4294967239  (  ( 32 )/    (  19 )  *  12- 69     )  
4   89  / (( 20  ) )  
25   25 
59 59 
3028 (   58-  14 /1     +  74  * 39  + 98   )
4294967294 22/    63/  89   +46  / 86        /    (  (69) )  /     81-  42 /( 20)     
76   ( ((39  +37  )  ))
4294967283 (   15 - 28   ) 
17 (  17)
74   (( 74 ) )  
99  99  
1  ( ( 67  )) /  (46  )   
0   (  (  76-27  ))  /  (  ((  70  )  )  )  
4294959783       62- 38 - (2) -  79    *  ( 95 )  -  ((30) )    
55   48+ (  7 )  
58 58  
4876  ((     67  / 4   +90  * 54    )  )  
29   ( 29 ) 
91 91
0   (   92  - 47    )  /  68  
78 (  (  ( 78 )) )
4294967238 (  24  -(    93  - 11   ) )
46   46 
46  46 
35   35 
37 (37) 
95041  81  /79 +    90  * 33  * (  32)    
14   14 -  (  25  )  /52   
67   ( 67  )  
3  3  
29 29 
6218    (  ( ( 77)  )  ) +(  69 *  89 )  
57  57
34   34 
3   (  ((1 )  )  * 3  )
29  29
4294967214   1 /  6/ 30  +( (  13  )  )   -63 +(    7  -  39 )    
141   ( ((    90 +51    ))) 
1243      83  + 53 /40   +77 * (14 )   +81    
62 (62 ) 
0    36  /53   
9      96 *  (  68  )/  (( 89 )  )-  64  
40   40 
38 ( 38)  
4294967228  (  28-  96 )  
102336 ( 64 )*(    72 * 23  -1*  57  ) 
3   (  3)  
164   ((95) ) +  69    
106   (  (  (  10  )  )+96   )  
738    18  * 41 
12  12 
6   6  
29    70/ 37 * 29   
4294736938    77 *    4  - (97) *   58* 41     
29 29
4294958597   45- (   2 +93   *94  )   
1  88/58  
83   (83  )
75  ( (  34 )) + ( 41)  
29   29  
22  (22)  
27  ( ((  ( 27  )  ) ) ) 
22  22
35 (  (78) )  -( 43)   
47  47  
8188  (   89 *  92   ) 
73  73
60    (64 )  +   (  24  ) -  28     
0  78 /  86 
35    6  -  19 /   85 *   (  27  )+ 29     
32  32  
71 71  
14     91  -  (  ( 77  ))  
65    (  42  )  -  (   ( 12)-35  ) 
49  49
4294967270  15-  41  
1   (  1 ) 
65  (  65)
614952     13  *   (  81)* (8  )    * (   46  +  27 )   
46  (( (  (46  ) )) )  
24  24 
0 66  /  78  
65  (65  )
4737   (  (  27*  91   ) ) +(  ( 60* 38   ) )  
30   (35  -    65/  (  11)   ) 
2501   ((41* ( 61)  ) )  
67   (  (  67  )  )  
2285  98 *((23))  +31   
81  81
28   ( ((  28)) )  
51  51
30   30  
0     ( 32 )  / (76 )    
11   11 
108     (  57)  + ( 66  /53   )   - (35  ) +(  85)    
4294961573  (     (  83)  +  50   -  96  * 61    ) 
87   (  (87  )) 
83 83  
41  41 
7  (  ( 7 ))  
594   (11 )*( (  54 ) )  
1   (98  )/ (  66 ) 
40   40 
4294966144    96  -   48*  ( 26)    
5   (  5 )
9 9  
1  (  1  )  
97   97
71  (  71  )
30 ( 30) 
0     (  ( 81 -  31  ) )  / 66 
70    (   13+  75    -23  ) +5  
95   95  
0  (  (  32/89   ))
2574  99  *  26   
4294967271 21-(46 )  
58  58 
4294962469  (82-  84*  59 +  47  )
91 91  
29 29 
190   87  -   17  +61      +80-( ( 42  -21   ) )   
5  5
69 69 
4294967255     29-43  + ( 24) -(  38) -  13  
92   92  
21   21
36   36 
0    93/(98  +  44   - 24)  
63   (( 63 )) 
8  ( ( 26  - 18)  ) 
644   36  +   38 *  ( 2  ) *( (  70  -62 )  )   
4  4  
44   ( (  44))  
149   88+61  
36   36
90  (90 )  
9 9 
0   0  
44  (((44  )) )
103  (  72  )+   72 - 4 *6  *1 -  (  5  + 12   )      
94   58+(36)  
85  85
81 (  81  ) 
6907  ( 76 *  90 +  ( 67)  )
23   16*    ( 12 ) / 66    + 21
90 (  (90 ) ) 
31   31
71 71 
85   (    ( 24 )  / 86  ) +  85  
63  63 
78  78
4294967037   (  79 /  20  -  10  )*37  
27  ( 27  )
130  (( 43 )+(  (  87)  ) )
91   91
62  ( (  (  51))  )  /26  +    61 +  23 /35         
9 9  
139 (  (  (  49)  +  90    )  ) 
44 44  
0 (  63/   99 *  61   )*  (17  )  
34   34  
3   (( 3 ))  
32  32
8   8
5  ( ( (  (  5  ))  ))  
53 ( 53 )
89  9  + 80  
94  ( 94)
92  (( 92))
4294967286   (  (  73 ) - 83   )
90 90  
22 ( ( 22 )) 
26 ((( 26  ))  )
1056   (   (  11) *8  *(  (  12 ))  )  
4294967273   14 /   27 -  (( 23))   
20   (( 20 )  )  
84  84  
1 (  98  /((  77  ))   ) 
44 44
77  (  77  )
13  ( 13  ) 
20  20
23  23
42  (    ( 56  /38   )+41  ) 
0  0  
55  55  
3   3  
21   (  21 )
3744 (   ( 65  *  58  )  -  (  26 )   )
3 3 
77 (77 )
57 ( 57 )
95  95 
5434     (  59)  *   (94 ) -67     -  45    
7   7 
82   82  
4294967243     56  /  36 *   43  /  46   - ( 53)    
97  ( ( 86  + 11)  )  
98   (98  ) 
32  ( 32  )  
31 31
4294967233 42*      0  - 54 -(  34)   +  25   
4336       (  47  ) * 80 -     29 + 87    +   24 + 14  + (5)  *  (84 )  +60     
96  ( (    79  -39   ) ) +  ( 56 )   
36 36  
94  (  94 ) 
13593   (  13  +  97*  (  7 )   *  20   )
45   45  
2  (     2-  12  /  68  / 14   )
52   (  52 )  
49      49 -  33  /(62 )    *   51 * 18/(     86  +  7   *   49 +  20 )  
135  (   67+ 68    )
54   54
70   70  
0 (( ( 5 /  67 )  ) )
10 10
49 (  49)  
34  34 
90   ( 12)+(78) 
4294967253  ((  (28 -71 )  )) 
50 ( 50) 
16   (  16 )
4294808186    2* 6  -   72 / 10  +   39  + 39  -  67  -   6-(  24)   * 78*  85    
49 49  
13846    43 *(   (23 ) * (14  )   )  
47  ( (  47  )) 
98   98 
54 54 
0   22  *(20 / 22   )/ 29  
65  65 
428   40*   ( 10  )  +  23+  20    -  15   
21 (21  ) 
4294966521  ( (  94-11 * 79   ) )  
3315   (  51)  * 65   
799     85 +  ( 21 ) * (      23  /78   -    43  +  77 )  
94   94
7 (  71 / 10)  
75 75
29   29  
7   7
47   47 
56  56
18  18
24  24 
12093852  (     (  66 ) *    30 *  94 *  65- 42 * 94   )  
36   36  
30    50-(17  )  -  (  95  )  /31  + 17       /  49   
82  ( 82)
36   36 
57   ( (  57 )  )  
54  (54) 
22  22
74 (74 )  
45   ( (45  ) )
81  81
23  23
71  (   24  +91  /   46/33  +47  )  
108        (  58 ) *  (83  )   /71 +41  
120  (  (59 /  11*  24))  
81  (( 81 ) ) 
4828  33-     (  63 )  *  64 +97  * (91 ) 
7   7
118268920       55  *(    1  * 47    )   * (( 38  ))  * (   86  *  14 )  
4312176      32*21    *  69   * ( 11+82)    -    48 +59    / 82/ (    33  +  19  )  
144   24+ (38 )  +( 46)    +  (  (  ( 36  ) )  )  
40   40
31 (  (85 )  / 59 *     82/65  *(31 )     )
10 (  (  59 ))  -  49  
85 ((  94 )  )-  (  ( 64 )) +  ( 31+24  )  
74  ( 74)
88 88 
90   90
0 (  (    13 / 70  * 79  ))
0  42-   54 - 49    / 98  /29   +  ( 12  ) 
67  ( 67) 
86  86 
34    (   83-24 )- (25 ) 
4294964492  64  /    (( 5)  )  -   61* 46-10     
1440  ( 45  -  (  13  )    )  *  45 
155   (  55* 15  )/    92*25   +  (  33 )     + 6 /14    *45  * 67    -   78+  37/( 87 )     
0 (    (   83 -  72)  / (12  )    ) 
159  61  + (  98 )  
0  (42 ) /  (( (46  )) ) 
44 ( (( 78  ) /  36+  42  ) )  
2   ( ( (  79  ) )/  30 )  
5807    65  *  ( (  89 )  )   + 22
23 23 
2396       (51 + 37   )* 27+  20 
255360   76 * (( 70 )) * 48  
4294967287    55  / ( ( 27 ))   -11  
91  91  
1248 ( 26 * 48    ) 
31  31  
65   ( 65)
1   82  / (  ( (  78  )  ))  
39   39  
0 (((    37  /92) ) )  
38   38 
71 71 
456    (    6 + 0  /69    ) *76   
0  16 * (  65  /  78  /45/  14    ) 
80   57+  23 
116  (  (   94-  0  ) )  +(22 )
4294967218   91  / 87*  43   * (  26  )/   ( ( 44  ) )/  9/ 86 -  78   
56  56  
67542   57 +(     81* 13  *64  +  93 )  
40 ( 40)
44   44  
53  53
5  5  
119 ( 47+ 72   )
43 ( 43 ) 
4294742360   (  30) /12-90  *  51*  49     -  (  28*   7  / 7     )    
6688   ( 76  )  *( ( 88  ))  
63  (  (  (  (  63  )  ) ) ) 
75   75  
2   ( (  ( 64/ 23   ) ))  
15   15  
3444   ( (  (  84  )*( 41 )  )  ) 
97     97  - 57 /98  
55  55  
1152    (18  )*  64 
4455 ( (  (  55 )*  81   ) )
2048   10  -  (91 ) /  ( 88  )  +  (  63 )   + 52 * 38   
48   (48 )
89   (  (   (94) -  ( 5 )   ))  
32   ( 32  )
2378    24*99 - 90+  87 +  15  /  71- 2   * (  3 ) + (  ( 11 )  )  
1     92/(   68  +   75  /  60     )   
1104  (  24) *  46  
22 ((  6  )  +  (16)   )  
21   21 
16 ( (16 ))  
58   58
0  (  (  (4))  / ( (74))   )  
109    94  +  (  91)-76      
0 (  45/68    * 39   )  * 73 
66  66
21   79  / (  (10) )* 3    
144   73 +   (32  ) +  58 / 99     + 39   
9 9  
43   ( 43)
862    61 + 8 +  13 *61
38  ( ( 47  -9   ) )
83 (83 ) 
3764  (  (49  )  *  ( 74  )   ) +( ( 64+ 74   ) )  
36   36  
55  (55  )
47   (  47)  
44   44 
86 (  87- 1)
85 85
4294967239   82  / 4  -  42-    95+60       
7 7  
87  87 
21 ( 21 )
3    ( (  (  25)  )  )-  22 
76  (  (76) )
31   31 
38  41 + ((88))  -  91   
5994    81* (( 74  ) )  
51  51 
0  (   76  /  89 )  *75 
21 21
50   ( (  (50  )) ) 
56   (  56  )
30 ((  (  30 )) )
84   84 
58  58 
2  (71+(  80 )- (    77  + 72    ))
48 (  48  )  
47 47  
1080       (  42 )  *  44- 97    / ( 85 /  7    )   *96
65   (    60 +54  /(99 ) )+5 
17  17
7060 76  * 31  * 3  -8    
44  44
57  ( 57)
66    67 -  (    21 - 23 )/ (    41 -  99  )    
93  (  93  )
40 ( 40  ) 
4294965818  ( 83 /   52 -    29*51      )
53   (  53 ) 
92  92
53      35  +  18+  91  /  92   / 76 /19    
7   7
9 9
90  90 
24  24 
24  (  24)
41  41 
345600 (  ( (  64 )  )* (75  ) *(  72)   ) 
35 (  52  -17  )  
176088  ((  33*  92  *58  ) ) 
21   ( 21  )
4294966567 ( 98/  84  * 39+  27  *(  68  )  -    42  *  62     ) 
38   38  
36   ((((36  ))) )  
82 (  82  ) 
33 33
53  (  53)
4 4  
4294960770  ((    (60)  -  89 *  74  ))  
50 50  
44   (44 )  
27   27  
4 4  
32   32
21    ( ( 88  ) )  -(67  )
24 24 
815  (     43 * 33- 12  -  37     * 16  )
58 (  (  58 )  )  
6689    84*  ( 79)   +59  -   26 /   4*22   /21 
34   34 
0  0  
79     ( 77  )  +  2  
91 91
93 ( (   37  / 39+ 93     ) )  
135     95  + (  (40 ) )   
28   (  (  (28  ))) 
71   71  
82  82
68   (  68 ) 
396   ( (  44  ) ) *  9  /  1  
119    79 +40 
6 (   ( 36  ) - 30  ) 
9  (    80  - (  12)   -(59)   ) 
47 47
74   74 
72 72  
351  6 *((59  ) )  -  (( 3  )) 
4294962721    (  34  -  94  -15      )*  61  
0  ((  2)  / (81  )  *  ( 75) )  
3   3 
119   91  +   15/    95+ 28- 39  /  (  77)    
26 26  
75   (75 ) 
0  ((47  / (58) ))  
68   68  
0  0 
15  11 +  (4  )
61   (  ( 60)  ) / 38+  ( (  60 )  )   
504   ((23) *  (23 ) )-  48 +  23  * 65 /(  63 )   
70  70 
0   ((  76/  8  /  ( 49)) ) 
68  68 
96    25  +    56  /  35+  86- 16    -  6*    67 /   90/10     
4294967293      (  70  ) /   74-  5  /  47  * 53 -  88    /  26  
28  (  28 ) 
31 ( 31 )  
100  97  *( 27+  4   )/ ( 30  )    
37 ( 37  ) 
86  86  
64 64
68   (  ( 68) )
55 55 
44   44 
70   ((  (  70  +0    )  ) )  
4      3- 32/   86 + 5   *(18  )   /((  45+ 18) )   
67  (67  )  
123   (     50+31  / 87  ) +  (   10  * 23  )  - (60  )-  97      
8448   (((  88*  96)  ) )
31 (31)
149  64/  (4  )+(  9 ) + (  55  +69 )      
4294967250 ( ((  34 - 80    ) )  )  
6  6+   50/  62 * 43 *23     
233     (   57 + 94  )+21- ( 65)   /(   99 -  93 )+71    
33 33 
1   (    (  77  )  - ( ( 76)  )) 
21    (   35 / 50  )  +  (87 ) /  (    76  /  9) +  (   73 -62   )   
51   51 
79    (  46 ) +(  33 )
39 (39)
53  53 
1266   42 * 21+  19   *    21  - 15    +55  /48 / (  ( 90  )  ) 
86  86
0   (  (0 )  ) 
4294967271   28 -  ((  53)  )  
23 (       70/ 4   + ( 59  ) / ( ( 9  )  ))  
252   ( (  87+    74 +  91     ) )
53  (( 53))  
4294967219     71  /(  18  ) -   80  - 21   / ( 41  ) 
0   (  ( (  21 ) ) )/ (82)  
29  29  
3010   (36 /     67 / 19+ 86 * 35    )
795  (   (  26*32  ) - 37    )  
1  ( 94 / (  (86 ))   ) 
7 7  
987  (   21 * 47 -  (21)  /   40/  18  /   43 * 23      ) 
69   69  
82  (  82  )
57  (  ( ((57)  ))  )  
25 25 
4294967215  ( 15 - 96    )  
34 34  
97        (  97) + 4  /    97 / 90   / ( 33)   +    (  (  52)) /96    
0   1/  14   
2925   65 *(  45 )   
69368    13 *   58 * 92     
31   (   81 - ( (50  ) )   ) 
32    (84 ) -  52
68 ( ( 68) )
1296   ( ((   36  *  36) ) ) 
20  ( 20  )  
69 69  
1  79 / 79  
14   ( 14  ) 
57  (57)
36 (36  )
1  1
88  88  
4294967217 (   (  20  -  78 )- 21 )  
14469    44 *94  /26*91 
31 ((31 ) ) 
144   51+(93)   
120 (    61+ (  (  59)))
62   ( 62  ) 
65   65  
95  60  +  35   
4294945176    14  *  ( 1 - 21  )*  (79  )
54  ( 54 )
66 66 
84 (    (  12-  24  ) +  ((96)  )   )
104 ( (  ( 24 ) +  80    )  ) 
47   (  (  (    78  -31 ) ) )  
49   49 
4294967235     (  (  12)-  73  )  +   12/ ( 73 )* (  18  )  *  ( 69  )    
0   ( (86  ))/ (    74*95  )*  20     
73 (( 73 ))  
2127      76  +  19-    19 +  81    *(  23)     +   63 -  ( 13  )   +      90-10  +58       
81  81
35  35 
4294967274       (0) * (28  )   - 82 + ( 60)   
4294967165     39 -  ( (85))  -  (86 )+(  (1  )  )   
1722     21  * ( (82))
49   49
7844   93*  29* 41   /( 14 )  + (  15  -  ( 69)  )   
59  59 
14  14  
72   (  (72  )) 
94   (94  )  
10   10 
90  90  
125  (74 )  +  (  51  )  
38   ( 38)
34  (  34  )
16  16 
155 (  (  90 )  ) -   ( 88)/  92+ ( 65 )    
173    92+  ((  81)  )  
24  24  
22   22  
8  ( 73  )  - 65   
10727       (  12) +(94 )  *3  *  38- (  71)  /37 
69 69
409    ( (0  )) +  3 *   7  * 18       +  31  
84       84 +  11 * 84    / ((  83  ) )   / 84    
4294967218    ( (  16)  )  -  94
10   10  
2    (91 )  / 38   
4478  (  (  (92  )  +86  * 51  )  )
39 39 
51   (  (  7  +44  )  + (  2  ) /  90  * 45   )
0  43  * 86 /73 /  29  /  32   * ( (   45 *  78 )  )  
5848 (  (   (86  ) *68   )  ) 
0 ((  90)  ) /  ((   28  +97  ))
27   ( 27 ) 
13      ( 66 -53   )  + 11 /58  
67443  (  51 )  +      (52)* 16*81   
75 ((75 )  )
26   (26)
75 75 
4294967055    25  + 84   +    81  + 73  +  49  *    54  - 90 *(35 )   
32  ( ((32  )) )  
1  1
21  21  
4  (   91/22 +  57 /  ( 28-43 )   )
31   31
68  (68  ) 
14   ( 14)  
773 (    18+ 57    +  ( 33  )*   19  +  ( 71)     )
769    (  (  10  )  ) * 73   +  (  39 )  
20  (  ( ( 20 )) )  
50   (  6  - (53 ) +  (  (97  ) )    ) 
4294967203   ( 39 - 98-  (34 )     )  
4294967226     23- 93 
4294967263 ( (30  )  -  63   )
14  14
3071 28 *   (  82 )  + 63+89  *(  ( 8  ) )  
73  73 
48  48  
225    35  +  98   -   47-  60     -  90+67/  14    /  (63)  +  87+90    +  (  27  +  85 )    
279    (  45  * 4  /(58  )   ) *93  
56   (  56 ) 
96 96
40 (  79/  38  /  43   + 40     )
2295    85  * (  (  (27  ))  )   
12   12  
78 (   ( 71) +( ( 7 )) )
4294967203  (   (   9 -56 ) -46    )
102  (  8)  +94   
11 11
2 (  ( 80) +  (  12 )   -90  )
14 (  14) 
45  45
18  (  18)
40   40
93 93
59 59 
52  52
4294967193    9 /    99-(89 )     -  14 
2990   ( ( (   46 *65) ) )  
79   79 
56 (56  ) 
0  (  (( 4))/87  ) 
57   57
91  91  
3652 ( (  98 - 53  )*  (81 )-  71+  78   )  
1  (   57 /37   ) 
134    20  /  (  45 )   + 81   +  53    
9   9  
61   61  - 0 / 42
110   85  + 39- (14  )   
52   (52)
19 19
8  (    ((  5  ))+ 3   )  
1  1
42 (42 ) 
4 4  
46  46  
30   (  30  )  
4394    (  79 )-    (15 )  *    68 + 55   * (97 )    
82   (  82  ) 
1740      ( (96)  )  * 29   /    32  *  20    
40  ( 40) 
4294967273 (  17- (  (  40) )  ) 
58  58 
1   1  
53  53 
96 96 
29 29  
4  ( 4 ) 
22   22 
10 10  
59   59  
74  ( 74 ) 
51  ( ( (51 )))
1  (  44  ) /  26  
3 3 
137     ( 87-( 45 )  )  +  ( 95 )   
4  (( 4  ) )
31   27  +( ( 17) - 13)  
4294966666  (((  63 )  )  * (  88- 98   )    )  
93 ( 93)
97 ( 97)
23663  (       13 * 35 *52  +  ( 3  )  )  
4   ( 4  ) 
4738   ( ( 91  + 12 ) )  *  46    
79   (79  ) 
74   70 +( 4  )  
4294967287   (57)  - 66   
299   ( (44  ) + (  60 )*    3+  75     ) 
4294967266  (  51  /  (  21  )-32   )
19   19 
86 86 
0 87/ (  (32  )  -  67   )
246946 (    28 *15 *    98  *  6   ) + (   35-46   - ( 3 )   )  
86   86  
1413    72 *   21-  (  (99) )    
34   34
14  14 
71   ( ( (( 71  )  )  )) 
56  56  
9   ( 9) 
85   (  89  -  4 ) 
75   (  (  75  ))
0   0 
627 (6  )*(88 ) + (  39 )  +   44  +  73    /   58 +  15     
9   9 
82 82 
221   (  (   63+84 + (  74) )) 
99   99
2121      63 +  21 *  98  
27   27
4294961574     45- (  79  ) *  73 + (90  )  /90-(   89/ 58    )  
98  98  
28       28+  17  /  (23  )  
84 (     84 -  ( 48 ) / ( 47  )  /  93    )  
28  28 
33   (  (33  ) )  
95   95  
107   ( 24 )+( 83 )  
53 (53 )
98 ( 98)
89   89 
12   12  
95  95
1370 ( (  28*  51 -  (  58)   ))  
329   ( 15 * 22   -  21) +(    49  -  28 -    81 /41     )  
32   32  
25   (  ( 25 ) )  
8112        9 +  77  * 77   -   60+  34   *  61+85   +75  
58 58
55   55 
112   (  99) +(13)
3445  (  65  *53  ) 
86   86  
4294967276    86/(53  )  - (  97 ) / 84 -  43 +  23    
34  34
37   37 
1564  (  ( 39*  42  )  )- 74  
10 10  
167  72-   (( 16 ) ) +(83 +28)   
103  17+86    
24 24 
4294966629   (    40 -59  -  27  -   3 *  69  /21  * 69       ) 
4294967275 ( ((  14  -35 ) ) )  
4294967235    37 - (  98  )   
4294944200     87  *  39-  11 *  91   *19- (  90*  83   )  
78 (78  )  
2520  36 *70  
84  84  
77  77
43 (43  )
4294967105  (  43- 97-  42  -52) -  43    
23  23 
4294967111    (15 )  -  99+0  -85  -  (  (  16 ) ) 
0   32 /    (54 )+(31 ) /  (24 )  /( 42)     
4294967254  (  (( 6 )  -  48 )  )  
18 (  18  ) 
55   55
31  (   (13)+    18-  35  /84      )  
4294967250     ( 5  ) - ( 51  )  
0  34/77 
1176  ((  (  84 )*14  )  )
20   20  
59    ( 1) +27    + 21 - ((66  )  )  /    94 + 2 + 8  
5684   98* 58
67 67
1599   ( 1 + (  17 )  * 94     ) 
16 ( (  16  ) )
5727    83  *(  69 )  
57 57
21867    (   (  7)  *(57 ) )  *  55  - 78  
4294965975        84-57   * ( 25) + 20   
24   ( (( (  24  )  )  )  ) 
71   (  ( 71  )  )
65 65
57 (  57  )
55 55  
7623   77* (  99)   
111   (54 ) +(  57  )  
71  71  
2070  45 *  46  
75 75 
83  (  69 )  +    92  -78  
9    6  +3    
96   96
5  (  5)  
34 34
89 ((  89)  )  
4294959821   (  (  13)-(2 )    *  ( 72  ) *  (52 )    )  
85  85
41 ( (41 ))  
8370    ( 30  )  *(  15  *22    )/   (53  )  * 45   
29   ( (29  ) )
57     11 +  46 
18   18
65 65
23   (23) +  31    / 54    
61  61  
24  (  24  ) 
17   (  ( ( 17) ) )
65      8  +  (92 ) -  ( (  47  )  )  +12
71 71 
15 ( ( 15))
1666    49  * (34 )  
4294967251  83  +     70  /86   -  (34) -  94   
25  25 
19  19 
33  33 
70  70
67  67  
223     ((87  ))  * 18   /7 
4294967263  (  55  ) -    61 - 27    
60   (  60)  
4294967174    ( 93) /74  -  20 -  77 - 26  
4294967266    47 -  (  45 +53  )   + 21 
79  79 
91 91 
1830  (  (  ( 61 )  *30  ) )
4   (( 94 / 22  )) 
81  37 +     71  -  75  + 45   + 3 
173  21/    93 *66  +( 92  )    +(  ( 81  )  )  
3 3 
61   (   12+49    )
71   71  
4294967295  ( ( (77  )  -(78  )   ))  
95   (   (  (  96))-  64  / 42   ) 
4294967252   (  82  -( 93)-  33  ) 
1324 (  (  (  16  )  )  *   82- 80  + 92  )
1404    35  *26  / 48  * ( (  78))     
0    0  +      91/26  /  (  84 )    * 10    
42 42 
1   (  24) / (  (  90  -  77  )) 
4294967238   0  - (  ( ( 58))  )  
4294967288   (  30  * 8  /70  ) /      56  -25  +(  (17 )) 
14    28/  2
3 ( (  (3  )  ))
26  (  (  (27 ) ) -    61  / (38 )    )  
39550      ( (  56  )  ) + 13  * (    31  *  98 ) - 77+ ( 77 )   
68 (  68  )  
44 44 
56 (  56)  
1   1  
4294967245  (  47 ) -  98 
89  ( 89  ) 
70 ( (70 ))
1  ( (  1)  )
168    95+  (  (73 ) ) 
4294967291 ( 88-93)
48   (  48  )  
23 23 
4406  80 *  55 + 43 /( 32 )    *6
4294966737        (42  )*(48  )  /  6  -11 -17  *  52   
9586110   (  79*79  * 64    ) *    24- 66    
2157   (  73 * 30  )- ( 17 )  / (86 )    - (  78 -  44)+  90  /  69    
85 ((  ( ( 85) ) ) )  
0  ( (   1 / ( 88) ))
83 83 
49  (  49 )
90  90 
44 ((  (  44)  )  )
87 87
46 46
9   67/ 7   
53   ( 53)  
332    ( 83 ) * ((  84 ) /(17  )  )
98  (  98) 
18   18
1640   (   ( 1 ) + 81  )  *(  20)   
90 90
90 90 
2 2 
4081  ((  (53*  77  ) ) )  
107      (  33  )- (44)   / 52*   ( 84  )+ ( 74  )    
74  74
4294967228   (  ( 81)/  (  54 )  )  - (69)
4294967276    93/   (35)*  (31  )   -  (82  )      
84      50  +61  -  ( 63  )   +36  
72  (  72  ) 
78   ( ( 28 )  ) +  (  9 -35+ 76  ) 
171   (  82) + ( ( (  89  ))  )   
4294952464    99-   (( 27 )  ) *  42 /6   * 79    
4294967202 ((  46-  82  ))  - (  58  ) 
3101      (  (43)  )+    59 *  56- 41   * 6   
96     (   64/ 44 +  31    ) + (  64)    
0 (  32  ) /46  
26 26 
231   (  (  29 ) )/  ( 82  ) -  49  + 7   *  40  
42  42  
15 ( (   10 /  42-73  +88     ) )
4   2  + 89/ 33    
4294967279     29 -  ( 46)  
26  ( 26) 
66  ( 66)  
82 82  
93 93  
0   80  / ((  65 ) -12  +  31    )   
77  77  
4293423717  (  28/  83)*  43  -  79  -  ( 25  )   * 30*   (49  )*42    
510    ( 40)*16  - 91  - 39    
54    (85 )+ (   ( 30 ) -   59- 2  )  
12  ((( 79  - 67  )) )  
93   93 
0  ((    35/ 37 )  ) * (  52)  
79  79  
58 ((  46* 70 / (55  )   )  )
99   ((99 ))  
56 56
4 4  
66 66  
4294967269  ((  (57) - 84 ) )  
0  (   (  (  14  ) )/  (  (45) )    )  
60 60 
77   (( 77)  )  
168    96 +  72   
22   ( ( 13  + 9   )  )  
0  (   ( 3  )  /55    )
1125   75+ 6 *  7  * 25   +( 15 /26  )     
63   63
0  60  /  (98 )   
38  38
33  (  33  )
2  ( 2 ) 
0    (  40/ 79  )-47    /  (  81*  10 *  94    )  
0  ( 44)/  ((  48  ) )
58  ( (  ((58 ))  ) ) 
108   53  +  (  (55  )  )  + (  31  /58  )  
48  ( 48 )
75   75 
34  ( 34  )  
63   (  63) 
60   60  
45   45
89    ( 88 /2 +66  ) -    (  17 )  -  4     
47   (  ((  47)))  
51   51  
85   85  
11 (  11 ) -  ((27))  /    (  48  ) /93  
89   ( ( 89 )  )
6   6  
31   (   ( 69  ) -  (   50-12)) 
6 (6 )
79 79 
586  25  +  36  *  18 -7  /92     - 87 
4294132528   (   31  *12*  44     )  *(   4- 11-  44  )  
30 (  30)  
4294966712 ((54- 58*  11    )  )
4294967289  (   71  -  ( 92 -  14   )   ) 
50   50 
41 (   ( (78 ))  -37  ) 
26   ( (26) ) 
72     (  70 -  (  27  )  )+ 29   
4 15 *   11/  ( 40 )  /  (  37 /  34)   
75  ( 75  ) 
814   11  *   87  -51   + (   3/ 54  )  - 92  
79   79 
78  (78 )  
75   75
4294964537 (  93) -(  (  62  *  46  )  )  
14   14
52 ( 52 )
31 (31)  
2000     40  *(50)
11   11  
282    (  ((94 )  )  ) *3  
16 36+ 28   -  48
4294967262   ((  (86 )  )) *  50 /  8/63  -  42   
92    80 + (12 )  
30 (  30  ) 
40    53-  13 
423  ( (  9 * (  47  )  ) )  
29 29 
110  47  -12/   (  16 )+63  
0   33 /  99  
4294967285    ( 86 )  +   44* 12- 25 *  (  (25)  )    
55 55
4294966990      16  - 91   -  ( 98  ) -  (  89)  -  (  8 )/  17 - (( 44  ) ) 
7 (  ( ( 7  ))  ) 
59 59
195    89+( (  21)  )  + (85)   
13  (( 13  ))  
79   79 
42  ( 42 )
3   ( 25 )*(13  )/  (97) + 16 /27        
4294963709 99 -   97*  (38)   
7 7
95 95  
0 46  *    90/13 /  46  / 63    / (47  )/   52 *  13      
4294967261 (40) /  23-  36    
85   (  85  )
5133      (89  )  + 52  * ( 27-  10 + 80     )  
26  (  26  )
5  5 
40   40  -   ( 66)  /(  74  +39   )
38 38  
25 25  
4112      (56  )  *  74-32   +( 17  )   /( (  23) -  (30) )  
4294967273    62  - (85  )  
1 98  /  86  
0   ( ( 24/99    ) )* 57 
22 22 
55   ( (21  /72  )  +  55  )
67  67  
57  37 +  20
142    43+99
42   (   27 /83   )  + (42 )   
92   (92)
3784   ((   46  *  81 +58    ))  
1     (40)  /  26
31 31
89 ( 89  ) 
72   (( 72) +14 *1/  87 *3   )
0  (( 31 ) )/ 88    
81   (11 )  +     42+ 11  /  16  +  86- ( 60  ) +   69/ 34     
3915     (  50 * 51  )  *   (72 )  /  47  +   (  92  ) /    18  *49     / 26
858  (   (  99) /  (  3 )   )  *26
59   ( 59)
27  27  
27 27
117   39* 3   
4294967237    6  -  65 
93 (  93  )  
4294967219  (  (  25 ))  -(   (  59 )+(43))
56  (  56) 
48  48
4294967291  ((   32  / 2  - 21  )) 
52  52
0 (   (  48 /93  ) -    16 *  49 /    34 /41     )  
29 29  
5025 ( 67  *  75  )  
42 42
61 61 
65 65
4686 ((  (   66  * 71  ) )  )  
43   43  
81    ( (  30 ))* 3   -73 /  8   +  96 /91 /(  65)     
70 70
24  24
44 44  
4294963038  (  30 ) -  ( 67 )*  64   
10   ((10))
39  39  
4294967275   78 - 99   
84   (84)  
36   36
75  (   (   15  +  45 ) +15  ) 
23   23  
2772 ((( 33 *84 )  ))  
54 54 
400 ( ( (    25  * 16  )  )  )
80   ( 80 ) 
2795 43*65    
43  (( (  (43 ))  )  )  
97 ( 97 )
57  57 
79  79
4294966076   (82)-  14  *( 93 )     
4294967170     13+  41  / (  93  )-46  -       97  +  3 +38 /  (  35)    
29 29
43 (  (38  -  61+  66    ) )  
77    ((  49 ) ) +  ( (28))   
435   (((  29)  *  15  )  )  
37   37
55  55  
54  (((  ( 54) ) ) )
30   30 
41  41 
0   ( (  53  /  96    ) )  
4294967157  (27 ) + 76/ 63 - 85 - 82    
7      (  6)  +26 /  ((( 21) ) )  
84 84
86 86
32 ((  ( 32 )  ) )  
8   (8  ) 
64 64 
35 35  
17 17
79  79
684  (  (  57 * 12  ) ) 
79  79 
133   (    97- (   3  -39   )  ) 
4294967242   34 -  (  88  +27  /  96   ) 
17 (  17  )
132877    (   62 *67  ) * ( 32 )  -  49 -  50  / 25    
89   89 
23 23  
50  50  
1 ( 1  ) 
0      (92 )  /  92/  22 *(   16  *( 19 )   )    
81   41 /     11 /49  + 90+69    -  78    
4294967266   ( (   (3)/  40-  30  ))  
3  ((3  ) )  
26   ( 26 ) 
30  ( (( 90  - 60)  )  ) 
1   1 
35   (  35 )
0   (  50  ) /3  /( 23) 
47721907  (   (  27)  - (  86  )   )/  (  90 )  + ( (49  )  )   
4294967269   44/ 77 / (69  )   -( 95 -34)  +  (34 )  
4294967276 ( ( (   0-20    ))  )  
65   (  96 -   82* 27 /  71  )
63   (63  )
4152    92  + ( 79  + 66  ) *  28     
70  70  
52  (( ( ( 52) )  ))
36  36  
90   ( (  90))
2  2
84 (84 )  
73   73  
88  ((88  )  )
71   ( 71  ) 
0     25  * (82 / 42  ) / 71    
128   (  5  + 75   -  (46 ) ) + (   (  88)  *  78 /  73    )  
11   (( (  11 )  ) )  
26     (27)  - ( ( 78  /58    ))  
97   97  
4294967194 (   (26)  -  ( 61  + 67)  )
4294967187    36-    67  -68    -  10 
61   61 
56   56  
58  58 
24 ( 24 )
85 85  
196   29 -(    23 - 5 *  38 )   
0  64  / ( 68)  
12 12
35 (    35+    15 /  21    )
74 74
1078 38  +  13 * 80     
25  25  
1 63  /(    86  -30 -(  22 ))
8 8  
59 59 
4294967295   ( (( 89 ) )*  73/77  -  85    )  
57 57 
68  68
25   25 
88 ( 88  )  
77  77 
0   54/ (  88 )   
0  ( ( (  11 /  85    ) ) )  
56   56 
2  (  74)  /(  ( ( 37)  )  )    
3   30-27    
81 81 
1670     86/ 69+    ( 64  ) - 27 +  ( 34  *  48 )    
4710  (  81  * 58+ 25 -13  )
1800    24 * (75  )   
36 36
27 27 
27 27 
540   (60* (9 )) 
36   36  
204519104 ( (   18 - 93 )) /21 -     12* 73 -    27 *84 
0  (   (  (  4  )  )/ 64 )
95 95
142 (   79 /92  )- (   5-69 )  +  (78  )
31  ((    81  *  38    /99  ))  
24   ( 38 - 77 +  ( 63)  )  
49   49
67   (  67 )
76296 (   (  33 * 34  ) *  68  )  
48 48
48 48
0   (  ( 32  ) )* 0  
4294967211 (  ( 77 ) -  (    27*  6 )    ) 
85  68  - ( 38 -  52 -  3      )  
4717    ( 53 )*89    
11  11
94 (94  ) 
4294967241  ( 37  + 64  *  99/  29     ) /     (  4)  *55  - ( 39 ) -  59  *  59      
4294878189    92*    71 + 51 +70   -   35 * 72 *38     
30  30 
81  81  
4293243564   18  -5  *  ((  70)  )   *  ( 52  *   94+ 37  )  
52  ( ( (  (  52  )  ) ))  
4294967249    45  -  8    - 84 
54 ( 54  )  
40  ( (  40  ))  
437   ( (   23*  19    ))
19  19
0    (  47 ) /   ( 40  )* ( 45  /81  )     
27 27  
0    (10) / (  69 ) 
89   (  1  * 89  )  
88   (88)  
8  55  -  47  
5496   (     79 *4+  28   *(  87 +98 ) ) 
46   46 
98 98 
334    (  2  ) *82 +(  13 +  71 )  + (  86) 
10   10
1   83/61 
157  (  (79 ))  -   (  30 ) /  76+ 15   +  (63)  
15   ( (  (  (15 )  )  )  )
29   29  
1924   ((  (37 )  *  52  ))
3161   (   55 *58  + 34   )  - ( (   21  *3  )  )  
78 (  78)  
70   ((70  )  )  
70 (   32 +94   -(  53 ) -  ( ( 3 ))   ) 
29   (((29  )  ) )  
8  (  8)
4294965099   ( ( 5))+    64  - 90 / (  3 )   -   43  *(  69  -17  )  
4799     99-90    +   59*    50+0   + 92 * 20      
4  (       81  / 68    -  14  +17 )  
64  64  
4294964948       ( 10-78   ) -57   *  40   
12   ((  12 ))
64 (   64- ( 13) /80  )
67   67
74  74 
0     5 /  54  
262 ((     94  +72 +( 96 )  ))  
78 (78 )  
73     (  (  34 + 23 )) +  (  16)   
96  96 
8 8 
1   87  /  78  
96  (  96  )
72  72 
77   (  77) 
63 (   57/ 95  +63 ) 
34 34
112 ( ( (  91)  +  (21)  ) )
75  75 
4293725383     87  -  60*  10  * 30 *69   
53   ( (53  )) 
0 ((    51  /  26)  / 48 ) 
4294967295   (     19 /  57  /36  -( (  1  )) ) 
4294967114 (  97 - 72  *83 *  1  / 5 *11 / 47   )
4294967275      (  19) -  ( 44 )   +4   
98   ( ( ( 30 +  68  ) ) )
86   86  
34  34  
94  ( (  94) ) 
142   (  (   50*37  /  (  13  )   )  ) 
1335    15 *89 
2167  (57  )*  38   +( 99)/  (  67 -0   )  
4680     90  * 52  
49   ( (( ( 49)) ) )  
4294967225   12 -  (  83- 10    / (42 )  ) 
30 30
46   ((  46)  )
23   23 
46 46 
4294965997   87 -    (98)  *  14+  43    - 57     
177 (  ( 62 )-  22  /  95      )+  65  -  1 + 56  -  37  /7    
10 10 
50   50  
8   8  
6985    ( ( 83  ))* 97+   (  54 )  - 70 *  16   
95    (  ( 67 /47   ) )* ( 95 )  
127    80 + 47
57  (  ( (57 )))
0   (0 )  
42   42 
62   82- 20 
32   ( (  ( 81  )  )) -    49  - 4  *(  2)  /  37   
66   (       77  - 57 / (30  )   *11   ) 
4294966556  (  52 - (   11  * 72  )  ) 
26 26  
0    ( 1) -   57 / (  41  )   
20 ((  23-  68   / 21   )  ) 
72 72
4294967179  ((( 7  )) -72 - 52 ) 
18    85/   51  -35     / 73 -        11  +94  * 20 /  66     
82 82
4294967263 (47- ( 94-  14  ) )
37  (37 )
4294955899    (    23 -  86   /  34 * 77    )  * ( 87) 
0   (( ( 65) ))/  98* 29
12 12  
4294965755   (  (  36 )- ( 19 ) *83 ) 
4294965596 (    (19) /8 - (   37*  46  ) )  
93   93 
65  65 
54   54  
96   96
73  73
4294967234      (9  )  -   23  *  56   /(18)   
51 51
27 27 
52  (  80)  /  44  +  13   / 40/ 64     +  (  53)-14/ ( 6  )  
3   ((  60/ (  20  )) ) 
41  41  
58 (  58 ) 
89  89 
4294967210   ((52 )  )  / 95   -86   
71  71  
138 (   3*46   )  
11  11  
58 58  
205    36  +  96  + ((  73)) 
84        77  +  2  + 20 /  34 +  5  
69  69  
61   61
72   ( 72  )
2502  (  (  ( 68 ) *36+ 54 ) )  
87   87 
15420561    (12  + 34   )  * 97  *   (  36  )*   96 -42 -  69     
4294967283    (  ( 43 ))* 62/  ( 42  ) -  76   
57 57 
0  (  1 /79) 
94   94 
689      91 *   43  +99  -   11  -  46   *  (72 )    
35 35 
0 0
7 (   (  ( 10) )/   69-87+( 94 )    ) 
42 (( (90 ) )- (  48  ) ) 
0   ((  (  25  )/ (  53  ) )  )  
2730    35  *  78 
38   38
5   ( (4  )  +1   )
95  95 
87   87 
82   82
16  ( ( (  ( 16  ) ) )) 
0  45/85  
32   32  
61  ( 61  )
6321   (  24  *  61*95  /  ( 22 )  )
50 50
4648  ((  3 ) *  58    ) * ( (  26 ) )  + (  30 +  94 )  
4290   (  (  ( 65 *  66    )  ))  
46   (46)
94   ( 94) 
0    90  / ( 93)  
62  62
61  (  (((  61 )  ) ) ) 
5   (  67/  46 *49  ) / 9  
82     (41  )  + 41  
130    (  39)  +  91  
4294966790    83*  94/  54   -65  *  10  
81 ((  81 )  ) 
4294967017  69 /     80 -  (59 )   +   (44) -    44 * 6      
64   64  
46 ( 46)  
4899  ( ( 96)) /    99 * 98    +30  *    59 + ( 53 )* 58 +  55  
4294967138 ( ( 32)  -  84  /  24  *  (64 )  +  86/ 31  )  
96  (96 )
62 (62  )  
4294967246 ( (   15  +  9   )  -74  )  
140     47 +  93  
121  6+  (  89)  + (  (26))    
48   (   44- ( 91  ) + (95 )   )  
1  ( 59- 58 )  
1978   (  43 ) *  46  
0   ((  38 /  63  )  * 90 ) 
43  (67  ) +      40/  51 -   73*27    /( 21+  58) 
4294963188    ((1  )) - 67    *(  60  ) -(89)    
25  ( 25)  
22 22  
180   (  (  13  )  +  85  )+ ( (  82  ))  
200466        38 /  18*67  *    87/(5 )   *86  
11   (11  ) 
135   (  15  )*9   
3096   43 *(72 )   
41   ( 41)
7220070  (  50 )*   24*2   /  47* 26     *    99 *((  55 ))
98  (  ( 98 ) ) 
3   (  ( (  (3)  ) ) ) 
8 8
71  71  
26     ( (1  ))+  1  + (  (  24  ) )    
1474  ( 62  *    25- 76    ) 
230400     30  *(    81 +  15   )  *  ((  80  )  )    
43     43 +( (77))  /82 
89  (  ( ( ( 89)  ))  ) 
67 67  
57 57 
8315  (   ((48 ) )+94  * 89   -  99    )
68      (15) +(  27)  /  ( 24*48 ) +  1 * 51  +76    /  37  
37  ( (( 37  )  )  )
112     84+ 28 
80   80 
1 ((  94  -  66  ) / ( 17 ) )  
4294967295        (  20  ) -  (40 )    /  (  92  ) / (  19  )-   76*  26  / 93    
107380763    (41  *  94  )  +  (  45- 69)/    40  +31  *(  88 )  
4294967098   ( 98 )/  28  - 30    -  ( 39)  -   70  - 11 / 85    -  62  
9  ( 9) 
0   (  (53  )) /(( 66 ) )   
27 (  27)  
1     ( 78) /50   
70  70  
6552    (( 72) ) *(91)   
181   86  + 95
48 48 
79   79
4294967288    (85) * (  45 )  /  50 -  ( 84) 
0 (   1*   23/85   )  
83 83
103     92  + 11   /   62  + 4    -  58  *(  96 )  /  ( 77 )+  79  
0   0
90   88  + 56 /((  (21  )))  
3515 (  (  35+    60 *  58    ) )  
72  (  72 )  
2604    ((  ( 42) ))  * 62  
622   ( ( 62) - 67  + (   19 *  33   )    )
4294967250     (    69+26  ) /  (    96 +83   )   -(  80/92   )-(    36  +  10 ) 
75   75 
40   (40  ) 
62   99-  37   
96 96 
660   (  44 )* 15
4294967291     45-  (( (50) )  )    
53  53  
42 42  
66076         58 +  (26)*  ((  94  )) * 27+  30   
30 (30  ) 
32  32
15 15
87   87 
54   54  
55     99  +  (  74 /31)   -  46 
50 50
0   21 /27  / (97  ) * 70  *91     
2927   (  ( 51 *  59 - (  82 ) )  )
20  20  
45   45 
1904   (  56* 34  )
1 (  ( ( 91/  83  )) )
248256   11 *  32*(  47  )     *  (15  )  + 96  
55   55
94  ((((94  )  ))) 
4294967231   ( (    66-67    )) * 65   
50  50 
2   76  /( ( ( 29  )) ) 
13    ( 2) + 11
132   ((    ( 67 )+65   ))  
10 10
26   (  26 ) 
25     ( ( 86  ) )-(  (61 ) ) 
36 (  ( 36 )  )  
97   ( 97 )
80     (   32 + 79   )  - (  31)  -9   /66    
528  (     87 + 7  *63   )
16  16  
53 53
61   61  
44   44
7  (7  ) 
1210    ((  39 +16 )  ) *  (  22 )   
4240   2* 53 *(( 40))    
4294965904  (   24  -59    * 24   ) 
46 (( ( 46  ) ) )  
4294966419   (  52  *33 )  -8    - 47 *  ( (55 ))
0 (    (  10  )/   70  / (  99 )  )
856  ( (8  )) *  (( 49 ))  +   (  30  )  * (89)/  ( 90  )* (  16 )    
86  (  86 )  
10  10  
29 29  
4294967295     ( 51 )  +  1-  53   +97 /    56/  38+  39  / 78 /  62 
36 36
74   74 
76   ( 76  )  
76  76 
226   40  + ( 2*  93 )  
83   83  
39   39 
53   ( (  (  53 ))) 
51 (51 )  
94  94 
0  17/  ( 27) 
0  ( 34/ 64  * (  15 ) )  * ((( 74  )) )    
60   60  
6099513      52 * 25   *( 23 )*  12  * 17   -(87 )   
4294967280 (   1  -  17   ) 
4294964194   ( 90)- (39)  *82    +(   (  83  )- ( 77)   )  
4294967269 (  (      76- 29 -  20- 54  ))
17   17  
306783348  (  92- 41 -  94  *2  )* ( 66/19   )  /14    
40 (  (  40)) +  (  20  / (97)    ) 
85 85 
18     10+ 8 
56   77- (  ((  21))  )   
46   (   70  + ( 34)  -58  )
4294967269       10 +95  /30    * (15  /36  )   -    37+  95  /  17/ 31   
12560    19*65 +   23*(6)    /     (46)+(  90)   * 84/   34 *51 
11310     58*  (  ( 15) )  *13 
5294  (  (60  *   88 +  14     )  ) 
92   (  92)  
12 (   (79)-  (  ( 67  ) )  ) 
4294965427 (      (35)/ (2 )   -23*  (  82 ))  
4294967277   (  (  (  82  ) )  )  /   47  - 94 / 50 *61  /  3   
10  10
23  23
86 86
86   86  
46   46
21   21  
75   75 
39   (  39) 
24   24  
98  98  
16  87 -71  
20  ( 20)
77 (77  )  
5 (  ( 5  ) )
1170 ( (39  )) *  30  
8862      97 *  72  / 60    *  (   38 +49    ) -15  * (  78 +  4)  
4294967245   (51  / (  33) - (52)     )
4294967214   26  - 91   - (   25/ 45  + 17    )
11   11
83  83
26 26  
83 83
6   6-  (  9  /18 ) 
38   (  ( 38) )  
5208   14-  (  65-34 )+ 95* 55      
66  66
4294964099  (( (  4 )) -97  *33   ) 
111 (  82 +29   ) 
352710      70* (  36)+    78 * 57  + (  42* 84  *98   ) 
117   62+  (  55 )  
30 30 
0    85  /  96 
81    42+( 39)
42  ( 42)
105  ( ((  15  )  )  + 90-  38/ (88  )    )
81280  (  (  11 )*  (  1) ) * 96*   (77)- 32  
0   (     96 / 4 /(85  ) *( ( 5)  ))  
5 (  49  -  44  ) 
25    ( 45 + (14)  )-  (   44  -  82   )-  ((72  )  )    
87   87 
4   4 
4294967226  60  - (    58  + (72  ))
45   63  -  18  
79   79  
1   (  (95  ))  / 54 
56   56 
61 61  
36  36 
47 47
96   ( (  ( 96  )  ) )  
60 (  (  60) )  
90  (  (  (90  )  )  ) 
48 ( ( (48  )  ))
88   88 
84 84  
48  48  
91  91
1950    ( 65 )* 30  
84  84
28 ( (  31 /61   *    75 +  28  ) ) 
0 (   ( 59)/ 77  )
58   58 
36  (36 ) 
0   (   (  (55)) /  31  /25 /82    )
4294910475   13  -   ( 82)  -7 -  13* ((  97) ) *45   
176    5-(    66+  4  ) + (86)  + (69) +86    
3    (48)  /  15 
26  26  
29   (29) 
83   (((83 ) )  )
166    ( 86)  +  ( 80  ) 
197   60  *  (33 )/ (  9 )    -  23   
40 40 
40   (  40) 
4294967286  (      26-  ( 38 ) +66 -    27- 37   )  
0   54  / ( (  60) )
1485  15*(99  )   
0      (  7 )/ 10 - 0   
30   30  
80 80  
45 (  45)
137  (  60+  77  )
86        (71  )  -  (  61)+ 43  + 33  
0   31  / 98    
0 (     12/  69  * 84 *69 /(    77  * 25   )  )  
26 ( 26) 
640  20 *  32  
47    47 +  ( (18  )/ (  51  )  )
52  (    ( 57  )  - (  (  5 )  ) ) 
82 (    (77  )  +( 5 )   )
93  93 
41  41  
528   (  33  ) * 16 
156    94 + 62   
5   ((71)  ) -  5 - (  ( 61 ))  +    29  /  54      
4294965036 (    34 -  ( 74)*31 ) 
79  ( (  79  ) ) 
0   ((  0) )  
58    (    8 + 73    )*  ( ( 20  ))  /  ( 50)  +  26     
0  41  -41 
53  53
71 ( 71  )
86   86
4294967229 1  -(  (  5  ) +  (63  ) )   
71 71 
1248   ((  34  ) ) *39 -  78   
1   63 / 42   
166  (  (  (86) + (  80 )  )) 
153 70+ (  83 ) + ( 42)   / 75     
4294967233 (    5- 41  - 63- 28    +(  ( 64)))
20   20 
7 7
0   (  (71)  /  57 /  23  *  (  93  ) ) 
1 ( (  ( 59) /34)) 
57   57 
2408   28 * 86   
68 (    (67 ) +  69 /67 )  
43430   (  78 )*     29  * 96   /  (  5  )   * 1   
2112   (44* 48 )
34 (  (34)  )  
4294967237   (  21  -80  ) 
0  (  1)/ 57  
21   (( (  ( 21  ))  )  )
3588  (  95  -  (17)   )* (  (46)) 
0     ((   18/  53    )  )/( 1  )  
288      (48)+  95   +  ((  78))+  ( (( 67) ) )
79  79 
8    (  (44+ 75)  )  / (  88 / (6  )    )  
151 (    ( 97 *  78  )  /  ((  50)) )
1553    37 * 41  -  (  (  37 )  )    *   ( ( 0 ))  / 55+( 36)      
5   ( (  ((5)  )  )  )  
93   26  +  67  
1048   ( 28  ) +(15)* 68
74  74 
64  (( 64  ) )  
92 92 
14  14  
63 (((63 ) ))  
27 27  
4294967281  (    84+  58  ) /  3  -  62   
0   ((    16 /  89*(  56  )   )  )  
46   (  ( 67  )- 14)  -(7)  
78  (  78)
84    (56 )+   ( (  29  )  )  -   (  98  )  /  (  86  )    
114   ( 37) +77
3 (   ((85  )  )/    25 +60   / ( 97 ) ) 
3   (  56/  17    ) 
0  ((  26 )  ) / ( (  93) )  * 79   
2    77  /36 
0  (32) /  ((    34  *90 ) )   
95  95
50  50
4294967186       85 +39  - 4    *( 46  )   +   (  (  28)) - 78    
15   ( 15) 
49   ( 49  )  
10    90/ 56    *  10 
42  ( 42  )  
320   97 * ((  4  )) -  (68  )     
3762 (  (   (66  )* ( 57)   )  ) 
4294967254   45 -(    87  + 24   /(  44  ))   
16   ( 16  )  
36   36 
132   56  +    49 + 27  
109    53 + 56  
0 ( 99/( 89)/92)  
0     21  /28  /    79 *  84    
0 (     29  /  ( 52  ) /59   )
14 (14  )
619 66  * 8+ (91) 
4294967224   (  7 ) - 79  
4294960799   ( (  99  ))  - 68   *  97   
75  75
51   (  (  ( 51 ))  ) 
4294967284    40 -52
1  1 
22 22  
0   (    (42  )  /  ( 69 )   ) *67 
13  (13  )  
0   28/(   99 + 10  )   
13  (  (   (  82 )  /  53 +12  )  )  
13  (  (  13))  
172     ( 61 )+( (   13  +  98 )  ) 
0    20 /   38 *   (  47 )*32      
82   (  (98 -17  )) +1 
49 49 
72  72  
4294959981       19* 35    +   5  -31* 86+ 61  -  ( 61) + (  22 -  34 )-  87 * (61  )   
5700   (  ( 75)  ) *(  76  )   
51   (  51  )
86  86 
9 9
4294967249  ( (  (    29 - 76  ) ) )
96  96 
54  54
7  7  +    (  67 ) / (79  )  /  (  68  )  
1  1
214748362  (   30  -  (  85 )  )/20
81 81  
51264  ( (  2 *  89   *  48* 6     ))
0   (  (    29/  55   *  ( 32 )  ))
433     20  * (  19  )+  ( 73  )  - 20
4732  91* 52  
4774  (   ( ( 50)  ) *    94+(74  )   )  
0    ( ( 99  ))/  (    30  - 9    -   43  -66  )   
34  34
31   ( 31)
2  2  
1138   (   (  42)  *(  31  )   )  -  ( ( 77 ) + (87  )  ) 
62  (   29 *  98  - 37  )  / ( ( 45  )  ) 
60 60  
29   31  /    67 /   19 +37 -8     
4  (87)  /(  94  -  75   ) 
0  ( 15)  /  ((  (70 )))
88 (88  )  
233    ( ( 99 ))  -    20+60   +8   +  86  
63   ( ( (63 )) ) 
54   54  
1458   ( ( 54 ) )  * 27    
32   32
68 (  (   92 /96  ) +  68  ) 
4294967201   (    58/77 -  56 +15   -  54  ) 
51  ( 51)
1112  (   92 * (  13) - 84 )
35     (35  ) +(  62 /50  )/ 4    
24  (   (23 ) +14   *     73 / 84  -  11   ) 
84 (  38  - 35 -  52  /  41*15    +  96   )
201 (  (  25) *    ( 10 ) - (  49 )   )
12   12
69 69
32 ((  (  (32))  )  ) 
31 ( (  31)  )  
8 (8)  
900   (   12 *  (  (75))    )
6435   (  ( 65  )) * 99    
7243     (94)*  ( 78  )  - 23+  40  -    84  / 56 *    42  - 64    
0  ((  28  /58    *  45  / 64     )  )  
18   18
35   (35  )
4   ( ( 81 / ( 17 )  ) )
4294966089     97  -(16)   * 85+(  1  )  + 55 
14  14
10 10
4294967202     24 - 61  -57 
22  22
279942  (    ( 97 )* (  74 )  ) * ( 39  ) 
0 (  11 /  ( 45)    )  * (36 )   
4294967157     85 -  (7 ) * (32  )  
67   67 
77 (  77  )  
28 28
101976      (54  ) * (92  )  * 20  +  70  -   30  +   (1)*  92*28       
2   (  92  /  79 + (  82  /  52  ) ) 
52 52 
56 (  (56 ) )  
81 81 
22   (( 22 + 56  / 93   )  ) 
7 7
1708    20  +    ( (  85  ) ) *   (  19 )+    23  +50   
4294967294    (3 )  - (  2) -79 /(( 26  ) )   
48  48
11 (  ( (67))/ (  6 )  ) 
9  ( (  9))
28  (28  )
84 84 
34 34
1  ( 1)  
30   30 
4294967191   (14 )- 49  -(  70)  
4294967211   ( 76 ) /     ( 84)  - (  84 )  -  ( 31 /  27) 
81  (  81)
193   (    (( 65))+64  *2   )  
30    (  ( 76  )-29  )  -  17  
68   68  
53 53  
73    (73)*  ( 86 /68  )
81  81  
25 25
44  (44 )
55  55
1  ( (49 )/  ( 32 )   )
63   ( (  (63) )  ) 
0   (((38  ) ))  / (   43+43   * 7  )   
37   37  
34   34 
23  23 
38   38
430983     (  (41))  *    63 + 56   *  (85  )    * ( (  90  )  )  
46 46  
2   2  
95  ( 95  ) 
54   54  
53 53
74  74 
90 90  
33 33
4294967230     30  - 95   -( ( 21 )  )  /12 
0   0
3  3
36 ( 36  )  
47  47
0   (  ((12  )) / ( (  51  ))  )
7560      ( 92)  *(82  ) -(  15/  54   )  -    67+ 42/ 48 + 83   
962    (  (   51  / 66  )  )  +   (  69 *  13  )  + 65    
31  31  
52 (  52 )
42    0  +  ( 30  )  -  61 +  28 +   47  / 28    +( ( 44)  )
66  ( 66 )
85  (85 )  
22  22
4294967277    (  93  +39 *  60   )/  51 -(    37+29  )
70  70  
31 31 
60  ( 60 )  
5880  60 *98
2787  (   50 *  57 -  (   48 + 15)  )  
24 24
92   92 
81  ((  (81) ))
24 24  
32 32 
22   22  
37   37
22  22
84  84
1   ( (  96  )  /(  8  +46 )) 
84   84  
90 90  
4294967225  (  13 )-    9-( ( 75)  )  
0  (  69  -  69 )
0     (  26  * 13 )/  (  88 )  /65    
4294964778  (73-    77 -  34    ) -27*   91 -  23
2   ( ((  2 ) )  )  
2  2 
56   56  
97     (  (  (  20)) )+77   
22   (( 22 ))  
58  58  
0  47  /  (58)  
14   14
0 ((    9 *  48 /96/26 ) )  
50 30+  20  
4294967236   38-( 41 )  -25  /  51 -(  57 )    
59  ((  59  ) +   69  /73   *17   )  
44   44
135   (  15  )  * (  9  )    
4294967087   84 +  (  55) + ( 88  +  98    )    - 59  *  9-( 3 )    
39 39  
4294967227   ( (46  ) -    88 + 27 )-  54   
41  (41) 
36  36 
80   ( (  (80  )  )) 
87   87
34  34
0      (  83 ) / 11  / (  5* 81  ) * ( 66  ) 
35818  (  43 )  *     13  *64  +  42   
290   (  54  )+  (85 /15    ) /     41  + 71    +  97+68      
69 69 
4294967290   86  - (92)
41   (41 )
53  (  53  ) 
23    71  -48
51   51 
3 (  3  )  
4294967281 (  80- 95   )
43  (  88 /   46 +  42   )
33   (  33  ) 
69207 (( 69 * 59  * 17  ) ) 
49  49  
39 ( 39 ) 
33 (  33 )
2344   84+  ( 43  ) *     52-  85    + (45 + 64  )  
4294967192       (  34  +26 ) -  43   /     (8)  *(40) +  36     
29   29 
4294967210  11- 97   
40 40 
2  (   89 +  13* 15  )  *((59))  /( 77 *78 )   
4130 (  (52  ) *( 80)) +  27  - 57   
3   (  (  3 ) ) 
89   (  89) 
5658    (  82  ) *  69
4294967261   (   98+31   -  38  + 4     )/   ( 65  )/  (15)  -  (  7 + 28) 
47 ( 47 )
59   (59 )
73   73
47  47 
4294967257   10 - (49)  
54  54  
9 ( (( 68)  ) /   ( 46)  * 9     )
97    55  +((  42  )) 
30 30
55 55
36   (( 36))
46 ((  27  )/( 17 )   )  *  46  
2 2 
44  ( 44 )  
63  63
107   19+(  ( 88 ))  
60  ( 60 )
23   ( (  23 ) )
4294966933 (  (  6  ) -  39)* 11  
20 (  20  ) 
34 34  
9 9
16  16 
83   83 
40  40
75  75
16   16  
39  39  
89 89 
125   98  -( (45) ) +( 72 )   
4294967254 11 -  (53 )   
4475  (   75  *19-  14* 89      ) * (25  )
0  (  74  ) /  ((  36  *59    )  )
10   10
1   ((( 64  / 46   ) )) 
65 ( 65 ) 
21  21
7915  (  82 *98   - (  96  +  25)   )  
88 88 
5 (    ( 20  )* 10   / ( 36)    ) 
117   15  +  ( (27)  )  + 75 +  24 /  90      
9566  (  (  71)+( 60  )    )  +   26 +  (  97  )  * ( 97 )   
14   14 
99  99
0 68 / ( 90 )  
74 74
712984272    77 * 78*   ( 22  )*(  71 )  *  76 
115200   ( 20  * (96  )   * (60  )   )  
21   ( ( 21 )  ) 
61  ( 61) 
99 99 
6720   1*( 70 *96    ) 
82 82 
54  54
23   23  
924   (  (11)  * 77  ) +  ( ( (  77  ) ) )
115   79+((  (36) ) )  
215   (  ( 98 )+   24+ (93  )    )  
145 ( 89) +( 56 )  
49  (49 ) 
88   88 
64  64 
27  (27) 
114  (( (  25 +  89  ))) 
9184   (   41*  8 * 28  +  45  /  23   / 80 ) 
0  (    4  / 73   *  (40  )+ (   69/ 77   )) 
132   4* 33
84   84 
0      (10  / 58 )  *  58 / 96 
59 ( 59) 
22  22 
2313 (  37 *  (  60)+  62 +  31    )
41 (  41) 
46   46 
63 63 
60    36+24 +  9  / ((68  ))/(  43  )  
73 (  73) 
6634     71 * 93  +  31    
111    (89 )- 56 +  ( ( 78 )  )    
32  ((  (  27)+5 ))  
27  ( 27 )  
4294967283    51/  58 * (2 )  /30 - 13   
8  8 
49 49
5148    (78)  * 66   
98 (98 )  
1157     89*  13   
90   90
4294967291  (2) / 71-    94 /  83  * 44 / 8     
18 (   98  +   45 / 49 -  80    )  
71  71  
69  69
1769   (  22+  60/  8    )*(   (  61)- 49/ 83  )   
14   14 
62 ((   (60)  - 89 + 91) )  
75 75
150  83+67  
27  (  ( (  27)))
91   91
70 (70 )  
4294967245       12  /34  +   13/   98* 73      -  (  (51  ) )  
0   49 / (98  )   
3  (3) 
34152    ( (53)  +19    )  +   60 *  ( 8  *71    )    
51   51
0        36/  84  * ( 44 ) *96 /  66   
5776   85*   ( 88)  / 26 *20    + 36   
3145   (   (54  -  17) *  ( (85  ))    )  
2   ( ( 2  )  )  
217432  (( 27 )*( 70  ) *63  *84/ 46   )
6696   (72)*  (  ( 93 ))  
41 41  
36  36 
49   49  
355   ((    51 /  9 * 71   ) ) 
4077      ( 51  ) / ( 91)  *    55+ 78 +  54*  59       /   18+ ( 91 *42 )
2757 (  (  86  *20  *93  / 58 ))  
44 ( 44)
4294964300  ((   31  -59)  )  *  ( 27+80  ) 
4294961926 (( 6  ) -  32  -15  )  - (    73*  73   )   
52     ( ( (  55  ))  ) - 3
71   (  (99))/   ( 23 ) /56   + 71  
3890   40 *96+  (     93+  26   -69    )   
12 12
9483   (   87 *(  23  +  86    )  )  
6153  (  (  80  *  76  )  )  +      73  -  0  +69  / 81    *  ( 62)  
50 ( 24+  26  )
765  (  ((    9  *  85  ))  )
18 (   (  49/ 11 )  +    59-  (45  )  ) 
203 (  ( 41  )+  69  + 93     )  
92  92
3465  (  35  *  99- 15 /30    ) 
80 80 
21   21  
80      (80)  + 49  /  ( ( 14  *  88   ) )  
2736     76* (36)    
86 (  ( (86  ))  ) 
60   60 
135  (  77 ) +  58  
3641     ( (  60)*  (62 )   )  -  79
0 (( 75  *  (  0  )   ) )  
97   97  
64   (   31 -  65+  98 ) 
42  (( 42)  )
0  30/  70
1 70  / 70  
4294967283    (  30) -43  
12  12 
43 43
15 15 
89 89  
24    (  64  -90  -97 /35    )+    ( 52 )+ 51 / 85    
18  (  18  ) 
41  41
6   6 
106 (  (  95)  +  11  ) 
4515      (  (  66  ) ) -  45/ 13 * 69      + (   (  97) *48   )  
76   76 
29  29 
18 ( 18) 
69   69 
139  (( 12 +  65   ))+  62 
4294967248 25/19-    48 -    96  /83      
20 (  20  ) 
10   10
437 ( (  (  19) )  )  *((23 )+  0   )  
31  31 
56     56+  56 /  83 +5    /  ( 54 *(85 ))
13 13  
92  92 
1  1
24 (  24 )  
11  (  11  )  
263261    (50  ) *  94*  56 -      30  -  82    /   20  +95     -  (  (  20 ) )/  78  
146    53+ (93)  
88  (88  )  
1480 (   ( 60  ) / 3   * 74   )  
141  (  75-(  27-  93 )    ) 
51  51
98 98
50  50
13  ( 13) 
122012     59  *   ((  22 ))  * ((94) )   
2405   65* 37  
253080      36* (( 74  ) )   *  95  
4294967294 (      ( 14) / 91 *   18 -   89  /35       )
252    0  +   73 +85*  76  / ((36 ) )  
27   (  52  -  32)+ 13  * 46     / 75  
2970    ( (45 )) *(  66)   
31 (31  ) 
102     96/ (( 18) ) -    (   73 /73   )  +98    
4294967214  (   ( (  8 )  )  - 90   )  
68 (68 ) 
160     ( 87) +    73 + 47/  ( 17)    / 70
99 99
390 30  *  13  
47   47
1731 ( 69 * 27-    93 -39  )  
87648230    (  ( 53 )- ( 88)  )  /  49 -  78    -(43  ) *95  
4294967283 17  -30    
4294967206   (    ( 2  )  -  4  *    69 /3-  10  / 58      )
23   23  
71 71
1 ((  72  )/50  )  
86   86  
11  ( 11 ) 
89 (      ( 89) +  9/ 47)
23   ((  25 - 19    / (8 ) ) )
14 70*63  /   24  /( 13)   
909 ( ( 19 + 89   *  (10  )))  
18  18  
22   22  
4294967271     (  61 /33    )-  (    9  / 16*  75+  26  )   
37 (    64-  41   + 70    / 5    )
96 96  
470    (  (  92  / 18)) *(  ( (  94  )  ))   
0  4 *  8 / (   92 -40)
4 (  4)  
3   ((  (  73) ) )  /(  21  )    
4079223043    (  (  56/ 18    ) ) -      98 *24  *24   * (98  * 39   )   
728 (    33 /  4* (91  )   )  
4294967290  ( (  25  )/    66-7  *   5 +  29     ) 
1764    36  *  (    (39  )-33 +43   ) 
12  (  ( (45 ))  ) *   48 *      92  /  39  / 20 / 21       
69 69
6097   (91*(  (67 )  ) )  
0    (  (  89  -  38 ))  /99  * (  ( 43  )  )     
0 ( (  (  48/  57   )  ) )
60  60  
68   68 
4294847288    60-  35  -  43   *  ( 30 )*( 93 )   -(63) 
30     72 - 42 
0     (( 22  /  89   ) )-   (66  )/ 22    /(91 )   
3980   (   (  48  )*  81 )+ (5 -  2 )  +((89 ) )    
24  24  
100    48+  (   75 - 23)  
78 ( 78  )  
40 (  (40  ))  
41   41
2139  ( (31  ) *( ( 69  ) )  ) 
1248  (  ( 24  ))* 52 
23  23  
24    (  6  )  *    4-  31  / ( 6  *  96   )      
74  (  ( (  74))  )
52   52  
69   (  69 )  
13   73 - 60 
92    17  + 75  
85   28+57 
0  ( 7/  84   )
22   ( (  38  )  /  (  33  )  *  ( 22*1   )  )
77 77 
533972  (  (  80  )*  94  *71  )  +   29+23   
3 ( ( 3)  ) 
4 4 
41   41 
12  ( 12  ) 
525   ( (  25)  ) *(  (  (21  ) ) )   
3150   50*(  63)   
89 89 
165     ( 85)  +  (( 80  )  )  
0  (8/ 98 *9) 
4294966597       (71  )/98   -  ( (19 ) ) *   38 - (55 -78)  
31  (  ( (  31  )  ))
54   (  54)
29    63  - 34    
4294967216  (8)-27  -(  61)  
80  80 
72  (72) 
27  27
4294967072      8  / 48+  12 -24   -  34  - 95    -(  22 )   -    51 *85   /(  71)    
11  11
149  68+81   
14 ( ( (  38-  24  )  )) 
1956   ((   97+66  )  ) *12   
95 95
89478484   ( 3 - 27  -  23) /48
3 (( 3)) 
82   82  
4294791060      (32  ) /  75 -  21     -( 26)  *(  88)  *77  - (  (39)  ) 
26   26  
52 (  (  (52  )  )  ) 
0   ( (    31  / 63   )  ) / ( 14  )    
34   ( 34  )
93 93
4294964238  52 -48   *  (   2 + 64  ) +(58)  
4294965909     98 -  99*  15  
248  (80 )  -   11 + 74   + (65  ) + (  66 - 26   )    
36 (  ((36  ) )  )  
56 56 
1   ((66  ) )  /  53    
0   (   28  / 47  )
98 98 
64    (  64 )-( 72  ) / (75 )   *  (  (47  )  )   
4146864998      82- (14  )   -  (   2- 80 )    /(  ( 29))  -(49  )   
5   5  
62 (( ( 62  )) )  
80   (  42+  38  )  
62  62
61   ( 61 )
109 ( (53  ) +  56)
48   48  
91 91 
17  17
4661  79*(59  )  
90 90 
25 25 + 53    /97  *78 
67   67  
16 16
20  20 
2000   (40  ) *(  50  ) 
12 12 
4294967238   32-  (    97  /  1   -7   )  
65 65
90   (90 )
23   23  
23 (  23 )  
52 52
7750   92 *  84  +   42  /15 *(11)    
69 21+ (  38  )-  (  25-  35   )   
8  ( 8)
94   94 
38  38  
4294967261   ((( 16-51 )))  
47   47
0   ( 5/( 12  * 95   )) 
0  0
0   ( 70 ) /  ( (( 74) ))  
34 34  
65   ( 65)  
69 (  ((  69 )  ))  
0  (      33/   19/  65  *70 ) 
29  29
4 4
65  ((  65) )  
79 79 
20 20 
83 83 
5   (  5)  
58 (( ( 58  )  ))  
39   39
4294967227     43  - 75  - 37    
70 70  
94   (  94) 
86   86 
60 (60) 
90   90 
36  (  (   56 *33   / 50  ) )  
21 ( 21  ) 
1  ((  (   60 /40  ) ) )
2296  ( (   90  - 34  ) *  ( (41 ) ) )  
94 94 
54  54 
4294967255 45 -86   
52   (  52 )
71484     (    ( 46 )* 37 )*  42  
0   ( (   ( 61 ) /73  ) )  
27  27 
82   82  
652664   39 *  54   *57   * 93    *  47/  67 /  12-7 -   64+  36 +83 
16  16 
12   12 
31   98+ (62)/ 14-49  *  25 /   65  -  53      
19  (19 )  
5 (5 )
3920  (   49  *  (80 )  )  
71  ( (  71  ) )  
3  (  33+    71-55  ) /    (22 ) +  (62  ) / 34   
46 46  
8 ( 8)  
34 34 
46   46 
32 32  
84   84
67   67
6189   (  (  40  + 5   ) ) +64 *96   
37  ((37)  ) 
70  (70  )  
23 23 
78 (( 78) )
43 43 
4080  (( 85  )*(  48 ) )  
90  90  
4 4 
6270  (89 *    62/ 83   *95   ) 
3804       6  + ( 85) +  79   * 47  
0 95 /  (  9* 93  ) 
28  28
54 54  
4294967242      (37 )  + (  7  )  - 98    
8 8
2   98 /  (  39 )   
4294967267   (   23  / 38  +  ( 3  ) )-  (  ( 32) )    
260    60  +  ((  25))  * 8  
190   (   ( 55)  +64 )  +   71+ 16   / (10 )  / ( 29 *  97   )  
34      ( 61 ) - 91 + 90   /   21 /  34    +64   
4294963714  ( 6) -  (  69)* 52    
11 ( 11)  
85   ( 85 )  
2226   ( 25  *( 91  ) - 49    )  
96   96 
1950  (  (30  ) )  *  (  65 ) - (   5  /26  ) /  ( 50  )    
64 64
38  38 
161  (((  66 +95    )  ))
2777  ( (    98+  57* (  47)    ) )  
84 ( (84 ) )
80  (  52  )  +  28   
5046     58  *  (    ( 45  )  +  (  42)   )   
4  4  
2  86 -84  
4294958468  26 + (    (64) -    91*98  )   
60 ( 60) 
4032    (   84 *(  4  ) )* ( ( 12  ) )  
30  30
33   33
1 ( ( 92  /  (82  )   ))  
75   75  
15 ( 15)  
84  ( 84  )  
21 (( (21))  )
90    ((3  ) )  *30  
473005    73 *( 90)*(72)  -   35  +  69 /  89  
42   (  42 )  
0    7 * 10 / 78
56  56  
1465    37*  39+22  /  (  79/69 )    
54  54
2823    (  20)*      57  +  33  * 1    * 51  
63   63
17    ( ((  35 ))  )  / 2 
48 (48 )  
94    22+ ( 67)  +  5   
21 21 
80   ( 77 + ( 44)/ ( 12 )   ) 
4294966380      74  -  30* 15     *74  /  33+( 18) + (  1 )      
4482   (54  )  * 83    
4294967265 (     40  *  69 /  46 -91  ) 
26  26
3372     (   54 +  1  )*(63)  -   63 - 47+  17   
4294967209   (  43  / 64   / 16    ) -  (  87  )   
4294967243       24  -  80 +  ( (  65) / (  18  )   ) 
290870  (  (     58  * 85   *59   ))  
702   ( ( ( 54  )*  13  )  ) 
35  35 
1889    56+  (  (    47 *39))  
43 (  43) 
735  (  20  ) -  (( 78)  ) +       6  * 61   * ( 39 )   /  (( 18  )  )  
45042         55  +  35  * 13   *  ( 99  )  -  58 
35   35 
98 98  
24   (( 24 ) )
73   73
2  (  2  )
6973     (28  ) *25  *  ( 10)  -  27  
84  (  84  )
79 ( ( (  ( 79 ))  ) )  
18   ( 18)
68 ( ( (  68) )) 
93  93  
4294967197   ( 14  /    39 /  81  -  99   )  
4294967182      43 / 20   /3  -     22  -58    -  41   + ( 7 )  
0   0  
79 (   ((  71 ) )+(53) / (  6 ) )
129     ( 95/45  ) +(  29+  29  )+ (  62  +  7    )    
4294967203 (     (  25 ) -  59 - 32    -  ( (27  )  )    )  
4294967237  (   72  +(49 )  -( 93 )- 87  )  
96 ((  96)  )  
53   53  
82 (  (82  )  )
1   (  32  )  / (27)  
15579  (    45*    12* 29   -81   ) 
50  50  
9565       75  *  71   +19  *  (24 )*  30*22  /   (71 ) + (2)
0  98  / 19 /(7+28 )    
54   56- (  9  )/4    
1        9  /79 + 68  - 70  /  (  53 )-  (65  )  - 1  
16   (    16  -( 38)/ ( (94 )) ) 
88   88 
84 ( 84  )
9926  (   55*2   *90+ 11 ) + 89  - 74  
66 66  
26   26  
0 (  (54  ) /(  ( 99 ) )  )  
285    ( (72 )  ) +  ( 93 )    + (    35  +85    )-( 72  /81   )  
67   67 
8  ( 61 )/  7 
20     1  *20   
4294966944    (96-58 )- 70 /  7  * ((  39  )  )   
463    98/81 *  88*    7 -75 - 64+  43    -    (  36 )/  (4)*84  /  38-  38    
501   (22  *      27  *65  /77   ) 
184 ( 45+  67 +  (  72  )  ) 
50   (  ( 50)  )  
4  (  (97))  /     (  51 ) +  81  /  ( 25)      
21  21
43  ((43 )  ) 
52   ( 52 )
35 (  35)
77 77
1442    (92) *  (  ( 77  )  )   -  ( 59 )*     98  +91   +( 49)     
95  95  
55  55 
152    (  (18 )  )  *(  ( 9)  )   +  ( ( 35 ) )  -  45    
17   (17  )  
1960  (    97 +  61 -16* 16  )*  (  (  37  - 57) )   
47521   ( (  13)*57  )*    64* 1 +  97  
8  8  
23 23  
2107     (  49)*((43  ) )  
4294960136  ( (  24)  - 76  *  93  -    48  - 66   - (2)  )
10 10
57786    (    16-  78  )+   53*63  /  (59 )   *( 34  + 37  * 27)   
4294966542      31-  58  -  16  *  56    +     49+  97    / 35* 19      + 82 
86  86
69 69
9 (  9 )  
51  ((51  ))
0    (  (43) )  / 49  
2  (    22-   60/3   - 10  /90  /  (  83)     )  
69  69  
11 ( 11  )
97   (  ( 97) ) + (  8 /  36  )    * 50  
37 (37  )  
55  55 
71  71 
2001   (  (( 33  )+  41* 48    )) 
6154  85  *  (  73 )+  9 -60  
10   ( (38 )  -(  28)    )
6 (   14  +    12  /  92 -(  8)  ) 
73  (  73  )
77  (  ( 77 ))
0   (   50/ 2/  33 * 81  )  * 59  
50 50  
0  (    ( 22 )/  34 *  (30  )  )
63 63  
13   13 
27   ((   1/35 ) -(    63-90 ) )  
99  (99) 
54 54  
76  76
1   82/79    
71   71 
39   (  81 * 29 -  92 /44    ) /( 60  ) 
97   ( 97)  
105400  31  *   ((50)  )*68   
76   (  76  ) 
22  22
350     (20  )/  ( 77)*   40  +70      *  5 
153       (94  )+  (  72) -  49  /  52 - ((13))  
15  15  
0 ((  (  10 / 53    )) )
0   0 *  ( 34  ) *46  /  82     
7830   (   31 *    96/33  )  *  ( ((  87)))  
80 80  
98   ( 98  )
87   87 
41 (  41 +(68) / ( 69  )     ) 
4294965578     67 -  (   (85 )* 21  )  
59  59
92 92
138 (91  + 47  ) 
3577 (   ((  49  ) )  * 73 )
86  (  86) 
83  83  
56  (  8)*( 7  )  
5 5
33   33
72  ( 6  * 9 + 93  -    55  -20   ) 
96  96
25  ( (  25)  )
0    (  54  )  /  (  59  )   
0     ( 0  ) *   (58  )*  (  23) *   73  *  87 /4        
6  (  6)  
61  (  ((  (  61 )) ))  
55 ((55)  ) 
66   (66  )  
4294965768 78-     58 -34  *  48  +  ( (84 )  )
80     80+  ( 42  )  /( (  13  ) ) / 41  
39   95 -  56   
90 ( 90)  -(  2/ 5  )  + ((0  )  ) 
210 (67  +(  85 +  58    ) ) 
4294967281 59/    (42)-  ((16  ))    
0  ( (  93 * 0   * 95 ))  
4437    47 *   77 /    60 *  72    +55 +  62       
292    ( 22)  +   ( 67  / 10)*  (  45 )  
78   78
0    38/   31 / ((51 ) ) 
0   (  (  0 /57    ) /( 76))  
528264   ((   (  92)*   99*  58))
43  (  (   13 + 28    /  33  + 30   ))  
4294967254   54  -( (  22 +74   ) ) 
33   33 
62  (    ( 90 )-  (20)- 8  )
11   ( (  11  )  )
28  ((  (28) )) 
16464  ( (  ( 56) )  *  (  3* 98    )   ) 
124201    84 -23  *(  72  )*(  5-  80   )-  60  -  23     
75 75
15  (( 15)  )
3348   (  93*36  ) + ( 10 )    / 56    
80   (   68-  40+ 52   ) / ( 73 /42  ) 
0  ((  (  0  ) ) )  
39 39 
68  68  
43   43 
93 ( 93 ) 
25  70-45   
0   (((  0  )  ))
1410  ((  47 *(30 )  )  )
95   95 
17 (17) 
0 (   ((  6 )  ) / 40  )  
4294967171   ((    26-69 -  99 +  17      ))
3132  ( 54  *58 )
56  56 
42   42 
42  42 
4294967276  ( (47)  ) -67 
50  50 
45   45 
54  54  
66  (  (  66  )  )
0 ( ((  96 ) / (98 )) ) 
48   48  
80  (80)  
57072   ((37)  )+  (  ( 55  )  *   61 * 17  )   
92 92
77   77 
95   ( (  98 -  3 ) )  
3621 (    71  *  51   ) 
40   40
20   (20  ) 
79 79
45 45  
82  ( ( 82 ) )  
44 44 
6  6  
97 (  97) 
63  63  
27   (  ( 72  )/44 ) + 26   
4294967282 (  (82  - (  96  )    ) )  
948   (( ( 79)  ) )  *  12 
64     ( ( ( 64 )  )  )  +  ( 43/(93 )   )  
3  3
57    (  13  )  + 44   
51 51
29   29  
59   59 
910   (     67*  12  +  44+  ( (62  )  )  ) 
13  (  ( 13 )  ) 
18   ((    61  - (43) )) 
9  (( 9))  
17  17 
74   74 
9  ( (9  )) 
75   75 
3 3  
15  15  
88   88
45  ( 45  )  
41   41  
0  (   55/  (95)  )/  (  ( 35  )  -  64 -  85    )  
63  ( 63 ) 
66 66
20   20
5372  ( (79  )  )*  29 /  29*(68  )      
47  47  
168  93 +  ( 66)+   18 /  87     +( 9)  
82   82  
34   34  
34  (34)  
30 30  
51   (51  )
28     28+  (14  )  / 76*  ( 80  ) *( 72 /42    )     
659  (  (  (2))-(18  )  +   15  *  45      )
359   (   83 +74 /  9  *34   +  30  / 7     )  
77  (  (  77 ) -  (   3/ 62  )   ) 
4294967268     90 *  16 /     97-  76-   55 +89  +  (   4-4 )
70 (  ( (  (70 )) )  )
526176   (  29  )  *    (  27) *  8* ( 84 )  
10  ((  28 -  ( 18)  ) ) 
82 82  
49   (  ( ( 49  ) )  )  
9    (( (37  )) )  / (36  )  *9     
13 13
7777   84 * (92  )+  (  13 )  +  (    39/  53   +36  )  
21    ((  (  55 ))  )- 34
82   82 
158410   62  *( 73  *35 )  - (  (53 )  /   72  /  65  )   
155   (88)+  67  
98 ( 29 +( ( 69 )  )  )
61   (  36  * 82 )  /    18 -33   - 70  
85   85 
6 (   13 *83/    55  -  ( 13  ) )  
90  90
6   (  32  /  5)
94  (94 )
64994      (  (14) )  +  (  19  *95  )   *  36 
6197   (  (  69  *90   ) ) +    24- 37   
41 41
7644 (  (   ( 49)*  39*4  )  )  
7   7  
34 34
96    ( 18  )+78 
3379   (     48+ 85   - 2 +  (  58  )*  (  56  )    )  
21 ( 35  ) -((42 ) / 3 )
2020   15 *      (82 )  +  10 * (  79  )    
29   29
4294967278 30  -48
16   (16  )  
84   (  (( (84  ) )  ))  
53  53
75  (   1+  (37) +  ( 37)   ) 
1813   ((  25 * 75 -  62   ) )
228017      ( 51) +  (45  )    * (  ( 62)  ) *   ( (81 ) ) +(38 )*  52  
23     ( (  45)  ) - 22 
2495  (   47+ 49*  (  38 ) /  (40  )  *    54  -  36    )  
0   29*0 
44  ( ( (  ( 44)  ) ) )
85   85  
6   ( 6 )  
78      73+   22  +  55/  58- 89    / (( ( 5 )  ) )   
5  5  
1922  ( ( 34* 8  +  33*  50   ))
72   ( (72  )  )
38 38 
57   57 / (  (  32  /  23   ) )    
3 ( 85*  37  /   12-95     ) /55   
122   93+ 29  
0    (  29/ 58)  /  71  
20  20
4294964168    (  48  )-88*   95+   96 * 54    +( 0  )  
53  (  8  )  +  67 /56+ 76 - 32      
75 75 
76     75 +( 97 )  /68 
84 84
47  47 
93  (93)
0 (    19 /( 21  ) *(  86 )  ) 
98 (  98 )
0   (    7/ 36   ) 
19   19
94   94
51  (  (51*   79  / 78  )  )
42 (( 42  ) )
295   ((  59  )  *  ((  5  ) )   )  
69  ( (( (69  ))  ))
0    76 / 38/ 42  /75    /  ( 52  )    
3  ( 3 )
444  ( 74  )* (6)  
83 83  
4294966621 (   84 +3  ) / 59 -  (  13*  52   )
48   48  
4294967031       7+ (  68 )* 34    -  41  -    ( 29 ) *86-49       
45   45 
24 24
0   (  (  (56  )  /  80    ) )  
2    ((( 69 ) )) /29  
41 ((((41 )  ) )) 
3186  (  (  97  +  21  )* (  27 ) )
71   (71  )  
97   97 
95   95  
8 ( 8 ) 
10  10 
88       91  -7  *  17  /47  -(92 )/(  51  )  
615 (  (  41 *17  ) )-  82   
3 ( 89  /27   )
92  92 
59  59
822   (    ( (  43  )  )  +  (   19  *  41   )) 
0 ((  28/  51  ) )
57  57  
173 (  77 +96 )
0   (  (34) /  ( 44  + 81  ) ) 
12   12  
12   ( 99-(  87 )    )  
4294967220   (    (  97)  /    3  -  38/( 2 )-(89 )    ) 
1148   ( (    71  /  73  )+  (  14  *  82  )  )
59   (  59 )
4294967203  54  /96   *  (  (7  ))  - 93   
2496     ( ( 26 * 96    ) )  +  ( ( 59)/ 86    )   
81 (  ( ( 12  )+   6 +  63    ))
2059   71* (29 )  
49   49  
1360  (  20  *  68)  
99  99
4294947289    25  *    83  + 70-  26  *  12     * 71   
1 ( ((  33 ))  )/ 24
37  37
4294789103     62+  8 -(  89 )  * (91 )* ( 22 ) -85
3   (82  ) /  ( (24  ) )    
58 53+(  5  )   
27  27
82  ( (  82))  
78   78  
39 (6  +  33  ) 
1069 (   77  +      21 *47  + 5   )  
4294967282   39  / 79-14    
7  (  (  7) )
81  81  
58   ((    58- 10    / ( 55 )   )  )
17 17 
12  12 
3394    30  +   34 * 97   + (66 )-(   (6)/ 13  /  84  ) 
119  (    95  +  24) 
96   (  96  )
144     (  (81))/ 42  - (   37 - 5  *  36 ) 
101265   57  *  (  25 ) *  3 *23 +  35 *84     
52   52
29  29  
203    7*  29   
0   56  /36 /(  89  )    
2997476    (  ( (32)) ) *    85*  58    *(19) +7  + ( 29 )   
87     24+ 85   -  22  
2    96  /38   
34952        9  + 36   *  (57 )   *17   + ( 41 +63   )  -((45)  ) 
6   93  -87  
92 92
1880   15  *    8*  94/6    
0  (0 ) 
96 96  
36   37 - (  (  52/  47   )  )    
9   9  
4576  ( (  ( 88  )  *  52 ))  
133  (   (  (  88))+  (  81  -36 ) )
33 (   (  56 * 55   )  / (  92)  )
37   37
133 (    ( 8 *  24   )-59  )
99  (( 99  )  ) 
47      (9) / 13 +  47 
4294967256 ( 84  )  *  ( 13  /29    )-  40    
71   71 
2    (  ( 93 ) /45  )  -    5  /14  
18   18 
11   11 
140  96+(44  )  
6277   40  +  (( 77  *81 ) )   
9    48  - ( ( 60))+21   
1360  (  68  *88   /35  ) * ( ( 8 )  )  
69  (69 )
4294959765   22 - 54 *41   * 45   / (  (13  )) +   60  +(  50  )     
0  75 /   97* 12  
98 98  
79   ( 27)+ ( 52 )   
77  77
22 22
0   ( 12 / 47 /    97*  71   )  
1  1
60     29 +  31
77  77
95   ( 95 )  
4294966711      98  -14*(  62  ) + 98  +(87 )    
107 ( (    81  +(  26)  ) )  
0  (  39 /(63 - 20    )   ) 
22 (  22 )
30 30
95  95
0 (  (13  /  55  / 30 / 9  )  ) 
34  34
4294967289  ( (  (  77)  )  - ( ( 84  ) )   )  
83   83  
10 ( (  10  )) 
3995   ( ((  85 *  47 )  )  )  
62    ((  94 ))  -  ( 76 ) -  6+( ( 50) )     
4294965025      94  -  86  + 49   - 97 * 24    
94   ( (  ( (94  ) )  )  )
66     38 +     57 /  23 *  (38)     -48  
22  22 
4294967169 88 *    12/  ( 47  )    - (80  )-  79 + 10      
0   ( (0)) 
150 55+  ( ( 95)  )   
93 (  93) 
44  ((  ( (44 )) ))  
4294938911 31 - ( 8*74   *( 48  )  )
54   54  
7760   (    (  97)  *80  )  
665     20 *(34 )  -98+ (  83 ) 
48  48 
97   (( 97  )) 
99 99
35  ( (  (( 35  )  ) )  )  
21   21 
1  ( 61/  (  (  50)  )   ) 
69  (  (( 69 )  ) )
48 (  48  )  
0    3 /  ( (87 )  )  / 39 
62  62
77  ( 77 )  
94 94
57 57 
27720   49 /  (  5 )*   (  56  )  *  55    
71   ( ((71 )) )
55   55 
172    (   2 + 64  )  +91 +   33/  91   +15 
69  (  ( ((69 ) )))
15844     (  34  ) +   6 * 85   *  (  (  31 ) )      
99   (    55 * 94  ) /   ( 52) +  (54  )   /73
39  ( 39 )  
56  56 
13  13 
0    0 /  (37  )  *49    /  (  (  49) /10   )    
69 69  
0   (   37/  65   )  
69   69 
12  12 
54  54
5316   (  82+77   *( 68 ) )-(   92-  90   )  
92   (  92  )
46 (   96  - ((  50 )  )  )
52  (52  - (0 ) / 62  ) 
75  75 
0   96  /87    /  8   
104 (  (  11)  +93  )
76 (  ( 11  )  / (62  )  +  76   )  
4294967234   ((  30  - ( 92  )  )) 
31  ( ( 87 /54  +  30   ))
43  (43 )  
66  66  
33  ((  33))
88  ((  88  ) ) 
33  (  (  70 )  )-((  83  ) ) *  34/75    
89 (  ( 89 ) ) 
16  16
31   ( 31 ) 
45 45 
57 ( ( 38) /12  + ( (  54  ))    ) 
60  60  
4294967135    2-    75 *   58 / 65   -  (  34+ 63 )  
15   15  
89    ( (  (46) )  ) +  89-50 +4  
84  84  
0  (( 50  ))/  80 *    58  /46   *(   88 *12)  
50   50 
31  31 
4219   (  (     76 * 55 +  1  *  39   )) 
82  82 
57  57  
702     ( 66 )  /7 * 78   
97  97  
4294967204  (    5  -  42+  59   - (99  +  15  )    ) 
715827880 ( (   35  -51 )  /  (  6  )   )  
7   (  ( 90 + 84)  )/ 22 
3693  ( 57 *  67 -43  )- 83  
9  (  9  )
11   11
112   6  +1*( 62  ) /55  +21 *(    85- 80   )   
4294939576 (   89*  0   -(  18) *( 77  )  *  ( 20 )   ) 
42   ((  ( 39+3   )))
54 54  
93   (( ((93  )  )  ))
70   70  - (  52  /(  91))  
9  (  9)  
4821    3  -  20+  60  *  81- 22     
27  27  
23 (  (   19  / 7 /  2  +  22   ) ) 
43   43 
81  (  ( (81 )))
1   (     93 /21 +73 )  /  (  50  )  
6875      39 *96   - 61+  (  (  84  *38)  )
177 ( 94  -  58   )*    5-  78  +71  / (  67 ) *  75       
46   (   79 -33 )  
4294961716     ( 93  )  *(  (77)  /13  -  65    )  
15   92  -  54/   ( 62  )/ 65    *  61- 92+15     
88 88 
39 ( 39)  
8   (8 ) 
76  76  
57  (57 )  
68   68
70 (( (  (70) ) )  )  
77 (77  )  
0  79  /  5  / ((33)  )   
13   13
43 (    ( 45) - 28  /  ( 92-  80   )   )  
37  (  ((  (  37) )  )) 
20   20 
61 61 
102 (  20 +   82+59    /  67 )
91   91
56  56 
4294967127       2 - 46 -   58 *  48    /( 72)   -(  24  /  1  )  - ( 63  )  
70   70
4294698234   ((  0) * ( 3)  ) / (  93  ) -  48- 98 -  79*   46 *74     
3  (67  )/(  22 )  
71 71 
87  87  
49729   (60+ 39 )/  78  +  37 *  28   *(  48)
24  (  ( 24 ) ) 
82  ( 82)  
39   39 
232  ((  59 +92  )) + 81   
73  73 
605200     ( 85  *80  )  *  89 +  15    / ((  ( 67  ) ) )
68   (  (  36 /  35+67  ) )
4294967294   ( 54)  -  56  
83  (  39  +( (44 ))    ) 
99   99  
16   (  16 )
75 75
55  55 
171    46+33  +92  
167563       93*  55 *    33  +48    - 85  *   (  56 )/  (74  )  * ( 20  )     
520  ((  52*  (  10) )  ) 
432   ( ( 8  * (54)   )) 
85  85
33 33 
144   ((  72  + 36  *  (  2  ))  ) 
49 49  
48   ( 48)  
32   4*     (9) -( 4) +(0  )
23 (  23  )  
17 17
2914 ( (    31* (  94 )    )  )  
60 ( 60)
85 85
81    61  +20    
95   ( 95  ) 
159     73  +86  
22  ( ( 22)) 
44   44
0    (38) /51  
84   ((  ( 84 )  ) )
18   18 
105     ((    20  +23) ) +62    
0 (   (   51 - 26 ) / ( (  45 )) ) 
0 (   ( ( 78  ) )  /  81 ) 
0 (  79/(   88 +93    )) 
36   36
4294967294   (    56+40 /(  56  ) /  26  /    7 - 58     )  
568    94*  5 +(  ( 90  )+   53 -45     )    
97  ( 97 )  
86  86
72  72
22800      40  *   57 * 10   -    97 /    47  +  77    /26    
65 65 
68   68 
54  54 
998    (  ( 72  *11    )  )  +     64 +94   +30  -(51 )  +  69    
4960   80  *  ( 60+ 2  + 36  / 58  ) 
42  42 
0  ( 43 )/ ( 96 *  52   )  
11 (  (  (11  ) )  )  
104 ( (  (75 ))  +  29   ) 
96   96 
4225693679   48 -(  67  -  85)  / 62
4294967292   (   ( 78 )  /  (72  )  )- (5  ) 
2444 52  * (  47 )    
77  77 
82  82
46  46  
189  (   25  +  14  /(2)   +  64-35  /    6  +  98 )  
48  48 
25  25  
86   ( 86  )
72   72 
1875   ( 25  )  *  ( 75)    
15   (11) -  53+57  
4294967170 ( 56 )-(( 91  ))*  2 
37  ( ((  14+ 23  )) )  
70     33+  37 
4294967218   (( 77/   72 - 79     )) 
22   22  
317    (  61  -   0 *  58    )  +   94 /  (  21)  *   80-  64      
12  12 
775    31  * 25  
58  58  
4 4  
76   76  
49  46  +  3 
44   44
15  15  
4294966892      ( 70  )  + 21 -(  15  *  33    )  
1498   38  + (  26  ) *  (58 ) + 36-  ( 84)    
9   9 
79 ( 79  )
56  (56)  
24    95-  ( (( 71 ))  )    
53   53  
16   16
20  (    ((40)  )  -  ((  20)  )  )
62 62 
16  16
49 (  (   43  +   3 + 3  ) )
102261125 (    (  17 -  54    ) /  42   )
4294967269    (  51)  -    80+  60/ 25 +   (  5 )  /  ( 17  )    
841  ( 20 * 45 )  -  59    
10 (  2  +  8 )
98  98  
7 ( 92 /  13)  
16 16
104   (    2* 52    )
21  21
88     46  + (42)  
73 73 
98 98 
99   99  
2 (2)  
18     18 +  ( ( 3 ))  /    52 *99  / 7     
0   23  /42  / ( 45 )  
34 34
65  65  
4294830245         53-22    *  41  * 76   * ( ((2 ) ))    
2367    (   89  *  26  )  +30   +  7  /(  2 )  /     94 /  60  +23  
2390      (  67  )  *  ((37))  -    91  /  (  56 )    - 88   
77   77
3769   ( ( 43  ) ) *  87+   35- 61   +(54  )  
68  68  
73  73
88   88
4294967288    11 - (19 )  
0   1/  (  91 ) *  30   
584   (    (73 )  *   44 *  12   /(66 )    )  
55   55 
60   60 
12 12  
24  24 
43 43  
0  0- ( (  40 / 60  )  )
16   16
87    42  +45 
10    60  / ( 37  *  1  -31    )    
9   (((( 9  )  )  ) )  
4294967293 ( (  (41 )  )  - 44   )  
76 76 
4294967263   (   ( 96)-   41 - 96   -   ( 19 )/88 + 8   )
69 69 
49 49  
69 69 
50   50
33   33  
31  31 
4   (  (    9  *11   / 59  +  3     )  )  
2168   54 *  39 +  61 +(  45 ) /  (( 41))    
4294967289  ( (   (  78  )-  67  -  18    ))  
4059 41  *99   
1372    (  14  )* ( 98  )
92  92  
20 ( 20  )
15  ( 15  )
2283    89  -   30  - 72    +  (  (  82 )) *28 
186   (  79  +(  37  +70   )  ) 
56   56  
79 (79  )  
1001    18 *      47  + 30 + 70  +  55   
4482  (   49 *90    +( 72  ) )  
37   37 
81 81 
4008636176    (( 30) ) - ( 53  - 87 ) / ( 15)   
50  50
33  33  
45   56  -  ((  11 )  )    
27 27  
209   (   96/ 49   *   76- 61  ) + (    96 - 82/77 +99    )  
98   98 
4294960479    47  -41 * (    76 + 88   )   + 95  -23   -99 *15      /    7-67  /  99    
83   (  (83 )  )  
8  (  8  )  
4294967214 6-  88  
0    22 /  ( 13/60-9 )   
49  ( 49  )  
80   ( (  80 ) ) 
26   26
11115 ((71  )  + (45 )    )  * (  96  )-(  64 )  /3      
4294935805 (  ((  32 ) )  -   35 - 41  *   32* 24   )  
122     80- (    83+ 48  )   /    82  / 88 +19+( ( 23  ))
16  16  
45  45
57 (( 57 ) )
78   78 
164    86+((   1+77  )) 
0   27  /  52 + 31  / ( (  36 )  )/  (   67-  15    ) 
57   57  
36  36
77   47 +  ( 78  )  - ( 68  )  +  20    
93 93  
9 9 
195195    65 *  ((33* 91 ))  
98   (   (58)/63 * 33     +((  98)) )
44   44  
110 (( (73  )  +  (  37  ) )  )
41  41  
97 ( 97 ) 
16  16 
26 26
43 (43)
4294966431      (72 / 59) -    11- 46      -   (5-0   )-   48-  63   * (  12) 
95   (95) 
33  33 
60   (  60  )
64 (  (( (  64  )) )  ) 
33   33  
59  ( 59 )
34  (  34)
4294965876    40  /     76  - 67   *  22  /  71     *(  (  71  )  )     
3075   75 *  41
5422   60  *   (( 92 ) )  -(98 )   
4294967278 ( 35)  - (  (    53/ 1 )  )   
97 97
35  35
4294967219   18- 95  
98  ( 98 ) 
26  26
56  ( (  56))  
16 16
26 26 
37 (  37)  
4294967253 81+   66 / ( 39 ) -  72-  53 
42 ( 42 )
77 (    49+( 28  )  )  
3  3  
66   66 
54   ( (  (  (  54 )  )  ))
6 (    ( 45 ) * (4  )  /  ( (26  ) )  ) 
29   29
4294967269 (   (40  )  -67    ) 
91  ( ( 91)  )  
4    (75) / 64 + (  ( 51  ) /  ( 13  )  )  
28 ((    33/  96  )  )  +  ( (  28 )  )
53   53
50  50 
8 8 
54 (50  )  + 4  
110      (  35)  *   5  -31- 34  
7257627 (  ( (  39 )  ) *   (93)  *87* 23  )
178   (  98)  +80 
95   95  
34     69-35
63 63  
80 80 
3    (  ( 26) )  *   11 /  94 -    27/  6/  62   * (3)     
2156  (  77  *  28  )
18  (  26  -   93  /65 -(7  )  )  
27   ( (27  )  )  
0 (  ((  0)  )) 
10  10
27 ( ((  27)  ) )
4294967251     (  46  )  /60  +   83  -75 +   52 / 32   -  54 
22  (  22  ) 
3   ( 3 )+ 24  / 62  
31  31
15   15
975   (  ( 75  ) )+  15  * 60   
87 87 
29 (      56/ 57  +29    ) 
44 ( ( (  44)) )  
976   (   2- 88  /  69 +  25    * 39 ) 
37   (  37 )
60  60  
74   74 
0  82 /  (  (21 )* 47  )  
0  ( 12 /  68  /41  ) 
69 69
60 60 
4294967070     ((  98 ) )  +  ( 37-89   )    - 15 *16  -(( 32)  )  
799 ( 27  *  33-92   )  
86     64 +(  22  )   
1    6  /  27+  83 /   47 - 27    / 29  
29   29
47   21+ 26   
0  25/  34   
69 69 
35   35 
4294967057    (((39)  ) )+   9 -  (  41  ) *((7) )   
69  (  69  )  
0   28 /  99  /  98    * 33/ 92 - 39  /62     
91  91 
86  (  ( 86))  
90 90
52   52  
67 (67  )  
32 32 
580 (    35- 72+   9 *64      + ( 41  )   )
48 (  48)  
62 62  
98   39/ ( 13  -  93 )  +98    
2962   63* (  98-50  )  -  71-  (65 )+  (  74  )   
4294967256 27- (12)  -  27 -87    + 59 
97   97 
93  (    (( 30)  ) + 63  ) 
122     97+25   
75 (75)  
1 ( ( 65 + 86    )/ (97  ) )  
11  ( 11  ) 
44  (44  )  
1  (  ( 6) ) * ((  13 ))  /  43 
65       98- 33  -(59  )/ 60 + 52 / 35  /  88  
70  (  ( 70 ) )
2 2  
94   94  
22848   (  (  68 * 84  * (  4  ) ))
66 66  
98   ( (  (  30) + ( 68 )   ) ) 
4294967251   (    (  48) /81 /     72  +  43 -    44  -  44    ) 
89   89
55   55 
4294967287   ( 39  -48   )  
31   31  
58  58
4294967243   ( (   84/99   ) )  /    ( 68  )*  ( 31)   -53   
0 ( (  65/  67  * 39    ) )
9    76  / (8)  
2610 ( 58  )  *45  
85   85 
31 31  
115  ((   14  +56   )  +  ( 45 ))
26   26 
900     ( 9*90 ) + (90  )- 64  /(      16  +1  * ( 84  )  )   
1  (  (  85 )/ 83  )  
0  39/ 65
58    ( (  (  58)) )  /  (  ( 79/45  ) )
744   93  * 8 
96   96
0 (   ( (55  ) )  / 59  )  
2318   61* 38   
5558    ( 76 ) +70*  73  + 6*62  
6244   (78+   71  *  87  -11  )
48   (( 48  ))  
45   45 
0    8 /  35  *  25 
92 92
77   (   (  77  )  +( 83 )/  (79)/19) 
3762 3*(( 19 ) )*  66     
98 98
94   95/  44  * ( (  47  )  )    
96   (96 )
59 (  (   24+(35)   )  )
0      (  74)*  (12 ) /40  * ( 26/  69   )  
1    ( ((86  )  ) )  -85    
57 57
68   68 
87   87
94     ( (63 )  *57  /  32    )- 18 
20 20  
11  (( 11  )  )
2  (  1) +   ( (  77  )  ) /44 
87   87 
563   27 *    (  20)-(   15  -  38    )  
19 (  (  19 ))  
0  (      52  /5 /71    )
68  68 
184    44 +(( 35  *  4 ))  
57   57 
318   57+(    87 * (  3)  ) 
0  ( ((  43)  )  ) /  ( 62 ) 
37   37
54  54
9  (  9) 
798525       (  13* 39  ) *25   *63 
157   ( 89  + 6 )  +(  62 )   
0   73  /  94  
4294967214   ( (  5/ 7  - 82) )
163   ( 95  + 68   +  0    * 56  )
92 (  (    86  / 83    *  92  ) )  
3  53  / (16 )  
92   (92 )
18 18 
78   78
61 (( ( 92 - 31  )  ))
49 (  ( 49))  
83  (   83 +    35/91  /1 )  
63  63
6495    ( (43 )  )*(   59  + 93   )  -41
4294967264   (  10)  -   (99)+    5  +  86     -  (69)  +99   - 64    
0   17 /(    91* 49  +  (  20  )   )  
30   ( 30)
4294967179   (    17 +12  -57  -89  )  
20   20  
144   (  83* 89   * 42  /  86      )  / (  (25))   
12  (  12  )  
74   ( 74 )
6   6 
0   18/( (13  -86 ))  
4294967256 (   (  (  58 )  ) +11  +  46 -75 - 80   )
0  (   91  /   38/  80   /  (  13)  ) 
9  9  
20  ( (    21  -  43 /  32    )  )
30  ( 30  )  
142 (  ( 94)  +  (  48 ) )  
28     (( 85*  29 )  ) /  87  
82    ( 45 )+ (( ( 37  )  )  )
2  (45)- 43   
0  (  81 * 41 )/(  10  - 11  )/5   
28   28
7  7
1      70 /  55  -  27    / 59  *( 21)  
2700   54 * (  50 )
0    25  /     52/  18    *81 / (  (  85  ))     
104   94+(  10 )  
0     38  / 84 
12 (  12  )
30  30+  (  45/  98    ) /    39- 1  / (  89 )   
2  2
24 24
46   46 
1410   (((  30  ) ) ) *47  
4576     52*  ((88  )  )
3  91  - 88 
5   5
4059      ( 12  )  /    88  -36   +(  91 ) * 45   
99   98 +(1)  
75   75
44   44  
92   92
18  (( (  (  18 ))  )  )
17   17 
46   (    (44)/ 85/  59 )  /    (  82) -  21  + 67  
72  ( (  72 )+(  50 )  /    39 /40    )  
4294967285 (  37/(  8 )  /62 -  11   )
91   91  
568   34+  84  / 31  +6   * 81  + 46      
42   41+  ( 32  / (31)  )   
95 95 
0   (  (94-28)  / (   15*  44    )   ) 
4294967257   ((    59  - 98 )  )  
66    72+ (  49  - 80+  25  )  
12  ( ((   98/8    )))
96  42 / 36  * (  96  )   
88   88  
3648   ((( 57)  )  )* 64    
61 22+ (  (58-  19    )  ) 
2791       47+50    *52-  22   /    96  * 55  +  (  6)   *  24    
48     ( 48 ) - 21   /95  * 30
707  (  (  75 ) )-  (44  )+  10*   (  69) - 14  
0   ( ((3 ) ) / (  73)  *  (85 )   ) 
29812  70  *  6*71  -26 + 18   +  3 /43     
86   86 
62  62  
0     (  3) /46
4294967276   (  5 - ( 25) )
81 81  
72  72  
128  (   (  93 ) *  54   /  ( 39 )    )
84  84  
4294967146   (   (   57/ 56  )-(  85 )  - 7  -59     ) 
36  36+    79*(15  ) *   0  /39       
4294952932   (  (  51)  - 93    *(  93+62  )   )  
162     17+ 69 +76   
168  (      50  - 43   +   75  -  79  /    ( 82 ) + 86   ) 
26  ( 26 ) 
8  8
1988    28  *(    70 +  97 /(78)    )  
93  (  (  82  / 20 +(  89)))  
2  2
48 48
6  (  ( 6 ))
44 ((  44 ))  
49  ( 49 )  
4   (  4 )
55   55  
5   5  
628   (   13* ( 43)   + ( ( 69  ) )   )  
0  (  35/  93   ) 
8  8  
68 (68  )  
66   66  
84 84
75 75 
2002  39/79 +  ( 26*  77 )    
57 57  
1408   (   32  *(  44)    ) 
2627  37*71  
93 93
0 ( 70)/ (  (    96+  35 ))  
7 7
96 96
13026357    51  *  90  *   (   57  +29 )/     2* 66  -63     
97 97 
1382      39  +43   *  47* 27 / 67* 86/  53  + (((23)  )  ) 
74 74  
12 ( (12  ) )  
84 84
4214  98*43   
0  (  (   19/ 67   *  37    ))
38   38
951  (57 )*   17+  72  - 57      -  ( 33  )    
24 24  
55   ((  55  ) ) 
4294967272 (  48 /( 10)- 28) 
5 (  5 )
75       63  - 58  /76 *   91 - (  15)     /62  /   20 *  69+  12    
69  69 
34  34 
270300   92  * 37 /    16 *  75  *17    
45   13+ ((32  )  )  
17   17
4926    87*  56  +  ( 78  +49   / 95 -24  )    
49   49  
85  (85)  
1200 (( (  40 *  30   )) ) 
1 (  92 /70 ) 
0   30  / ((  70 + 52  ))   
29    44+     (23  )  +  15-  52    - (  1  )  
92 92
65   (   80  -    45  /  94 -    61 /  4 )
0  ( (  39/  64 ) *  (75) /  (71 )     )
77 77 
0  ( (   79 /46    *   48  /79    )  ) 
26  (26)
99 99  
61  ( 61 )
30  (   (  30 )+ 42  / 98    )
33   (  (  33)) 
4294967211      28  -31  -82   
73   73  
76     0  *  (80 )/  22  +  (  76  ) 
48 48
23   ( 23 ) 
54   (   9*6   ) 
58    (  (  57  )  )/25  +  71 - (69  )     /33+  (  15)- 28      
62 62
39 (  39  )
136 (  ( 87  /  1 ) +49 )  
143     94 +  49
9 (( ( 9 ) ) )
4294967181   (     23  - 46   -  81   ) -(  55 /5  )  
67    69  - ((   88 /  34    ) )   
22  22 
91    0 -   44 - 17 +94  +  (58  ) 
97 ( (  97  ) )
76  2  +74
60   ( 60)
208  92 +(  2  *  18  )  +80
23   23  
61   61
30  30  
0   0
4294967198 (    (23  -27  )  -(   63+  31  ) )  
262  (   59*   6  - 53   - (39)   ) 
94  ( 94) 
27 (  (( 27  ) )+ (  76 /78  )    ) 
44   44  
38   (  (  38 ))  
43   (( 56  ) )  -(13 )  
99   99
79 79  
97  97 
4294967149   15 -  (0 )   / 27/  38  -  54    -  ( ( 71 )) -37   
4294967205   (  (3- 69 ))*  (    27/  97  )*  (36  )  - (91  ) 
205        84  + 36   +37  + 48   + 60   / ( (54-  97   )  )    
27 ( (  27  ) ) 
0  94/((   61  +  38  ))
23   23  
610 ( 7* 8 *11    - 6  )
4294967287    80 / ( 33  + 21 )    -  ((10 ))
17   17
468   (   52*  (  9  ))
2673   ( 33  )* ( 81)    
81 81
0   67*  (  ( 53  /90  ))   
4294967248   67/    98  * 18  / 40 -  16  -  32  
84 84
71   ( 71) 
2278    67*  34 
0 (   (  (45  ))/ ( 71 )  ) 
9   ((  9)  ) 
83   (  (83 ))  
1343   (  89 /47  )  +  (53) -    67-55    +  (23*   61+ 8   )  
0   (( 57)  )/82 
1135     54  *    22-64  -62  +73    
63  63 
4294967280   ((  37- 53) ) 
78   78
4294967281   ( 20) + (    65/33  -  36  )    
76   76
2  2
165  ( (    97 +58   ) ) +  (  ( (  10))  ) 
72   ( (( 72 ) )  ) 
4294967250 (    ( 25 / 58  ) -  71 *15    /(  23) )  
33   48 -15  
47    ( 67 )/ 76 + 47  
6 6 
7    68 *   40/   (  26  ) / 14     
64   64 
6 6  
67  67 
335    45*    6  +  ( 65 )  -    1 / 91       
326      (98  /21  ) * (  85  ) - 14 
0   (  (10  ))/  ( 46)  * 43   
4294967222  (    44 +30   - 77 +21   )  -  92
18    21 -  (65) *  (  78  ) /   21/80        
13    13- 4/  85  *41   /( (3) )    + 38  *  (0)  *  97     
74 74
0  55/ 62  / 52     
2   85/ (     34  -20   / 42  )   
4294967287    (98 )  / 36-  (11  )  
0  (73 / 98   ) 
0     39/   90  * 93    
133   68  -  (( 83)  )  / 15  +70    
2  2  
77    ( 38  )  +  39 
0   ( 23/(  89 ) / 48    ) 
16  ( ( (   30-14 ) ) ) 
0 (   12  /( (37) )    ) 
0    52 /    (  54)/12  *  ( ( 5) )    
57  (  (67)  *  96   /    96 - 10    ) 
22588087   59  *   95 *62   * 65   - 63  
163   3 +   (95)  *  48/  62  +  87 
7 7 
25   25 
85 85  
60   60  
4294967285    (39 ) - (    32 -  60 )-  (      29+  32  + ( 17 ) )  
11  11  
68 (  68) 
39   39  
52  (  ( (  (52) ) )  )
0  (  31 - ((  31 ))  )  
80   80
4232   46*( 92 )  
24 (  24  )
87    7  + 80 
0 0  
42  42 
40   ( 40  )
3813     ( 79)+29  +59  * ( ( 62  ) )  +( 47  )
0   ((   21  /  35   ) ) 
833    (( 28 * 27 ))  / (85  )  *(  99)    +  ( 41  )   
1381   (  ( 36 * 37 ) )  -    ( (26 ))  +(  75 )    
94 (  (94 )) 
3   ( 70) / (   (  51) /  12  +15    )   
62   62  
18  18  
13   13 
2976   31  *    96  - (44  )    / 68
76  (  97  )/  79  +  75
69  ( 69)
5784   (  ( 77 *76  )  -68  )
59     ( 47 )  +  28 /52   *  18  *   95  / 36   - (  6-  18    )    
94   94 
23 ( 23)  
4294965931   50-( 40 )  -  ( 25 )*   53  - 50    
24  24
4294967279      76  / 81  -  ( 16  )    - ((  98)  /(  50  )   )  
4294967230  (   (  5  /4   )  -  67   ) 
29964   (    44+ (16)*  (  55 )  * (34  )   ) 
32   32  
10   10  
79   79  
2  (  2  )  
3   (( (  3)) )  
64  (  64 )
0  ( 3 /  ( (22  ) )  )  
4294967286   (   81-91+5  /18  ) 
95 ( 95  +  8  / 71   )
682    ( 14 )  * (  51  )*77   /   83  + (  70 - 50 )   
0    (  28  )/66
2029   ((  5 ))+  ( 93 /2   )  * 44 
32 (  32 )  
4523    (  65 ) *70 -  (27 )   
0  43 /  44 
4693   (     63 *76    -  86   )  -  97+   61 /99+88     
4294959788     (71  )/ 11+ 65    +  (84)  +  59-  99  * 78  
0   (39  /(67)/  18   )
1  1  
84   84 
4294961286   88-(   95  +  87 *  69 )  
0   6 /    5 /    11  *  ( 43  )    
95 ((    95  +91 / 98   )  )  
37 (  ((  37  )  ) )  
0   0
85   ((  23*    8  - 99     ) ) 
4294967220       60/  97*  46 /  97  - 76 
75 75
0   40  / ( (29)  *  91   )   
87 (( (87 )  ) )  
5  55 -50   
11    83  /  7    
97   97 
184   ((  64 ) + ( 79  )+  ( 41)   ) 
11  (11 )  
45484 (     25 * 46  *  42  -  88   * (  (32)  )   )
35   35
131   73  +53 +5   
629     17* 37
36   36 
1178   62*(  (   62- 43  ) )
33  33
65     65 +  ( 77 *  9) * (   84/ 94   )    
70   20 + 50  
39   39 
35 35
69 69
4294967293    ((42) ) -  (    72 * 5   /  8  )    
91   91
70   70 
4294967273     26  -  49   
50  50
109    (  (36  ))/  70 +    10+(99)  
77   77
44 44
97   ( 97)
3484  (52) * 67    
4294965248    99 +  43   -78 - ( 33) *  64       
4294966010    ((  1 )+   75/76    )  - 23  *   (41 )/   68  *  99      
30   ( ( ((  30) )  ))
0  52  / 62
4294967217     (49  ) - (  70)   /  34 -  ( 28) -(98)    
35   35 
69     61+ (7)    +70  / ( (  25 )  + (  37 )) 
76  76
20   (  ( 20)  )
81   81  
2   2 
68   68 
18   18 
4294967169      ( 19 )  -   27 - 77   -  90   +   30  +  (  18 )  
1707    (  56- 45   ) -59 +45   *39   
4294967238 (   1- 59)
35528  (65 ) /    2* 2  +   80/ 6    *62* (  44)   
45  45 
4294774156  ( (  15 ) /  80 *60  -30* 87  * ( 74)      )
21   (  21)  
186        33+58    +  95 -  8   +  80-  72  
33   33
67 67 
91 (((91))  )
64 64 
4294966682   ( (  6- 10*( 62 )  )  )
46 46 
34   (((  73)/  40  *34 )  )
10 10 
42 (42)  
22        22 -  4/  ( 81  )  / 21   /( 99 )  
4294967255 75 /  ( 40)  / 16 /    79+   37-  78    
0   (  (   50 /53   / 44*  42    ))  
4294965732    (  92 )-    24*( (69  ))   
176 ( 89+    ( 75 )  +  78 -66       )
81  81
368    46*  ( (    41  -  33  )  ) 
76695844 ((  4-15 ) )/ 56  
6208  ( (  (64)  )) *  ( 97 ) 
37 (  37)
15  15 
32   (  (32  )  )  
4294967291  (   ( 88)/ (  54 ) -  6  )  
50   (50 ) 
49367440   ( (  77-89  ) )/   (  (1  )  ) /  87    
157   (  7)/  14  +   3  +13    / ( 3)  - (    47-14  - 84 - 99    ) 
48750 ((65 ) )*  (    20 + 27   +   19 * 37     )   
4294700286    35  -  11 -   36  / 37  -62  *  (73 * 59  )
98   98  
66 66 
40 40
12 12  
0 (    91 /7  *  74/20   /  (49)  )
93 93  
4294967256      (  ( 57 ) )- 54    -43  
37 ((  29+  77  - 69  ) )
0 20/ (  77  )
76   76
34 34
56  56
4294967201   (  76  -  3    -77  ) -  61-  1/ 4  /   (70  )  -  30      
67   67  
58  ((  (  58  )))  
81 (  (  81 ) )
134  (   16  /  57 )+   42+ 32  /  21    +  (  (20  )  + (71  )   ) 
3  3 
28803960    (   93 *40  *  (  87)  )  * 89    
0  55  /  (( (  66  )  ))   
4294967188   (   90-  96 -  33- 69     )
462   (  50  / 44  +  68  /1     *  95/  (  14)    )  
63   ( (  63 )) 
2534   (  (38  )*(  67  )   )  - 12 
0     ( ( 95 )  )/  ( 22  - 79) * 1   
66       41+  24  +  1  
57  ( 95  / 65   *28  * 72   /  35 )  
23  23
47 (47  )
8    (    (  42) -  (  17  )    ) - (27  )  +  (  5)   +  5   
148      96  + 55  +  (  18 )  + 47/ 23  - 51     +  28   
48  48
0   (    48+ 13 - 90 +  6     )  *  (  ( 51) / ( 71  )  )    
4294967262  (  49 -    91  -  11   +(19 ) )  
36   36
43   43 
44  (44  ) 
11 11  
16  53  - 1 - 36  
0  (0) 
37   (    39- 86  /(32)*(98  ) /  87   ) 
63161283  ( (   45-91  ) )  / (  68 ) 
161   31 +  (  55 -3   )  + ( ( 4  +74 )  )   
2356 (31 ) *   86  /43 * ( 38)     
19 19
5  5  
262  (  63  * 4  )+10   
79  79 
4294967229   (  11-  ( 24)    )-  ( 54 )    
74  74
0      11  / ( 23 )/(87 )  / ( 65 )*  52   
42  (  (  4 + ( 38) ))
44 (  44 )
136   ((  ( 52  ) + 84  )  ) 
94 94 
51 51  
275    ( 90 )+(   97  +( 88  )  )   
4806   54  *  89   
4294967289 19 -  26    
23 (    (  (20 ) )  +    ( 94 )  /  ( 28)   ) 
4294967240   17  +   23 - ( 96 )   
4294964695 (  (  ( 79)  -   40 *67      ) )  
196   49*32  / 8 
46  46 
36 ( 36)  
0   (    46  /  ( (70  )) )
2246 (    46  *48   - 76 /  92  +( (38)))  
58   ( 58  )
69   69 
1  (  ( 96  ))/68 
76 76 
170   ( 0 +23 +  (  71  )   +   90  -72 +( 58)  )
4   (   (  (24) )  -  ( 20) )
76   76
44   44
0   (  (  (  42)/ 95  )) 
4294963079   57  *   6 -  (47)  *  ((97  ) )   
5561   (  (  ( 67))  *(  (  83 ) )  )  
52   52  
2031   (38  /18)*     (17)  * (59 )+ ( (25  ) )      
51 (  51 ) 
41  (  41 )
40  (  ( (40  ))  ) 
13   54  / 4  
26 26
12   (12  )  
80   80
42   42 
70 70
22  (22 ) 
54 ( ((54 )  ) )
80 80
6108  (   (64)*    95+  28    )
90   90
85  85
16   16  
190  ( ( 99 )  + 39 /  12) +  88 
92  92
22   ( 22  ) 
199680    (  6* 50   + 63  *  44   ) * ( (  (65 )))   
28   (28)
91 91 
70    ( 94 + 27   )-51  
130655 (     (  83  )+ (  39  )   *  (   54*  62   )    ) 
4294967175    (  (   94 /  37  ))-  (72)-   51 -13     /  96   
9   (9  ) 
380   45/    17- 20  -  22+  15   * 28  
20 ( 20 )
1037  (  (13 ) ) *  (  (73  )  )  +  88    
4294967224    28-  ( ( 3 )*  62 - 86     )    
0  (  7  ) / 78  
42  42 
104755197     (   58 -67 )  /   41  -  32  + 4  /  31     -  (70)  
0 (  0  ) 
10 ((  (  10  ) +   21 /  29    ) ) 
103   19+    (91  )  - ((7  )) 
20   20 +( (  71  ) /   97/ 31    )  
31  31  
51     44+   45  -  91  /  (47 )      /  72- 15 -23      
44   44 
93  93 
81 81
4294966972  ((  41-  95  )) * 6   
33  33  
1890   (90  * 3 ) /  19 / 46    +45  *  42 
2182   ( 82  ) +  35*  (  ( 60))   
94 94 
98   (  (  98)  )
3850 (   (  77 )* 50 ) 
8257     92 * 90  -23  
96   96
928  (  (  16)) *  ( 58  )
69920 (   23 *    76*(40 )  )  
119    ((  (82  ) ) )+ 37  
49   49
0   (  ( (40) ) /50  )
61   (  (   78 +15 )-  (  81  -49 ))  
0   (  40 )  /  8  / 16 / 6 
75 (75  )  
55  ((55 ))  
15   15
5   49  /  9  
29  (29  ) 
65   65  
54   (54 )
30    30  +   (66 ) /  88    
4294965151   ( (  86  /  51 )  - 89  *   23  -99   ) 
90  10  +60/ (  77)*  79  +80     
4294967204      3- 71    +   27-  51  
4294959504 (  68 -  (  81  ) * 96 -  84      )
214    (32 -   24 -8   ) +    4 +  32  *(  93 )    -  66 -  54  * 50        
38  ( 70)/  (19  - 70  )  /    (  43 )+  ( 38 )   
3192 ( 57 )  * ( (56 ) ) 
10  (  10) 
38   (  38) 
168 (  4 * 42 )  
77   77
4294967213     (  (  56  )) /8  -90   
59   59  
20    ( 20 )*( (   76 / 45   )) 
9   (54-(45)  ) +0  
17   ( 17  )
99   99 
4   4  
7395000  25  *  60  *( 58  )*  85  
4294967271     17 +8 +   3  / 28    -  (( 50  ))    
96    60-    (  28  /6    )  + 40  
2430    (    27  *  90    )-  (  15  ) / ( 32 ) 
55   ((  96  )  )+  ( (   57 - 98   )  ) 
3552 (74* 48  )
59  (  59 ) 
0   56  /  97  
4294967293    ((6  ))+(   44  +  1    -(  54 )  )  
66 (  66)  
6150 75* 82  
37345    97  *77  *5 
99  ( 99 )  
1 (  ((  1  ))  ) 
76  ( ( ( (  76  ))) ) 
96 96
13   13  
4294967278   (   (73 ) -  91   ) 
93  93  
3081   39*  79  
93  93  
68  68
97   97  
4294967122   (  53-79  )+  (  9 -68  )- 89
13  (13 ) 
65   (  5)  * 13  
798   (   67 * 11 )-  (15)  /  59 + 17+44   
16       (  (  30  ) )*  24   /  44
43 (43)  
35   35
54  ( 54 )
71        54/  38  +( 70  ) +  22   * ( ( 8 ) /(55  ) )    
4294967267   (  (    45/ 47 - 29  )  )  
5  5  
66   66 
4294967283   (  82/    9  /   42-13   )
66   (66  )  
637   ( 91*  (   78  /  11 )  ) 
4294967243  (  (    76  /  77-  ( 53)   ))
3040 (  80  *  (  38 )    ) 
145  (  (( 58 )  ))  +( 87 ) 
3 3
10   10 
44   (  (44)  )
50   ( (( (50) )  ) )
0     40  /  99   / 72 /(  (87  ) )   /  (  (16  )  )/  61    
165     ( 96  + 63  ) /  ( 66  -  22  )   *(65  )  -   (  85 ) + 55  
98  98 
4599 1  /   74  /  86    * 59   +(   73*63  )    
4294967214  ((  1/  64   )  )-  82   
61 61 
51   ( 51)  
0     ( 46 ) /  94   
55  ( 55  )
49   (49  ) 
4294967271   ((   3/    13-  25    )) 
28  (   ( 57 )-30  +92    / 60  ) 
13   (13  )  
65   (65  )
23   23 
98  98
4294910720   ((    38 -51  ) ) *  (  16)*  ( 34  )  *  8  
1133 (    47 + 16 *  66  +  ( 30  )  )  
21 21 
83 83 
10   51-41   
49  49  
47   47 
85 85
20 20
24  24  
57 (57) 
83 83
0   3 / (78)  
323 17 *  19-  (64)/77  /  25      
24   24  
87  87 
1325      (  49 ) *   28  +81     / (52  )  -  18  - 82     +  (52 ) 
15  (((  42 -  27)  ) )
186     90+   ( 96 )+  0  * 93  * 12    
45 45
74 74  
34   (  2  -39  +   90-  19    )
60  (  24+  36 ) 
61    (  (44 ) /34  )  +60  
144      (  24 )  *  ((  6))    -  (17 ) /(35* 36  )    
60 60  
98 (  (  ( 65))  +(  ( 33  ) )   )  
101 81  +  ((    68 -  48  ) )  
84  (    70  +  14) 
4294967194   (    10 -(64 )    -    32  -95  +(  79 )    )
4294967210    72 /87   /34 -86     
90   90 
5 ((  (    27 -22  )  ))  
26   (  26 )  
51  (  51)  
4294950555  59-  ( 20*84  )    *10  
22 22 
12      ( 1)  - 35   / 51/  71  -   0  / 60   +11
0 0
66   66  
19   19
56 56  
4294967293  82- 85   
70 70 
918   27  *  (    30+ 37   / 8  )    
45  ( 45  )
4294961343     (  7  ) -( 35)   -  ( 81)  *73   -  ( 12)
4294967210         92/15  / ( 94 )   -  86-    63  /78    *69   
22   35-13 
4 4
61   61
47   47
5  5  
2056  ( ( 7  +  89    )  )+ ( (  70*  28  ) )
7298  (  (     65  + 85  * 85 +  8)) 
27  (27)
72  72
4167  13 + (  ( 62*67 )  ) 
4294967249   (  (   53+  55  )) /(  61 * 90 )/  6*  4-47     
43   43 
39   (  (41)  )-  (  2)  
1268 ( (18)*  (66  )   )  +  (    (22 )/  8 *40 ) 
18    13  +( 5  ) 
10  ( ( ( 10 )  ))
88 ((( 4  )  ) + 84  )  
88 ((  (55) ) /   ( 57 ) +  (88  )     )
44 (  44  )  
253 (79 )  +4    +   (53  ) * 5 -  95   
4   (  ( 49)  -  46   )  +  30/ (  ( 24 ))   
93  93  
4294963498        31  -  65* 27  /  (  26)  *  ( 58) +  57   
135  (87 )+ (  48)  
0  (  20  /  66   /  30  /  22 ) 
1 (  78  /76   )
0  64 /  (68 )  *9  
28 (  28 )
2  2  +     98 /29  /(  39)-   (37) /92   
53   ( ( ( (  53 ) ) ) ) 
1 ( 62/ (  34  )   ) 
4294963808      3  -79 *  (45  )  +  73 - 9 
20  (   27+84  -  90    /  47  * (  91)    )  
421  (     54  *  11*56 /  79)
72     (  (( 72) )  )  -  (22/ 11    )/  92    
1   (1 )
5   ( (88  )/   61  +  60 /  (15  )    ) 
5  (  5)  
82 (  82  ) 
46 (46 )
106173   48  *   67  *   33  +  93  *16  /  33   
20  20 
81   81
83 83
4 ( 4) 
43 43  
78   78 
65  ( 65  )
0   ( (   (6) /(  50  ) )  )
29 29  
44  44 
45942  ( (62*  13  ))  * 57   
12936    92  *  59 /  (41) * 98    
94  ((  94  )  ) 
64 (  64)
4294967221 (  8 )-    ( 64 - 2   )- 21  
0  87  -  (8  ) - ( (79 )  )  
4294967118       2-  95  +  29  +    ((  23  ))  /      62  -6   *  (  19)   
99   99
97  97
4550  50 *91    
16   16 
4294962975     (89) -( ( 7 ) ) +      85- 68*  ( 66)   
184   91 + 93   
66   66  
18   18
135     (   (51)  +  31 )+ (  53  )  
0 (0) 
153    ((52  ) )  *  5-    67+  44 -  (  84 )   
14   ( 14)  
3259     (  76 *  ( 42 )   )  +    ( 32 / 14  )+( (  65 )  )    
14 (( 14) ) 
4294967261  (  26+  64  -  36   ) -  89  
3   3
92   92 +(  63 /   39 /  40   )   
5  (5 )
166    73+  (89  +4   ) 
21   21
132  (  (  ( 22)*6 ) )  
7722 (  78 *(( 99 ))) 
34  34 
16251  (   45 +  35   / 11  *  73   *  74 ) 
57     85 /  33  /  89  + ( ( 57  )  )      
4294967222  (  29/47  - (74  )   )
1   (  (( (1 ) )))  
7  7 
53    ( 96)  -  26 /  77  * ( 38  )-( 43 )   
65 65
2  (  (    72 / 26   )  ) 
2827     (     88  * 30+  95) +    26  + ( 9 )   +  57   
74   (  74  ) 
4294967291   ( ( (  44- 49 )))  
21   21
0   (   (  21 )  /(82) ) 
176 ( (  86 +  (  90  )))  
26        (  67  )  - 20 / 68  -41  
133  (  19 +  3  *38    )
4294844604  9  - 89 *44  *( ( 94) )  /  (  3  )  
135   13-( 39 )  + 80  + ( 81 )  
2   (86/  ( (  40) ) )
4294966867 ((  3 -48  *  9  ) ) 
8    (     8-  60/ 81)+( 97 /  91   / (23) )  
1364 (  ( (  31 *  44    )  ) )  
170   82  + 88   
2970     ( (54)  )*  ((55 )  )   
4294967262  ( (  43 /  5 -42     )) 
78  78  
7006 ( ( 45-23 ) )  /    (  (  39 )  )  +   (71  ) *   99  -23    
1   (  ( 1)  ) 
81   (  81)  
105    72  +33 
3579   (  ((  36 ) ) *   (47)* 55  /  26  )  
73  ( (  73 ) )
71 (  71) 
4294967247 (  ( 9) /   7-  81   + (  (  31 ) )   ) 
76440  (  (  42)  )  *   ( ( 52) )  *( (35  )  )   
6734 (( 73* 92  +  18   )) 
42 (  (42)  )  
49  ( 49) 
170  88  + (  ( 70) ) + ( 16- 4)  
76   ((    33 +75    -(32)  )  ) 
31  84 / ( (72))  +(  57+  51  -  78  )   
47  (( ( (47)) ) )
1  (  ((  41  ) )  )  / (  58  -   50  +  31  )   
82  82  
64 ( 64  )
26   36* 24 /(  ( (  33)) )  
43 (  (    53+ 46) +  0- ( 56  )     )  
24 24
23 23 
160    71 -( (  15))/   25  *  50  *   80/  13     *    71  +  89    
40    40  - ( (51  ))   /  ((81 )  )  
63 (63)  
24     15+ 84   +  27  /  58    /  56  +2  /  (  16)  -  ( 75)  
4294963905       (  53  )+  (  94)  -(  56+ 2 ) *61
78  78
83    (   41 +87   ) -70 + (25)  
81 ( (81 ) )
2   (  ( 54) )  / 26   
87 87 
22  22
97  (  (  97  ) )
0   0
60  60  
4294965416     94* (   ( 9 )  - 29 )   
73 73 
9  (( 18)  )  / (   16+29  - 84  +  41   )  
579 (    39+ (   27  * 20   )   ) 
1798  (   3 / 6   +(58) * ( 31)  ) 
2   2
22   22  
81  81  
64 64  
56 (  (  ((56))  )  )  
9   9  
0   (  95  )  /( 50)    /  43   *60  
103   33  + 70  
0    (  (17) )  *  (   10 /43    )   
4294967216   (  75 /  39 - 81   ) 
63938124      (  27  * 40    )  *  33  * 23 *78   -36  
176 90  +  ( ( 37+  49  ) )   
25   (  25) 
8  8  
73 (( (92 ) )  +    5 - 24    ) 
3088        ( 39)  /  ( 27 ) +49  *  63  
27 (( (27 )  )  )
43  (  (( ( 43))  ))
11 ( 11) 
3598       99  *  ( 36 )    + 34  
63  20+  43    
0   79  /    (  66 )/( 13  )   / (  52 )  
58 ( ( 58 )  ) 
81   ( 49 )  +  31  +(   86- 51    )  /  24
31   ( ( 31 ) )
2022  (  24 + (69  ) )+   77* 25  + 45    / 10    
20 20  
5508    81  *  68  
500   25 * 20  
10  10 
79    (  ( 79)  )+(    80 / 17   )    / (( 6  - 19 ))  
40 40  
49 49
42  (  (42  ))  
8 8  
1   1
41   ( ( ( 34+ 7    )  ) )  
81 81  
34  34  
60 ((  60) ) 
32 32  
74   ( 74 ) 
64 64 
75  (  30 )+45   
2502   ( 42 ) +    (  (60 ) )*  41   
4294967269    (  (  26)  *5  -  86   )  -  ( 71)  
67 67
74   74
1069    (  48)/  ( 25 )+  89    *  12   
57   ((  4 )  )  +( 53  )    
56   56 
74 74
35 35
9   9 
108    (  59)  +(  ( 49  ) )  
22   22 
28      22+(33  )/  (  ( 41 ) )   +(  ( 6 )) 
1785 (  (  (   85 * 21) )  )
4294967262 (  ((  15  ) )/( 52 )+  4-38    )
72 72
31  ( 31  )  
12  ( (    2 + 17    -   49/  7    )) 
92   92
5  69  - ( ( (64 )))  
61   ((  61 ))
33 28*    ( 93 )  / 77  - 8   /96     
4294967168   (    (  17)  -86  /53 ) /   69/ 12  -  94  +  (5  ) -64 +25     
476   (14)  *34  
38 38 
4294967287    59 / 67  - 9  
4294967194   ( (    33 *  22   ) /    39-  84   -  36     )  
4   (4  )  
13  ( 13)
56  56  
195     (  48  )  + 92 + 55    + 19   /  (   18-  68  ) 
81 81 
132428    11  + 65 + ( 88  )  *32* 47    
433     (  ( 12  )  * (  33 ) )  +37  
3    (68  )  +48- 12     - (89)  +  26-56    / (    59- 65   )  +   21-(  59  )     
28   28 
46 46 
77    (  99  )  +(  33 / 26  )    -  23  
11 11  
77 ( (77 ) ) 
376    4*78 +(  19+ 18 )+(27  )
65   65 
49   (    49 *17   /  24  )  + 15  
0     (( (66)  ))/ 83    
4294967288 ( ( (  91 -99   ) ))
41  ( (( ( 41 ) ) ))
2003     66*  3   +    19  *  ( (  95)  )
1035  (  (  (   69 *  15   ) )) 
25    61 -   6  -    (  10  ) -  20     
21 21  
4294967223     31/ ( 2)/ (26  )     /   42  - 67  -( 27  )   /  26 - (  5  )   
19   (     22  +8-  11  + 80 /  (  98 )     )  
583   (     55/12  + 69  )+   64 *  49   -(  31 ) * (  90) +75  +89  
87   87  
91   (   90  + (  52)/(    48-  19)   )
37  40  -  (     2* 83 / (  53  )   )  
3458  (  (  ( 10 ))) /   12  +  91    *38   
0  (   49/  96  )
57   ((57 )) 
9  9 
22 ( (  ( 22 )) )  
88 ( (88  ) )
24   (    (  56  ) *  43   )/  (  (  98  )  ) 
64 ( (64))  
86 86  
1   58 /( 32 ) 
2 ( (  2 )  )
29       ( 52)/ ( 12)  /( 17 )+ 29  
22 (  ((  22 )  )  ) 
4294967290   (   78  -  ( 44  ) -40    )
5520      (  60 )  *   92+58     /    84  * (25 )   /61  
2   2
0    41  /  ( ( 50 ))-  0    
4294645287      46+  14 - 67* 19    *(  (23))*11 
69 69 
14 (((  14 ) ) )
81  81 
4294967206   (  (  55 / 96   )) *(72*  91   ) /  86* 52 -90    
4836   ((62)  )*  ( 78) 
4294967273   16  -((39 ) )  
4294967241   (    27/ 3/  40    -  55 ) 
1  1 
18 18  
9 (  ((  3 ) /   69 +  9  )  ) 
20   20  
78   78 
6   81  +(21 )   / (  ( 74 ) )/   58-55  -(  20)  
4 4 
18 18 
68  (68  ) 
38  38  
4565  ( 83 ) *  (55  ) 
70 70  
3 (3 )
12  (  12 )  
60 ((  ( 60 ))  )
4294967263   71 /      76 +  51 -    73- 39   +(39 )/ 29* 28    
38  38  
63 63 
214200 (   70*  60  )* 51  
23 ( 23  )
2539    87  *   29  + 16   -92   / (    11 + 36 +  (  60  ) ) 
4294967230    ( 6 ) - 3  + ( (  59  )  )   -( 62+ ( 66) ) 
4294967255 (     12 / 41*  65     +   (18 )  - (  59 ) )  
995   (  17  *58)+ 15  - (   3+3   )  
4294967108 (  (    49  - 51    )  )* 94   
4294967272    59-  83   
7 7
1510    82- 36 + 34 *   (18 )+ 71   *  ( (12  ))  
39  39 
11    (  (31  )  ) -20 
3479  (    71* 49 )  
0  0  
56  56
87   (87)
0    (( 1 )  ) /     22  / 14 * 3*  ( (  25  )  )     
40   (  (  (12))  +  28  )  
54 54 
8 8  
77 77  
4294967292    ((  17 ) )  - ( (  86) /( 4  )  )    
1  (1 )  
4294967220    (   53 - (71  )   )-  58    
3     15  - (   ( 12)  +    0 +0    )  
13 13 
41  (  41  ) 
46 (  46 )  
4294967283      ( ( 88  )  )-86  -  (  (  (15 ))  ) 
71   ( (71  ))  
41  41  
17 17
113  (54  /  46 ) +  (  43  )/24  *  54 +  (  (  58)  )   
1  72 / 48 
27 (27  )  
14062   (83  )  *  (74 )  +88  *(90)  
104  35 +( ( (69)  ) ) 
4032    ( ( 42+22  ))  * (  (63 ))  
63  63  
31  31
4294967268  ( 36  -  31+25  )- 58  
143    59 +( 84 )   
8352   (87 ) *96    
2074860     91  *  (  29  - 86 ) /    69  / ((  30  ) )
0     (51-37 ) / 16  * 78  * 70   
83 83 
2337   (41)+( (  56 ))  *  41  
33  32-   (93)  /  ( 23 )   +  (57)-(  52 )       
13  13
53 53  
34 34
69    45* (( 60  )  )   / 39
30 30  
0  ( 66/ ( 92  )   )  
37  37 
70   (( 0/ 25    ))  +  (  ( (70) ))  
7 (  7 )  
68 68  
59490    (  44 *  44  +(47)  )*  30
20 20
518 (  (  (38  ))+  (  30* 16   )   )
4294907834 (  (92  ) *    45 -  11  *  98 *59      ) 
27 27 
13      13 +(    56  +95 )   / ( 27 * 84    * 46  *93     )    
26   ((  26 )  )  
70 ( 30 )+40 
66   66 
18     ((34 ))*(  (34 ))  / 64  
17 (81 +    0  *  13    - (  64  )    ) 
11   11 
11   11 
81   (81)
81   (  ( 77 )) +  4   
18  18 
58 58  
0    (  58 )  /80   
0     ( 75 /  62 ) /  17    / 64  
69 69
3228     0 *  7  /9  /31+( 51) * (  ( 64  ) )- 36   
120   30+ (    (  93  ) -    83 /23   ) 
94 (  94  )
15 (  15 ) 
4294962186 (  ( 75 -  61  * 85) )
4294967271   (   ( 20  )  / 37 )-(  25  )  
12 12 
522   ( ( 74  ) )/  63    +    51 - 85 + 25  *19 +80      
97 97 
27   27  
5189  74 /85 -  22  +5    + (  70  +62 ) +(  (   86 *  59  )  )   
1  (  46  )+( ( 7 -52 ) )   
4294967278 ( ((  29 ) )  /    (47)  -  18  )
162398016     32*57 *  (  33)      *   ( (  71)  )* (( 38 ) )  
14   14 
92  92 
46 (46 )  
4294967219   5 - 82    
26 26 
65  (9  + 89)+(  66 /30   )  / 41- 33   
30  30 
115     60 + (  ( 67)  )  -  (  12)    
14 (14  )
69 69
11 11 
85  85  
4294967294   38- 40 
710       96  *  8 +  (  12 )    - 2   - ( 68  )
17 17  
3 3  
93 93 
645215    28  *(  80*6 )  * 48 + 52 + (  43)     
4294967183    70 +    4-93  -  14   - 80 
95   ((95) )
474 (   6  *(79  )  ) 
4 (((  89 ))- ((  85 ) )   ) 
36   ( (  36 ))  
4602    78* 59   
55 55  
62   62  
87   ( (( 87  ))  )  
3155    35 +(  40  )  *((  78))   
42 (42  )  
2 2  
12 (  12 )  
11 (  ( ( (  11)  )) ) 
6 (  6  )
2     90  /    36+63/    ( 74) /68      
0 (   88  / 91   ) 
23   23
35   35
9   84  /   54  +73-    96 +  30      +  ( ( 96 / 77    ) )  
0 80 /     81 * 95   +( 25 ) / 55   
55   (     (94) -    77+  77   -((39 )  ) ) 
45   (  45)  
91 (  91) 
83  83
99 99 
0     (  29 -24 )/99 /27 
152 65  + (  5  /   58+87  ) 
29   29 
35  ( (  35  ))
83   83  
111     (  16)+ ((  (  95  ) ))   
71  71 
21 21
44 44
142 (  23 + 35+81) + 3  
77     84+87  -94 
13   (  ( 67 ) /( (5  )  ) )  
66 ( ( 66) ) 
5472 (  (( 32  ) * 3 * 57     )  )  
4294964444  14/  84-  (   31*92   )   
272789   37*  (  76)  *  (  ( 97 )  )  + 25  
223   ( 12  )  + 80 +  79   +56/  98   + (  52)    
912    (38  )*    ( 24 )+  1  /( (  48)/    84  - 55     )  
95 95  
6338   (    79* 81 -  99)+ (  (38 ))-(    2  /  70 )   
86    86  -  (( 82))  /   54/  (  56)     
2 81/  ( 32  )  
4294967229     37  /    (35 ) /  12    -  ( 67 )  
53  ((  ( 52)  + 72  /  68   ))  
2430   ((  (27 *  90 ))  )  
54 54  
53 53 
41   ( ( 41 )  ) 
481    ( 76  ) - 42  /69     -  (  71 )  + 7     *68 
9 (9 )  
59  (59)  
7  ( 98 /14  ) 
65  65
4294967239  (  45  )  / 36   / ( 95 *  36  )  -(  7  +  50  ) 
22  ( 22  )  
169  70  + 99   
0     ((  3  +31   ) ) /62  
68    ( ( 1) )+67  
47  47 
4058   (   (   40  /  11  )+  56 * 71  + 79   )  
69    30  +( 2  ) -  71 +2 *54    
28 28 
91    ( 11 )  + 80 
2689128    8  /  63-  39    *( (39))  *  (  22 - 90   )*26  
78 78
1372 (( 98*  (  14  ) )  ) 
50    50-  (  21 *73  /   60  / 61 )  
13 (  13) 
36   36 
93   93 
94 94
23    72  /  (12 ) /(8 )+ 23  
26    (  ( 66 ))+    53- (23 )    -  70    
98 98  
1  ( 43/  ( 32  )  ) 
94  ((  (  ( 94 ) )))  
44   44
620      (  29  ) *    23 - 89   *( 40  )  /  75    
13 (     14  - 85/(82 )  +    56/ 84 / ( 69 )    )
78 78
3 3  
36  ( 36 ) 
46  (46) 
1056  (24*  (( 44) )  )
116     ((  (  92) ) ) -  ( 15 -(39  )  )    
31 ( (31  ) -  15   / 45   )
92   (  92  ) 
9 9  
64 (64) 
73 73 
8   8 
1984    (   9  + 41  )* 38   + ( (  ( 84)  ) )
33 33 
6 (  6) 
665    7 *95  
38  ( 38  )
53   53  
4294965255  (   (  79)-    83- 95  * 21-42     )  
87  87  
6  (  (   23-  (17 ))) 
75  75
2901 (  73 *  39  )-  48   + 27  +  17  -  1   +( (59) )  
76  76
60  (  60 )
1846        44*  42- 65     * (  4)  /  98 
33     67  -  (19 )  /  51/  5  - 34 
55   55  
4294967288  0 -  8 
74   ( 74 )
0   0
1 ( ( ( 70  )  ) / 47   ) 
10   10  
1   75  /68    
2   ((2 )  )
1   ((  53/  34  )  )  
97     (90)+(  7)    
4294967190   ((   16- 70 -52   ))  
13   13 
4294967198   26 - (    58+23  +43)   
4294967199 ((    38-  87   ) -52-53  + 51  +6     ) 
32   ( (     27+  64    /11 )  ) 
59 59  
8    58/  7  
85  85
0    (   (  42) / (  38)   ) /  ( 98/ 72   -( 19 ) )  
56  7  *( ((  8 )  ) ) 
64  ( 65 -(  68 /  60) ) 
57 ( 57)
3 (  3)
9   9 
89  89 
59   ((   61 - 2    )  )+(35 ) /  49 
72  72 
87   (  (  (  84 +  3  )  )  ) 
44  44  
0       44  * 29 /52  /   35 -  14 /    2  /  24      /  91    
150  76 +74  
8 (  85/29   +72  /  (   66 - 55)  )
92 (  92)
4   (    87 /  18  )  
67  ( 67  )
33 33 
4294966500      44  -  24   * 35  
93 93 
125    55 +  ( 97 ) -  27  
6  ( (62)  -( 7 )  )  /  9    
90  90  
59  59
42 42  
86  ((((  86  )  ) ) ) 
4294967262     39  -  73 +51  /(  67 - 82   ) *  49  
0  ( (    13  /(  16)    ) )  
12  12  
53 53 
3   3 
26790   ( (   47*19)  )  *30   
0     (  73  )/( ( 33 ) ) -  2     
86  86
69  69 
91   (  (70)  /  97  + 37)  + (    31 + 43    -  20   )
3  3 
27  27 
64 64
152 57+(95) 
44   44  
4294966753     1  *11   +  97 - ( (  31  )  * (  21 )   )   
40  ( 40 )
79   (  79  )  
44  ((  ( 44 )  ) ) 
46   46 
82   82
109 (  (73 ) + 36   )  
71  ( 71) 
20   20  
0  (  52/  3 /  41   )
4399    ( 24)  /  92+66     *  67    -(  23  )
95 95
61   61  
93   (  93 )  
34543   (74*    6  *  78  -63  - 26   )
4 (    66 +  71   +(  65)  )  /( 42 )
133 ( 59  +  74 )  
6810  91/57 -    3+ 73   *   94+35  - 85    
39  ( 74  - 35  )  
2  2
26   26  
59   ( 59)  
71   71 
19 ( (19 ) )  
65 65
77    72+  80 -(((75 )  ))    
81   96 -(   (64 ) - 49  )   
7569  (  87 ) *87  
66 (  66 ) 
77   69 +18 +    77 /41- (  55 ) /  5   
738  ( ( 85*  9   ) -  (  (27  )) )  
616    (88  )* ( ( ( 7 )) ) 
96   ( ( (( 96  )  ) ))
32  32  
5   (  (  5) )  
84   59/(   90-  27   )  +84   
26 26  
31   (31)  
5   7  -  ((  98/  40  )  )  
0   30 /(   63/ 85+82 +90   )   
5326     90  +(( 68  )  )    *  77  
36  36 
4294511265    (   31 -  78  *   79 *74    )-  1  /  ( 3 ) - (  74 )   
93 ( 93 ) 
1  ( (55  )  /(  54  -2   ))  
8  8
20   (48 ) - ( 28 )    
53 53 
30   ( 30) 
6534   (66 *99  )  
4294967133      (  (29 ) )  -(49  -13)  +  (      57 -  87   *98 /  40 )   
49   49  
583    ( ( 53) )* 11  
6954   61  * ( 7+ 60  +  47  )  
4294967217    (56 /  94  ) - ( 47 ) / (   43  -  23    ) /  35  - 79      
77  ( 77  )  
6278 95*  86 -(  22  *  86   )    
3  76 - (  73)    
5 5 
53   (  70-  17    ) 
77 77 
4294967263  ( (     10 /  81    -33    )  )  
6603   (   ( 71)  *  (93  ) )  
4294936502    6 -  ((  20  ) )*(  (    28 *  55 ))   
90 90
20  20 
97   97  
90  90
950     22+  58  *  16
11 ( 11 )
87   (  87 )  
87  87
43  43
98 (  98 )
1   ( (    24/6   *  20 /  69    )) 
154   (  70  )*(  (99  ))   /  ( ( 45  ))   
37 37  
19    52-    11 /27    -    65 -  28     + 60   
4 (  4 )  
177    (  42 )  /  2+  76 +  80  
0   ( 31)/ 56  
73   4 * (   33  -  33 )    + 32 +41     
4294833403  (     37 /60  - (  19)  * (  87*  81 ) )  
0     38/   (   5*39 ) *  67   
370   ( (   81  * 4    -  26  +72     ))
4294965454    (58  )-   44-(   64* 29  )  
34   (  34)
62   62
61  61
55  55  
64 64 
71 71 
44   44  
840   (    77  -82 +  78  *  12 )-( (( 91)  )) 
86  86 
71 71  
62370 (  ( 63 *10  )*  ( 99  ) )  
43  43 
18 (18)  
62 62  
0    27/ ( (74)  +(15  )  )   
0  (  ( 37  ) / ( 61 )    )  /33  
94  ( 94 )
1409760     9 *(40  * 44   )  * 89   
27   ( ( (  27 ))  )  
308  28  *  (   (70  )  -(  59  )   ) 
80 80
19 19  
0    ( (   89  /91   )  ) /  (  44)  
2  (2)  
5194      ( 76  *  69   )  +   25 - 75 -( 67 )/77 
12  12
253920   69* 46  *(  80)  
87 ( 87 ) 
756  (36  ) * (  (( 21  )  ))  
3528 59*  57+  76+ ( 89 )       
49   49  
1  13  /      14 -  71    + 75   /    (  4 )/  5  *24        
1    ((  92  )) /  (  48 ) 
37    37 +  ( 68)*  95  *  (    13/ 44  ) 
68  (68 )
136  43+  5 + 49 / (17  ) +  (86)   
63 63  
1   (  (  82  )  )  / (    ( 48  ) -47  / 90     ) 
0   22  /  ( ( 98 )  )   
70283 (    31  +  28/    1 + 16    *(   57 *  77  )   )
5488    (  61* 90  )-  85  / 30   
32   32
144  (  41 +  5  +    52+  46    )  
0 0  
215  (    18  /23 +3  * 41  +  92    )  
4294944463   ( (( 47 )  ) ) +     51 *64  - 86   * 16  *  19    
96  (  ( (  96)  )  )
53 53  
91   (91)
112   (    ( 56  )  *  26  / 13)
44 44
21 8+13  
12  ( ( 12  ) )
62   62
27 27
780901164    (    72 - 19*90    )  /    55*65   
6   6  
6  ( (  74  / 50  *  6  )  )  
96  (( 96)  )  
0   (   ( 25 ) /  (  35)/ ( 66  ) ) 
21    ( 91+  ( 83)  )/  ((  (8) )) 
160 66 + ( 49 +   1+44     )   
63  ( 63 ) 
22 22  
6  6  
15  (  15  ) 
92  ( (( 81)  +(  11 )  ))
32   32 
41   41  
66  (((  52)))+ ((  9 +  5   ))   
36 ( (  ( 68  )  )  )- ( 8 ) -  (88)   +  (  64 )    
34 34  
87 87  
17   ( 17) 
38  38 
51  51  
1940400     (   45  *70 )  * ((88) )   *  (  98  /13    )   
4294962879  (  (  48 ) / (  31)  -  (  94 )  *  47  )  
105  (   19+86 )  
28  28
68 (68)  
12 12
794051   (   89 +  78  *39  *   29 *9    )  
30  30
63  ( 63 )
3454640614  (    (  10 )+  40  - 96     ) *   83 / 92 * (  2 )  * 83   
35 35
4294967232    (12  )  /(48  ) - 64
73   73  
14  (  (((14  )  )  )  )
64   (  26  + 38   )
76  76 
14  52 - 38 
25  (  25) 
61 61 
98 98
31     (     33 * 84  +    3/ 20   )/  88    
68 ( 68) 
85   (85 ) 
63  (  (  ( 65  - 2  )  )  )
1175   ( (50 * 94 ) )  / 4  
0    69/ 10 / 14  
63   ((((  63  )) ))
32  (   91 - ( ( 59) ))
68 (30)  + 38
10  (10  ) 
67   67
66   66  
26 ((26 ) ) 
12  12
36  36  
30  30
97    19+ (  (45) +  (33  )   )   
94  94 
20   ((  (20  )))
65 65 
33 33  
5  5
71 71
4294967289  (  77- 84  )  
137   54  + ((  ( 83))) 
1   76  / 66 
4294967247   (  (  (  35) ))  -(84 )   
10 (( 10  ) )  
0 (  ( 0))
1  (  (  52  / 47  )  )  
190  ( (     13  * 14  +  8    )  )  
27  27  
39   39  
17   (  17 +   94 /42    /10 ) 
4   ( 60 )  /  15   
1980 (  ( ( 60 )  *  33  )) 
21  ( 21 )
43   ( ( 43)  )
98 98  
374306400      (  65 ) *   (  9  )  *  86    * ((   80 *  93    ) )   
79 79 
3  (3  )
4294933870    ( (  36 ))  /     9  -  46  *29 *  25- 80     
75  (  (  (75 )) )
4294967035   87*(   (  16  ) - 19    )  
79   1  + 78  
4294967257 (  15  )- 54 
1935     44 * (47  ) +   (    84/ 56 ) -(  49  +  85  )    
32 ( 91-(38  + 21  )  ) 
8   8 
4294963139   (67) + (  ( 39)  )  -   52  * 79-92  * 54     / 32  
83   (  (  (17 ) )  - 27 + (93  )   ) 
68 (68)
80 ( (  20  -  0   +(  60 ))  ) 
9 9
0 0 
5 (  (5)  )
75  75 
82 82  
4294967029   ( (  76 )  + 81 -  61 /  7 *53    )
98     ( (87 ) + 16  /71    ) +( 11) 
87  (  1 /  62  +  3  ) +84 
81  (  81 ) 
32   (  32 )  
35 35  
4294967243   (    33  / 31  /(  19  )  -53)  
4294967231 13  - 78 
20 20
0     (  6)/ ( 90)   
1 (    88  / 63  ) 
4294967128    7*  (    69-  (93)  )
74  (  (  74  )) 
20  20  
129  ( (  75 )+ 54    )
59  ( (( 59)))  
1   (  ( 60+ 44 ) ) /(  81 )  
4920  (  (   60  *  82  ) )  
79  79  
6806  82* 83  
176 (   50 /  ( 21)   *  ( 88 ) )  
39  (  ( ( 87 )- 48 ))
109   (    ( ( 46 ))+  (63  ) )  
86 86
187  (    99 + 88    )
51 51  
14 14
15 15  
20 20 
108     45+ 61 +  65 /( 31  )   
91  91 
80 80 
92   (  92 ) 
45   45  
45   45
91   ( ( 91)  )  
28   28  
3     11  /(3)  
4294967280    58-74  
46   46  
93 93 
376317    ( 18 -  15  ) *  (    41  * 85  *36  -21    )  
114   (  74  + 40    ) 
4294966264   27 - ( 70) *( 15 ) -     90 *4 /39   
171     77  +  95-  70/ 60   *(   15-  86   )  /  (  53-   18  *8   )
90 90
996     (  18*  34   )+  12  *  ( 32  )  
38 38  
52   52  
4294967220   (   40  -56    -33  ) -(27  )  
28  28
70 (( 70  ) ) 
85  (85 )
4294967254   33 -  (  75  + 53  /  95   ) 
60  (  (  (( 60)  ) )) 
35 35  
68 68
52 (  (  (53 ) -    64 / 36   ) )
294015 (    (86 ) * 66+ 89    )*  51
5683   64 *   (90 )-   44 +  27    -( 60 )     
79  79 
77 77  
22   22
98 98 
55     55 -50 /  86   
4294967227   (64 )  /  (90 )*  81-35 -34  
54  54
22 22
3920   (    80  * 49  +  1   /  58  )
47   47
18   18
90  90 
4294966294  (  (  ( 6) )  )  -   22  * 46 +    67 /  14       
1    94 /( (  ( 83 )  ) )  
4294964257    (64)  +   73-66    *48   - 8 
35   (  35  )  
54  54
4   ( (( 99 -95  ))  )
85      35 +  9+ 88  /52  -  (  52)  /    88  -  26   + 37+29       
190  50  + 32+(   81 +27    )    
56  (  56) 
44   44  
77  77
8  8 
41   41 
0   69/(  71  )  
4294966109    28 - 45  * (  (   9+  18  ))  
0     ( ( 30 )  )  /  (  64 )  
0    (     29  +  86  / ( 24  )   )/ (( 39  +  16 ))
14  14  +62/  92 
3  3  
75   75
4294967233  ( ( 30- 93 +53/82)  ) 
2  (2 )  
123  (   (  12  +75) +  36  ) 
60  ( (60 )  )
93  93  
69   34  +35    
92  ( ( 64  )  / (17)  +  (27+62  )   )  
65 (  (   54+( 11  )    )) 
1 (  (  (   59/ 59    ) )  )
0    27 /83   
12     ( 52  -  39 ) -76  /59 
1092   ( 78  *  14  )
70  70  
960300   (  (  45 )  )  * (  (  20)  * 11  *  97     ) 
656  ( 41) *  ((  (16 ) )) 
39   39 
170 (  ( (    76+  94  ) ) )
29   29 
65  65  
8 8 
57 57  
4294967286   (  (  77))  -87
2752   ( (  64  )) *  ( (   76  -33) ) 
11   (33) -22    
86  86 
0   (  ( 28/64 ) ) *     (58)+   38 /  69 *  54   
81  81  
46  (  77 )-  (31  )  +  19     /  49 *  14
45 (45) 
1178   (  62  *19   ) -    13/14  / (16 )   * (   (  41  )  +  84- 25)   
80 80  
95 95 
75   75  
50  50
4294967211 (    ((14  ))-  (  (99  )  )    )  
4294967165  (    4  -83 )  +    8+32 -  92 
46  46  
52 ( ( (52))) 
4294967250  (    4 - (  ( 50  )  ))
12   12 
0  (28  -73 - 64 + 24      )  *(  ( 35  )/ 85  )   
4294966459 (  39 - 50 - 7     *( 79 +  39  )  ) 
30 (30  ) 
43 (  (  43  ) )
5  5
25  (  ( (  31 ) )-  6    ) 
0    63  /  (  ( 66))  / 10  
52 (  52  )  
3444  69  +  75* ( 45  )  
81 (  81 )
73     35 + 38
43   (  43 ) 
4 ((  (  (  4))  ))  
7424     (16  )  *   29+ 69     *   40  *3 -27  *   48 + 75-  ( 13)   /(11  )-  (98 )   
116   97  +   (24)-(5 )    
3843  40 /   61  -   90/  49  +  (  62* 62 ) 
4263 87* (49 ) 
6 6
1  (30  +  13  +( 52)  )  /  88
96   ( (  96  )  )  -  6  / 52  
0 (  (   67 - 73 )  )  -   (64 )+  (  (  70 )  )   
29   29
74  ( ( ((74  ) )  ) )
31 31  
69  1  *  65  +  4  
81  ((( 81  )) )  
4294967258 (  20  )  - 58    
21 21
1   1  
720  36 *  20 
98 (  98 ) 
4294966058   7  +    0  -    22*54  -57     
58 58  
31   31 
4504  48  + 40+   (48)* 92  
4294966784 (     64* 59  -  77  * 56 +14  + 10   ) 
4294967221       (  (74  ))* (  25/  73 )    -  75  
5807    ( 44 * 62  /  31 *  66    )  -   ( (15)  )  / (9)  
46  46
44   44  
23      43*(35  )/  (  (  63 )  )    
4294961869   (    89/38 -  97 * 55     -  (94  )   )  
4294966121    60/    61 - (47* 25 ) 
37  (  ( 37  ))
59  59 
0  0
146 ((  87))  +59   
4294963147    75-   44*  (  96)  
4294967259  (  ( 90 /  68  )  -  (( 38 )  ) )
79 79  
4294967255  73-45 - 69    
90  90  
77  77 
63    97  - 82   + 79 / (37)  + (  98  -  52 )   
1869    (  95 )*82   *(  18 )   /75 
40  40 
43   (((  ( 43)  )  ) ) 
75  75
25   25
4294967289    10  - (17 ) 
73   73
91 91  
63  63 
45 45 
92   92  
18  (18 )
49   49
2324    28  *  (  78 +63 / ( 11)   )   
354 (  (     79 / 13  *61-  12   )  ) 
2746     52 *  51+52  +92  -  50  
89    74/ 90  +  89
45   45
97 (  ((  97 )  )) 
71 71 
25  25
30  30
94  80*   (  83+  8  )  / 77   
96  96 
94 ( 94  )
124500   ( 83*  ( 20  )* 75    )
4294967232  ( (   22 *  1 - (  86 ) ) ) 
16 ( ( 16) ) 
55 55 
48   48 
2     83  / 40 
0   (  (  41  )*   2-  5   )  /  99   
90 90
41    27 +14   
0  ( ( 19  )  /  55  * 39    )+ (  (  99  )  / 92  /12 ) 
0   69/  60   / 58  
13920      45  +5   *   31*  (90 ) -75   
25   (25  ) 
2   ( ( 2 ) )  
16     5+  11   +  ( 9  )/ 35    /  (  19/ 3  )   
17  17 
22   22 
77  77  
261  9*  29 
51 ( (  51 ) ) 
63 63  
83 83  
10   (  ( (    29-19   )  )  ) 
0   (  ( (  63  /  86  )) )
67   67
23    (94) /(( ( 4 ) ))   
63 63
15 (15 )  
4294966761      41  -  72   * (   (  17 )  -  25  +16     )   
58     82-   73 +    49-   2 / 40   
94     92  +    (76 )-50   -  24  
274   ( (   58+ 45 + 93  +78  )  )  
79 ( (( ( 79) )) ) 
21 21
73 (    ( 96) / ( 41  )  *  12+  49    )
19   ( 19  ) 
4294967242  (    26/  57   - (  55 ) +41/  27  )  
36  ( (  36 ) ) 
1551   (((47 ) *  33  )  ) 
19 19 
0     31* 0* 37     
1543    73+  (  37  *  38  )  +  64 
76 (  33 /    45/ 49    +  76    )  
48  48
37 37
360       0  *  69   /    8/53   *   (  98)  +  40    * 9
59962   (  0 +  66    )+(  32* 55   )  * 34  +  56  
68  68 
71  71  
120 (  (  44  ) *85  )  /  31 
74  74 
66     (28  )+  (  38  )*  1    
0  (( 40 /  (  48  )  )  )  
1241460        ( 95)  *9 *  66 * 22    
4294967241  0  -  55   
19   19
1   80 / (41 )    
4294967218 ( ((   13  -  91   ))  ) 
320       (  14) /  8 * 80 * (( (4  )  ) )   
54 54 
88   88
4294967231   76 - (15 )  - 33 -  (  93  )    
369  ( ( 99  )  )  /    55  *52 *  7- 26-    17  + 48    
87  87  
72 72
4294967134 (  (( 63 ) )/  92  - 91   -(  71  )  ) 
58  58
35   (   12/   97  -20 + 55  ) 
48   ( (  ((48))  ) )
41 41
25  25 
6    52 -  46  
76   (  76 )  
38   38
4294967217 (    74 -  77    /  80 - 91- (  62 )  ) 
80 80 
4294967219    ( (  (19)  ) )-  ( (96))    
42  42
4294967245  (  (   69  /  80  -  51    ))
0 (  (   ( 0) /50   ) ) 
4294967288     72+13   - ( 93 )   
3559  91  * 40 -  ( 81  )  
101   6 *   30/    (  59  ) + (98 )  
0 61  / 67   
32   ( ((  32  ))  )
1184   (   ( ( 13) )-    17 +  18   *66     )
5 5 
0 42 / (  53 )   
229 (   ( 95)  /    2 +89     )+  ((  (93  ))  )    
3769052416  (     78  -  89   - (19)   ) /   (  (21  ))  /   14 *   54 *32       
299 ((47  )) +21    *  12 -94/ 70  /  15    
7   (    70/ 78 +(7 )+(84 /  89 )  )  
18   18
37   37 
876     73  *(12)
89  89  
51130561    (      83  / 75 -  81  -83    )/ 84  
6   6
81   (81  ) 
32  (  32 ) 
124 (   (20+41 )+  63  ) 
97 97
86   86  
404   44 +  8 * 45
21943   ( ( 9 *94 )*  26-  (53 )   )  
21  21  
3   3
25  25  
23   23
8   8 
2624 (    ( 24 )/   5+36  + 32+  88 *29      ) 
70  70  
7392   68/  ( 26)  *  4  * 42    *  22 
31  (  (  68 -( 37)    )) 
4294966662     ( 23)-  37   * 19    +46 
4294967270   12  -38
5 5
86  (  86) 
26965  ((    51*77  ))  *  ( 22+81  ) /15   
85 85
277     55  -47  + ( 71 )   *     48  /  13    -  65     + 72  
8    (9) -  ( 86)  / 60   
28   28
0 ((  (84 )  )/   17/ ( 52  )      )  
32 ( (32) )
80   ( 80)
69   (  69 )  
1261     (99)+ 79   +  (   36 *31 ) -( 29 +   24 /  5    )   
75 (  75  )
4294961978   (  (  (  43  )) ) -(    52 *  4   *  26-47      )   
9 9  
24     (22)  *  (    15  +52 )  /  60 
26 26  
42  42
2432  64 *(  ((  38 )  )  )  
2596   22 * (   43+  75  )    
29  ( 29)  
88 88
156   82 *(  53  )  / 71   +95   
128   ( 37  + 61    - ( 6  )    )+  (  36)   
8   8  
123  79  - 19  +   34 +10    +  ( 19)     
48  48
13   (( 13 ) ) 
55 ( (  53 -  14  )/ 14 +  (53 )    )
6440   (    42  +   5  + 93      )  *( (  46 ))   
16 16
78   (78  )  
92  (((92)  ) )  
160    70-   4 +    (47)  * 2   
25  ((  (  25  ))) 
17  ( 17 )  
95 (  (     78/ 40  *95))  
49   ( 49  )  
81   (  81  )  
92 (  92 )
83   83
30  30 
73 73
16       (68 )  * ( ( 9  ) )  /37 
4294966413   (     (41 )  + (44)    *  (  18  - 39 )    )  
65    50*   (( 52) ) /(( 40 )  )  
37  37 
355   (    64  + 71 ) - 2    * (   (18)-   54 - 74     )   
74   74 
4294965723 ( ( 48  -  33 *   52 +95   ) )  
72918    ( 84 ) - 78 +49  * (  (  24 )  *(  62  ) ) 
3300  75 * 44  
17719        1  *  52  -( 84)    / ((  89) ) +   91  *(5 )   *  39 - ( 78)      
10487  (     42 +  99 + (  83  ) *    82 +59 * 60   )  
53  (53  ) 
62 62  
92   92 
47   47
66 ( (  (   85 - 19  )  ) )
1045    91  + 33    *   31 -  26 -  43      
5  (  (  5  ))  
0   9 /  72
5  ( (   34 * 14   / ( 85)  )  )
96  96 
49 26  *(  6/30  )  +  49 
99  99 
0  (   (( 45)  )  /97 )  
29   29
71  71
4294967270  (  (  ( 50))-  76  )
165     (  90 ) +54   +(79  ) -( 58 )
28 ( 28)  
66 66 
10  ( ((10  )) )  
86   86
74   74
4294962357    (  17 )+    ((  53  )  )/   23-  74* 67     
15 15 
63   (  ( ( 3) )  *(  21  )   ) 
98  (((( 98) ))  )  
63  (63) 
4294967209     ( (83  ))  /  73   +  (  54 -45    -( 97 )  )  
86 86  
2036   24 +    78  *    24+ 2  *  (70)  
49   49  
103   25 + (  78)   
87   87
27   27  
17  (( (  17  )  )  )
0    (  46 -  ( 13  )   ) /49 
93  ((((93)  )  ) ) 
22      35-  14 +(  84)    /59    
44      (  ( 1  ))+  ( 85 / 48 )   * (( 43)  )   
147   (77 +    (7  )+  (  63  )     ) 
6654 ( (48  )  +94  * 70  + 26 )  
84  (6 )* 14    
7   7 
18   18
24   24 
83   83 +   ( (5  ))  /10 
34   34  
177037770     15* ( 93  )   *  (  70*  49)  *  37-    99 *  17 +((  3 ))      
14   (  14  ) 
64 (  (39 )  *  48  /    57+ 32     )
78  (78 )
117 (  31+86)  
85 85 
54  54 
25  25  
71  ((    84-  61   +48  ) )
78   78
83  83  
4294964020      (  (  29) )  / 10  -   37 /     1 * 91   +89 
60  60
3480   23  / ( 16)   *  ( ( 40  ))   *(87 )
41   41
4294967234   (      49 -  54  +  85  / 69    - 58  )
4294964793   (   (76  )  + (  2 )    )  -( (29  )  *  ( 89))    
59   (  59)
39    (  39 )-35  /62
37 37  
91  91 
98   98 
126 ( 87  / ( 22  )    )  *(51)- (  27  )   
3   3 
34 34  
3234   98* 33  
1 ( ( (96 ) ) )/ (( 51  ))  
66   66  
1   ( (  94 ))  /  74  
39 39 
62   62  
87 (87 )
46   46 
4294967282   ( ( 27 )  ) -41
1     (88  )/  72    
1    (69  )/  36 
32 32  
51  (( ( 51  ) ) )  
58  ( ( 58 )) 
65   65
1        (88  )  / (  77  )+  30  / ((  61) )*  ( ( 20  ) )    
0  (   56 /    73 *  22 )
67      67-92    / (  15 -31)   * 20 
35   19/ ( 69 )+35   
0  (  63 )  *41   * 0   
107  ( (  (    62+  45   ) ) )  
36   (  (( 52  )-16  )  )
81  ( 81)
412  (  91)+ 5 *   66+  62 /    28- 11   
2015   ( 31  *65)  
106   ((  8 +  32 +  66))  
94 (94  )
14   (14)
23  23
95   95
22   (  22) 
1997 (    37 *    54-79/  ( 44 ) )  
154812   (   84*  97   *  19  )  
25072   77  -     ( 28  )  +    33 + 15  *(49 * 34  )    
68   (( 68) )  
0    (  15) /(95 + 69/60   )    
0   (  (    ( 0)  /98   ) )  
10  10 
20  20
68   68 
4294966665    2  - 84  *  8  +39    
5494      (  81 ) * 28  +62  * 53- 68  /  ( 69) - (    78-  18   )    
12 12 
12   12 
0     90  /    96 +31  / (  6  )    /  70
26  26
51   51  
6408   89  *  ( 72  )
97  97  
4294967282    83-( 97)   
2  (  ((    82/ 36)))  
64 64 
98 ((  98 )  ) 
53   (  53 ) 
304 (76 *  (   91  / 20  )   )
57  57  
17     10* ((  70 )  )/  41 
4294967283 (  (  ( 65 -  78  )  )  )  
3062   (   (  97) *  (31)  )+55   
17  18- ( 1 )  
18 18 
50 50
3   3
164   (  26 *  4) +(  42  ) +(18)  
53  53
85  85  
74   (74  ) 
118       34+85  / 11+38   +39    
29  (  29 ) 
86   ( 86 )
84  ( 84  )
34 (  34  )
57  57- 16  /87
3016 (58)  * 52 
1    38  /( (38) )   
89   89  
88 ( (  1 +  40+  47     )  )  
362    ( (12)  ) + 72*   83 /34   *(  2 )   
94 94
4294967291  ((  7  ))-  (77 ) *    12/  (  75  )      
2915   (( 53 + 2 )  )*  ( (  53))    
107     79-   15 +39  /   3/ 33   +  (   (  98 ) -55 )
76   76 
1    (  15)  - 17 + ( 12 )  /  10  * 57 / ( 19 )       
71 71  
112 ( 54  +  58   ) 
98  98  
96     92 + (  ( 28 )  / ( 7  )  )  
87  87 
0   (((  2 / 95  )  ) ) 
624  (  (   ( 16)  *  ( 39)  )  ) 
4294967244  (( (  6  )  ) )  - 58  
76 76  
1270    51 +  86  *  15  -  58   * (64 )/  ( 52  )      
143   90+  (  53  )
28  (28 )
49   ( (  ( 55  )  )  ) + 13-(    59 -  40 )  
60   (  ((   72 - 12  )  ))  
87     54- (  65  /77-  33 )
28  28 
80 80
19 19
2     89- 90 + 3    
89 (89 ) 
650  ( (  10 ) *65    )
26  26
4294962024   (  3*15   )  -  ( 93 * 57 )  -   (  ( 54  ))+  (  38  )     
92   92
82  (  97- 15    )  
48   48
45   ( (45  )) 
21 (21 ) 
44  ( ((  80- 36    )  ))
61   ((80 )  -  19)
685  (  (   22  + 39    *  17  )  )
670  (  44  *    14 + 21  ) +  33 
1   ( 21  /12)  
78 78
4294962373     (28) -87  - (64 *  76  ) 
81 (  81 )  
35   (((35  ))  )
39  39  
42 42 
4294966239      ( 49  * 22) - (  72  + 88   )   - ( 79 *( 25  ) )   
42   42 
110   (57  -   97/91   +54  ) 
40  40
4294965181   ( ((82 ) ) ) -   (  59 +60  )  *  18-  (55)     
66 66 
42  ( 42  ) 
27 27 
24 24
42 (  42 )  
5  (5) 
12181     55+(  70  +  59 )*( 94 )  
75 75  
63  63  
46 46
48     (    ( 9 )+9  )  +  (  30) 
82 82 
72  72
3260     ( (  ( 64) ) )  *     10 - 67  /   33  * 25   +  ( 89  *  30 )    
59  59 
63  (63  )  
5952 64  * 93 
4294967282   (  (  (37)  -51))
87 (87)
48     (  ( 2  ))/ 33  +  (  48 )  
1320  24*       43-53    * 36/ 7   +   29  /  4  *  (80 )  
34 ( ( 34))  
2117   (  (   ( 88  )  *  23+ 93  ))  
3744  (     45 / 23   *   75* 51    -(  ( 81 ) )  )
4294967273 86 - 45  -(64)  
39 ((39) ) 
32   32
58   60 -(( 2  ))   
4294967291  ( 56  -61   )
1   1
0      ((17  ))* 3   /91  
32  ((   16 +  17   +    88- 89   ) ) 
76  ( 27 )+  97 - ( ( 48 ) )   
86 86 
21 21  
59  59  
6  ( 6)  
8   (  8 )  
44   44 
58  58  
1   (( (  16 / 12)))
4294967261  ( 17)  / 48 -  35  
81   (  81) 
24  ((24  ) ) 
58 58 
110  ( ( 74  ))+ 36   
1  1 
29   80 -  51  
46 46 
3250  (  25 *(  90 +  40   )  )  
43   (   25 - (  60  -78    ) ) 
89  89
65  (65 )
324  (   (  71)  +  (34  ) ) /   26  * 81     
174   (  94  ) +(80 )  
113 (  (   30+   41  +  42   ) )  
2047   (( ( 26)  *   82 -  85     ) ) 
53  53  
56 56 
90  90
80 ( 80 )
55  55  
87 87 
35  (  (  78)- (62) + (   13  + 6  ))
4294967243   (  (( 0  ))  -53  )
6  (91) /15  
2282   (  ( 42  )  +  35   *64 )
0    (    (34  )/ 57)/ ( (  (  51  )) ) 
6 (6  ) 
3322     (22  )  * 53 +(  98) * 22  
38   38  
84  (  ( 0*  74    +  3+ 81    ) ) 
92 92
88   (88)
55   (55  ) 
3   ( (  3 ) ) 
101  (  (    ( 54)  *   66/ 35   )  )
0  18  /((  21  *99  ) )  
60   (  60) 
0   39  /  99 
97   97 
23  23
1953   (35 )*   ( 63 +  92   )*   30 /  83 - (  7)   
29   29  
0   ( ((50  )  ))/ (     81- 53 *(  71  ) )
7950  (  50 ) *(    (60  ) *  53 /  20   )  
0 (  (  (71/ 93 )  ) ) 
63  (63) 
4294960917  (      63-67  * 24  * 4    -  ((  10 )  )   ) 
56   (  94+  24 )  -  59 -    ( 31)*(  10)   / (  (92  ) )   
47  47
44135   (   (35 ) * 13 )*  ( (( 97  )))  
62   62  
30 30  
0    (  ( 51 )  *  39)  *(  28  * 0  ) 
74   (15 ) +  (   10/  31  )  *     57  /  90  /  50+  ( (  59  ) )    
0    26*  (    88 / 23 / 61 )  
96   96  
75  75
241   (   79+ 58  + (47  ) )  +57  
79 79  
28  28 
75  75  
765912   ((  94  ) * (   84 *  97   )   )  
4294967237 (  (  35 )  )  - (94  )    
0  ((  0/  (29)    )  )
1086    ( ( 20 )*   58  + 1    ) -  (( 75) )    
4294967095   ( (    46  -  2  * 88- 71) )  
4294967288   ( (  47 - 55  )) 
27 27  
47  47
0  ( ((86  /96  )) )
4294967247    ( 52 -    10+  30  )*  ((  0 )) -   41 -87    + 79  
121  (    (59  ) +  (62  )  )  
4294967236      (62 ) / 82  -  96 + (  47)    -  11 
0    32/  (  69  ) 
27  27
29640 ( ( 6  *  95  *  52   )  )
18 (18)
102 (  (  75  +( 27 )  )  ) 
99   99
24   24  
50 24+ 26 
51 (     (62  ) + (26 )  - ((37  ) ) )  
11     80 /    (8 )/   52+  11     
4294967162  ( 27 /(  28 ) - 58  -  76   )
4294967146 (   ( ( 16) )-  (  77  +89)   ) 
72 72  
75    (75) -   ( 31  )/50  
71 71  
4294964186     47-  41 *  77   
2618    56  *   32  +   16* 49 +  42     
55 55
93      83*  29    / 67 +62 - (  4  ) 
75   75 
64  64  
299 (     62  + 76   *2  +86 -36 / 28  )
3   75/  (24  ) 
4134  (  78* 53) 
47  ( 47 ) 
66  (  3* ( 22  )  )
63  63
33  ( (33  ) )  
4294967215  45 /65- 81 
4294967145  (     59 /  (53  ) -(  4  * 38  )   )
379      (  48  )  -  (6  )  +    (  87) +  84 + 2   *  83
58   58
30   30  
67   67 
85 (85)
98  ( 98 ) 
3692  71 * ( ( 52  ))   
4048    (44 ) *(  92)   
4    ( 13  ) /3 
1 (  ( (   32  - 31  )  )  )  
3319500231   72 -  (  64-81 )  / (  59 )  /  5 *  67       
42  42
111     (83  )  +  (19 )    +( 31 )  -  71 + 49 
0   ( ( 18))/  28   
1  1  
213   ((  (34  )/ 11  *  71 ) ) 
577    (  95  * 6  )  + (7)   +(    55 /98  *69 )  
50 (50 )  
20  20  
64 ( 64 ) 
4294966620    (22)  - (85)* (9  )  +67   
120   ( 47 )+73   
9 9 
72 (  72  )  
918  34*( (  27  ) )
1  ((1  )  ) 
114 ( 19  +  95    ) 
118   49 /    99/  10   +  48 +  70 
70 70  
2632   (  47) *  ( ((56 ) ) )
92 92 
5 (5  )
14 14 
4 4
6357    (   43+  72 *87    )+  (50 ) 
73  73
92    ( 92)+  ( 29 ) /  ((99))   *  89 
1  (  21  ) / (  (  (18  ))  )  
7524    76* (  99)  
39 39 
4294967194    (   27+  42  ) /  (77 ) -   94 * 26  / 61  + 74   /52  -(  63 )
864  (9 * ( 96) ) 
32  32 
228  (  (96 )+  97  * 20/    39+83  ) 
10   10  
4294967248    ( ( 71) - ( 26)    ) -  93   
0    41  /  ( 60+    97* 70)   
4294800850   (  (  84  )-  (  91  )    *  (61  ) *  30  )
70 70
97   (97)
3290   70* ( (47 ))   
20   (  20)
4539   (  (    62 *  72  ) +  (   3  * 25    )    ) 
5 5
1 (  1) 
35 35  
4294964188   12  *    98-( 84 )     *( 51)  
75   (75  )
95  81  +  14    
71  0*   (  (  3)  )+71    
4294967232    (  ( 21  ) ) / (  53  )  -  64    
4294966678   (  55 -  15*47    ) +  32  
1942  1* 19*    91 +  79  +  39+95     
84  84 
41 41 
7  7 
4294967267  (   28/2   ) - (  43  )   
82  82 
5    5-  (  34 /81    *  (96 )   ) 
26  26 
56  (  ( 56 )) 
3742  67 *   69  * 2  *34/84  
71320     20 +   (  ( 23 )  ) * 62* ( 50  )   
158 ( 86 *   40/ 46  +(84)   )
4294967205   ((  31/ 90  ) ) - (( (  91))  )   
5  (  5  )
25   ((25  )) 
33   ( (  33  ) +    (67  )/  ( 70 )   )
82   82  
24  ( 24  )
83790 19  *   5  *  14  *63    
21  (    (  19  ) +  53/91  + ( 2  )   ) 
69  69
72  72  
0      48 /71*31     +  (  77 ) / 14     / 31    
84  (  ( 84)  ) 
490  ( (  10))*(     3 *  0+ 49   )    
65 65
4294967268     35/  (    68 + 80 )- 28    
57 57
268      (49  )  -  61+ 84 /(  12 ) *(  40 )  
4294967294  (  15  /  ( 98) /  43- 2      )
40  (  40)
36 36
40 (  (98  /67    )* 40  ) 
66  66 
63   63  
4294965440    ((  32 -  90  )  )  *32    
175   86  + (89  )    
20 20
63 (63 ) 
144   49 +    ( 95 ) +  39  / ( 47-  57  )     
24  24 
71  71
74   (  74)  
178956969    (  36  -  66  ) /  ((  42)  - 18  )  
0  1* ( ( 96 ) /  98 )    
69 69  
31  (  (   31 + 87  /  91   )) 
4 4
0  23  / (72  )/  76   / 35   
95   60 +(  (  71 ) )   -   4* 9    
173   (  89) +  (  84) 
25 (25)
160 (  83 +  ( 77)   )  
15  (  15)
53   43 - 36 /94  +  (  13)*63    / 80
0    (  (13  ))  /  29   
50 50
65  (  (87  )- 22   )  
145  (   89 + 65  /  77 + (56  ))  
4294967282    (    44  - 93   +  26  )  + 9 
3   (  ( (  (3)  ) ) )
72   ( ( 72 )) 
94 (       94 -86   / (31)   +(  (  2) )   ) 
1427 73 *   (47 )  /  ( 54 ) +    ( 44 ) * (31 )    
142 ( (  31 + 46  )+( 6  +59 )  )
2370  ( 30  )*  79
136  (  ((  67) + (69) )  )
4294967268   ( (  69 ) -97  )  
1  ((  91  /  78 -   3  /  72    )) 
2815894  95*    (  (  8))  *  65 *  57+  ( 94 )     
80 80
6510  (  ( 70  ) *  (51+  42  )   )
2584   (    22 +  64    +  62  + 87    *  (  (  28  )  )   )  
14   (70  ) +  (  (  26-  82 )  ) 
11  ((  65/ 63  +  19 -  9      ) )  
50 50 
12 ( (  (  18  )  -  45/ 7    )  )  
87  87  
60  60 
0   (( 20/57 /( 1) )  ) 
112 (  (   (59)  + (53  ))) 
4294967237   7 / ( ( 71  )  ) -( 59  )     
3752    (  23 )-  47  -59  *  (  ( 19  ) - ( 83  )   )  
12  12
410   (( 41 *10   )) 
39   39  
609 87*  7 
17    3+  89    / 11  +  6   
91    20+71   
4294967213    75  /  (  79)-  ( (83 ))  
2   (((74))  /  31)  
5328   (   (   27+  45   ) * ( ( 74 ) )  )  
4294967286    35  /   44/  73 -  97   /  91+ 36-(45 )   
55 55  
71  (71 )
31    43-  12  
23   (  (  10 )  +20) -  7  
4294967248     77/81    - 48  
50   50
4294962493  (   80-( 23)  -    54*  90 )  
30 30
8  (   4 -  5 +  (  (  9)  )   )
64 ( 64  )  +8 /( 14  -91  ) 
77   (  (   77  -52  /  45/ 87    ) )  
7   7
41  41 
95 ( 91 +    ( 71)/( 17 )    )
2  2  
66  (66 ) 
41   41  
213   43  -  ( 6 )+ ( 80 )   +  (96) /(  34 /  25   )    
50  (  50)  
27 (27  )  
4294967263    12  +( (   0  -  45    )  )   
70   70 
9 9
948  (   (  18)* ( 48  )+  84  )  
3100  31*(   9  - 50 / 41+92)    
60 ( 77)  -  17 + 17/ 50   * 34 /17       
1696  (  32*  60 /36 * ( 32) )
158   (  (80 )-95  / 35    + 80   )  
26   26  
95  39  +    (  ( 29)  )+(   19  +  8 )    
4294967239 ((  70  -    70-57   )) 
74 (74)  
48  (  48  ) 
1 (  1  )  
84   84  
5     36 /   23  +  (  75  ) -71     
17  (  (17  )  )  
92   92  
1    61 /(  24 + 26 ) +( 8 /  28   )  
7   7
4294967212      (7 ) /  52  - (  84  )  
10  (  ( ((10  ))  )  )  
23  23 
81  ( (   35 *  70  ) )/ 30   
47 (  47  )  
4294967263     (97 )  /(  51) - 34    
48  48  
8 ( 8  )  
65   65 
29   29 
48   48 
55 55  
99    67  +32   
70     70+( 18  )    / (   47/19 )    / 69   
45   45
22       (  (  71 )  ) -     49-  5 * (  71 )    /  ( 11  -  (  48)  )  
4294967224 (   20- 9  -   49  -  34     )  
1103    78 *   (10)/ 31     *  ((41  )  )+ 78    
34   34
17  ( (( 17 )  )) 
9   60  -  (51)   
6 6  
5016   88  *(57  )   
31   31  
82 82 
132 (    2-  33  / ( 97  )  )*66 
93 93  
96   96  
29   29 
4294967265   (  (  57  - 88 ) ) 
76    70 * 89/ (  81 )  
65     (82 )-( 17 )  
57   57  
68   ((  18))  -  62+ 21  +  91    
52  52
960    ( 49 - 17 ) *   (30)- (44)    /  92 
740   5+  ( ( 15 )  )  *( 49 )    
7 (  ( 7  ))  
11   ((29 -17 ) ) -(   78 /( 74  )   )    
77 77 
53   (  53)  
9  (9  )  
62   ((62)  ) 
4056 78 *  52
92   92
25 25 
0   ( 64 )  /  ( (48) ) -  (   73  / 51    ) 
2850 (  (   95  *30    ) )
4294964064   (      92 - 71   * ( 46 )  -  58  )
4294967291  (  18/  (33)- 94 / 16     ) 
846 (  ((  9 ))*94 )
63   (  (  (  (63)) ) )
1  1
40 40 
133  (  (  51)+  56  )  +  (  ( 26) )   
0   (30 )-30 
76  76
43   ( 66 ) - 23   
60  (60)
1985    (  1  +98  )  * ( 21) -94  
3456   (  4 *99  *   10  -18 *28   )  
121   79 + ( (  42  )  )   
54  54  
108 ( 47  )+  ( ( (61)  ))  
54 (   (   27+ 4  ) +  (23  )  )
15 15  
0 (      85  /81  *84 )/  (   26* (45 )   )
8     48*  ((13 ) )   / 71
30  (     89 +86  /   81 *  2   - 61   )  
45  ( 45 )  
0   ((  46) )  / (  97 ) / 41    
76   76 
4294967285  (  77  /  20+  13/15    )-  34+ (  ( 20  ))   
76   (   ((  76 ) )+ ( 6)  /  43  )
290       58* 5 -((  0 )  )  
98  (  (  ( ( 98) )  ))
4294963897   ( 21 )  -    29/  22* 90  *  38     
68   68  
2360   (    ( 63  ) *  39 -  98)  + ((  83  ) )  /(83)  
89   89 
72 ((   (  66  ) + 6   )) 
20 (( 20) ) 
75   91-  16  -(0*  63  )   
594220  55 *   (70+ 78  )* 73    
37   37
46  ( 46 )
74 74  
28  28
8   8  
18  18
680  68 *  10 
1317  ((  44  * 31 )) -  ( 47)  
14 14 
50  50
8  8 
2   ( 21 / 93/ 94   +83  -  81      ) 
3 (  (3  ))  
98  98
41 ((  (  84)-( 43 )    ) )
0   ( 84 /   40/11    ) /  (  ( 9))   
220   ( 98 +   89+ (33 )     )
43 43
41  41  
62  62 
813  (  (74  )  /   46+ 28  *29 )
30  (  30) 
19   19 
4294967223  35 - 55    /  (  70-  56    )  *      70 -39+  96  + 45   
881    42*   41 - 82 * 10  -  (  (   92-  71 ))  
1   1
96   (96) 
0   ( ( 39  /   51 / 77   )  )  
50  50  
63 63  
33   33
56   56  
96 (96 )
51    (74 / 92  )  +  50   +  ((  98 ) ) /  ( 79)    
70  (70)  
2  (  ( (35) ) /  ( ( 14))) 
31   (  (   ( 31  )  -    14 /  50    ))  
16 (  (( 22)-  6    ))  
59 ((( 59  ))  ) 
3318 ( ((  54) )  + 48  *  ( 68  )   ) 
20 20
0 0  
57   57
9   ( 9)
76  ((49+ 67 -40 ))
27 (  27)
82   ( 82 )
5  ((  (  5 )) )  
1289       32*38+73    
42  42
84 84 
21  ( 21) 
4294919956    ( 22+  99    + 42  +  17    )*(    11- 93 -  84  -  97  ) 
76   (76)
4294967267   47  -  76  
72  72 
57 57
51    (  28)+(23)  
90   ( 90 )  
4294967247     ((20) ) /  38 /  16 * 86 *   16 -  49       
2   ( (97 ) -   2  /66   ) /(  73 )  + 1 
36   36  
86 (  38  + 1  +(  47 ) )
6   (( 6 )) 
10  10
2  2  
60   60 
0  (((  72)) /84   ) 
0    77/ (  (29) *  62  *91   ) 
122 ( 81)+  41 
366280    61*( 78*77   )  -   (43 ) * 2    
25  (25 ) 
65     65*  1   
12   (  63)+( 45  )- 70 - ( 26  )   
4294963872 (( ( 96  )  ) -( 88 *  40)   )
63 ( ( 63 )  )
0     18 /82  
4294960862   (26  ) - 95 *( 68 )   
4294966137   ((   11- 65   *  19 + 65 ))  
3   3
4294967253   ((  (    6  - 49 ))  )
8730  ((    (  90  )* (  97  )   )  ) 
3 ((  (  ( 3)  )  ))
99 (( 99)  )
4294967265  ( 34 -65-  (  0 )  ) 
13  13
84   84
4294967294  (  ( (  52  )- 54 ) ) 
83   (  83 ) 
62 ((  ((62  )  ))) 
32  (74  )  -(  42)  
63     ((  (63  ) ) )-  (   63/ 87) *  (  (4 )  )     
56 56  
46  (  46 ) 
85    (24  )  -  (  64  )+89   -    (  33 )  /  90 * 0    +  36
4294966331 46 / 9    +( (9  )  - 89*11  )   
97   97
21   57  - (36)   
47   47  
4294967213     58  -  49 -  (92)  
4294967224    (  0  )-72  
45 45
59 59  
23  23 
70  70
4294967292     1- (    (98 ) /17   )  
91 91 
92 (  ( (  26))+ 66    )
79 79
4294967256     72/  59 /  80-( 40 )    
4294967268   ( (    71 /   12  - 33   ) )
528 ( (  (24  )  ))* ( 22  ) 
4294967242     3  +  77 * (  98 )/  (    21*  13 )   /    54 / ( 22  )  -( 57 )  
39  ( (  ( ( 39  )  )))
62  ( ( 62  ) )  
270   (      10+25  * (  14) - ((90 )  ) ) 
1   (  (54  /(28 )  )  ) 
83 ( (    (14 )+(69  )  )  )
4294967294   (  (  (90- 92    )  )) 
4  ( (  4  ) )  
103    (  (75)) +28
26   26 
13  (( 13))
77 ( 77  ) 
62  62
74   74 
0  11/(   79* 60   -(  96  ) )  
4247  ( 89 + (   54  *77  )   )  
97   (  (  49 ) )* 29 /  15 +  ( 3 )     -     13  /  ( 48  ) *67 
36  (  36)  
42   42
2   ( (   60/( 27  )  )  ) 
419115  75  +   96  *    3 *  15 * 97 
64   (  ( 64) )  
98  98 
0 ( 57 )  /77   
4294967280     95 / 45-11   - (  7)   
0  ( 47  )/(  85  )  
23 (  23 ) 
79   (79 )  
9682 (  43)  *  (34  )-  (  52)   +    94* ( ( 88) )    
0   ( 0)
56   56  
43   43  
15 15 
55   55  
3906   (   63 *62 )  
11  ( 12 ) *     10/  46  +    (27  )- (18)      
4294967290 7-    89+  75   +(48 )  /  43  
37 37  
224 92  + 92  +40   
57 (  57 )
29      (30 )  /  87  + (  52+  93  ) / 5 
76     (( 54  ) ) /(  (37 ) )   *   56 +    97  *  20 /93       
63  (63) 
3     59  /16   
15 15 
43 (  (  43)  ) 
101  ( (   (  5 )  + 96  )  )  
1   (  1  )
85 85  
37  37
4294963167     (  (  73/17)  ) -  (  50 *83  -  17      )   
82   82  
62   ( 62)
71  71
18   (18) 
92  ( ( 92)) 
23   23 
4993    (39*  71  )-    56-  57- 95+32   * ( (76  )  )    
38 38  
10   10 
95  95  
1292 ((  (  34*  38  )  )  )  
92   92 
93     ( 25)-  17+ 33  /  19    *   (61  ) -  6+30    
2   (  (  16  +89    ) ) / ( (  (  50  ))  )  
4294967295       64  / 35 / (  48 )   + 47  - (48  )  
92   (  (   1 + 1    * (91  )   ) ) 
4294965313   (   19 -74 * (  27)   -  4  )  
4  (  4 ) 
64   64 
87  (  ( 92- 79 / ( 15  ) )  )
33 33  
4294967231       58 +90  / 41 / (28 )*  88 -  47      -  76 
111020      35  * ( (52))    *  61    
58 58  
4294967286    83-  (93  )   
61   61
47 54  -7  
0   ( 24  /  ( 25  )   /  31  )
5411   ( 82 *  68   ) - 82-83  
5481 ( ((59 )  )/  ( 55) * 87*  63    ) 
28   (28  )
15518 (   94 +8*57    *  31+23  *  14* 4     )
16   16 
4294962112   81 *( 39 *3 /   56-66 ) 
13 (13 )
85  85  
66   66
409   (   (25  )  +    64  +32  *  ( (  10) ) )
7127  ( 71  )  *  ((  99  ) )  + 98  
1 (( 95  / 51   ) )  
90 ( 90)  
95  95
251452   (      17 * 92   + 75 + 60 )  *  (  (  95  ) +53 )  
4294962124   (  (  (  97  ) )) /    ( 34 )  *  54- 40 *  (  59 +73    )   
63  63 
88 88 
2688   (   ( 15 ) +  49  )  *  ((  (42)) )    
4294965808   (48 ) * (  (  47  -  78   )  ) 
86  ( 86) 
121  (  ((  70 +  51  ) ) )  
55 55  
4294963109   (35 +  42  ) / 67*   80 +  (36 )    -    44  *97  -  (35 )    
7   7  
2006    ((  ( 34))  )*59  
0 24 / ((69 ))  
76 (76)
76   76 
69 69 
102  (  3 *    56 -  11      * 6   )  
4294966941  ((  (  77  )))-   55 /  3 *  ( (  24  ) )   
968  (  44  )  *(( (22  ) ) )
0      ( (  21 ))*   63*   75/ 27        / (  64  - 16*   53 -95     )  
30   30 
32 (  32  )  
51  51 
70  70  
96 ( (  63)  )+( (33))  
90  90  
1 24 /  (24) 
134590 (  70 + 57* 40  *  59     )
78  78
4294967182   89 -  (   (7) *  29)   
4892    32 *  ( 81  +  71 )  +(( 28 ))   
17 17+( 0/ 56 /  44 * 17     ) 
18   (18)  
69   69
4294967238  15- 73 
4294967213  (  95  /   (7)- ( 96  )  )  
70   (  ((70 ) ) )  
80   (80  ) 
38 (  (  ( 38 )))
3088      ( 64) *  ( 67  ) +74   -   9  - 26  +  33 +47  - 41  *    32  -  7      
19 19 
4294962486  (  (( 62 )))  -  56* 87     
9627 ( (18  )  + (  68)) +  94 + 99   *    96  +  71     /   40 -  62   +(4  )    
137  ((  75  - 18 +( 80)  ))  
7  (  7 )
17 17  
70  (((70)  ))
11 11
69   (  69  ) 
68   68  
46   62-  ((  17  )  -26  /20)   
64   35+58  -  (  (  29  )  )   
42  ((41 +   55  /  43   ))  
47   47 
1 (  ((  39)/  (  30  )) ) 
36  36  
4294967273   2  -  ( 10  +  73    ) + ( 25  )+  33   
29   29
1298 (     18+ 80 * 96   /6  ) 
72  (   94/ (89  )  + (  71  ) )  
634    (  33  -8   )+  29  *21
0    13 /((81 )  )
78 78 
26   26
64 (  64)
0   (  (  ( 10  )/(  39 )  ) )  
73  (73 )
30 (  30 )
41   41 
22    26 - ((  4  ) )  
71   71 
86  68  /(  (  33  ))  +84 
4294966923      43-  (  ( 52 )  )   * 8
72  (  72 )  
69 69
4294966647   99 + 34   / 39  - ((4 ) ) -  ( 72*  11 ) -(  33 -  81)   
1  ( 85 /74    )  
2166    57  *38   
74 74 
73   73 
24   ((24  )  ) 
52   52 
95 (95 )
37  37
509966    72  *    (  92  )  * 77   - 51 -(31 )   
2  2  
78 78  
0      15 / 16   /  53 + 75 /  ( 7  )   /  53  
14   (  14  )  
4294967268  (  18) -    45  - (   20  - 19  )   
159840   (  (   30  *  74 *  ( 72 )))  
17 17
7  ( (7  )) 
69   69 
8 8  
2849   ((77) ) *37   
50   50
75   ( ( 75 )  + 15  -  15 ) 
763    98- ( 40-47   )* (   11+  84  )   
81  81
27  27  
0   ( 23)  /   ( 92*  98   )  * 60   
77    (    94 -55    ) +  38    - ( (   15  /73 )  )   
7  ( ( 7 ))
21   21
56     (  51 )-  50  + (80/ 74    )    +54 
105105   33  *( (35  )  )   *( 91 ) 
39   39  
2 2  
52  (  (  52) )  
934 (  93  +12   * 69 +  13 )
68   68 
35   35  
10  97  / (54  ) /(  75 )   + (10  )    
57   (  ( 57  ) )
73  73 
704     16 *  (  ( 44  )) 
0      52  /  (63 ) /29    + ( (  37  /  51 )  )  
58043114   (  8 -  86 )  /    74 + 99  *  30   + (    91*74   ) / 5/   29+1  
125 ( (68 +    49+8   )  )
4294957649   (  ( 49  )  ) -     25  - 91 * 25 + 80     -  (  89  ) *  84     
98 98
3   3 
36  36  
50  50 
49   49 
1790   ( (54*    32  +  62   )  ) 
26   26 
58040181  (  (  16  ) - (29  )    )  / (  74  )  +  83  
4294960472       53-    82 *  59 - 4- 67  -(  ( 24 *82  ) ) 
6431  (  73 * 69  *  83   /65 )  
87  87
9  ( (  14 ) +66   -    47  - 58   +34   )  
81   81
0 (29/  68  ) 
20  (  (  20 ) ) 
178 ((   82+55 /   97+96 ))  
47  (47  )  
1737     ((    48 *  35 )  ) +57    
19   19  
79 79  
77  15 +( ( (  62  )  ) )  
193       19+  (   25+ 4)  *6    
0    (  (   1 /53   ) )*96 
18  18 
0  0
4294964288   (  (  97  ) /  13-  67   * 45  )
11  11 
27 27  
89 89 
1250   ( ( 25*( 50 )    )  ) 
73 73 
39  ((  (  87)-( 48 ) )  ) 
50  ( ( (  45))  )+(    5- 5  /53  ) 
95   95
78 78
4294959869      9*  63  /  86   +67 /   (66) +   6-93   *  80    
0  (     50  *  1 /    12  /  6   * 61   ) 
4294966052   (      ( 6 ) - 59   * 22 + 76-  (28)    ) 
94   94  
88 95- ( (  (  7 )))  
2  (  2  )  
84 84  
1  1 
126 (  ((    61 +65    ) ) )  
162     (   9  * 18  )  -  (  73 *  13   ) /6/ 86   / 11/  56    
0     (26 )  / 43
8   8
7    21 +  19-99  / ( (  3 ))   
4278 (   46* (( 93  ) ) )  
82   (   18/ (  23) + 82    )
1  ( 1 )  
415    ( 75  )*    (  6  )-95    +    90  / 72  *  60   
89 89
1718  ( (   52  *  32 ) + ( (54  ) ) )  
2464    77*  32  
80  80  
91  91  
70  70
33   (  (48) ) /  (18  )  +   31 - 61      / 89   
99 (  99  ) 
60   60 
254   (  (  85+ 98   )  +  71  ) 
35   35 
0  ( 6  +  27   ) / ( 36 )    
102   (  ( 24)/  ( 10 )  *51   )
33  21 +( 12  )  
99  ( 99)  
45   (  ((45  )  )  )  
176   78 +  (98 )  
899    ( ((  31  ) )) *( 29 )
50   (50  )  - (  (  47  )/   3 /  50  )  
181 ((  60  +  93   + 28  ))  
29  29
20     29/  ( 30) +   28-  99   +  91    
57   19+38  
47   47 
44  (( 44)  )
3040   (((  40 * 76)))
2414 ( ( 78 )*    50* 52/ 84      )
52  52 
45  (  96  -  51 ) 
32358   ( 73 *92 ) * (60+ 99  )   /(    99 - 2-  62  - 2  ) 
4294967257   17-56  
162 98+(   64  -57/ ( 61 ) )
73 73
3112380     35  *1 + 7 * 78 *  95 *  60    + 74  - 1      + (72 )  
2  2  
23  (23 )  
4 (  (  (   49/11 ) ))
75  75  
0 (    38 *  29/ (  97)   ) /  42  
7498    (  ( 40) )+ 84 *       88  +  63   /    47 *54     +12  
6 (  (  ( 95  )  )  /  ( 15 ) )
4294967265    (29 ) /(  61)   - (   82/92    )    *  29  *( 47)  -  31       
51  51
20250  (  (23 + 67)  *15  * 15  ) 
83  ( 83  )
114827     (  59*  33  )*59 -  46
0 (0 )  
25 ( 75  / 70   + 24   )  
46   46
19 19
97 ( 97  ) 
58   58
13   13 
10   10  
0     0  /70  
17 (  17 )  
4294967218 (  ( 63  )  +  (  1 )  ) / 47-  76  -62   /( 86  - 67 )   
64   ((64 ) ) 
184521    71 +  (  62)  *  (   85  *  35 )     
34  ( 34 )
43680     (  70  )  *12*  (  ( 52  )) 
1650   33 *  ( ( 50  ) ) 
63   63  
154    (80 )  +  53-(8 )*      6  /91  +21     
4294967278     (59) -77
94   94  
50 50  
4200  (75 *56 )  
4294960812    86 - ((  90  ) )    *73 
4294949485  86 / 65-  73 * (61 *  4  )  
27  (  (  74 ) ) - 47    
4294965084    44  -  94  *24  
76   76
46  46  
19  12  + 66  -( 49  ) -  10   
32  (  (  32-69  / 29  / 82     )  ) 
86 (  86 )
149   (  (  62  +  24 +63    ) )
89   89
13  13
6   6 
96       19 + 77  -1  *   69 / 52  / ((  1  +67  ))  
18 18 
86928    (((48  ) )  ) *  (     28  *67  -( 65  )    )
4294966931   19  +  18  +  (  91)   /(69 )* 16 +  96 -6   *  (73) + (  22) -98 
89   ((     44+ 27 -  5+ 23  ))
73   73
4294967171     (   33 /18  / 99+ 85   )/   61 * 34   - (84) -  (( 75 ))   
61   61
5689   (    (    87* 65  ) +   97  /  81  + (  33 ) ) 
72  ( 72 )  
4294967227    25-   (  67) /   63* 66   +   (  18  )-(  46)     
4294967133       41-87    - ( (  19 + 98  ))  
4294967093   58 /    ( (13  ) ) -    21 -  98  - 88       
76  (  76) 
46  (  52- 6  )
200  (  95  ) + (    29 +  76  )  
8  4  *  ( 99/ 34   )   
4294961767     (( 31)) / (  54  )  - 32  *     25  - 74 *65   +  81   
0   (52  )  /    ( 60  )  /  46  *  41    - 84/ (87)      
10856  59 * (    16 + 88  +  80)    
117   69  +( ( (48))  )  
4294967274  ( (   54  +6 ) ) -82    
90  90  
129   ( 62  + 67    -   71/70    /85  )  
1449   (      (20 )* 77 -  91     +    81  /38 /  (  26)     ) 
5624  ((74*  76)  )  
86   86 
0    (  10) /    83/(  38 )* 4     
10   10
0 0 
1 1 
1   (    29  +8)/33
23 ( 23  )  
127    73  + 54 
8 8 
32  32 
3084   95  *33-  (46 )-  5      
203980  (   62*(    94*  35  )    )
99   17+  ((  (82  ) ))  
72 72 
1 45/37-   73/95  
3540   (  82  *(42  ) + 96) 
6  (  6)  
8 8 
94  ( 20+   ( 25)  + (49 )  )
90  90  
10   ( 91  /9-  38    / 46) 
45  45 
12 ((    84  - 72    ) ) 
14   14
11  (4  )  + 7 
41   41
4294957856   48 -(( 37)  )    -  93  *90   +   19- 50     *     22 +  9  /(44)    
11 11 
146  75 + 71 
0   50 /  67    
8   8
253612  ( ( 71  ) *38  * 94)
5  ( 30  -25  )
4294967277   56 -75 
4294967264   (  (  (   18 - 50 ) ) )
51 51 
131   (67  )+ 64- (30  /  96)   
70  70 
34   34+(  32  /  87   )  /  (  (  2 ))  
17 17  
51   51  
13         96  *49    /( 64 )    *  ( 48)   /( 54 + 35  *  6)  
75 ( ( 75 ))
52   (  (  52)  )  
55  55 
94 94 
3290  ( 94  * ( (  35  ))  ) 
6713     81*    ( 83 ) - 8 -  12    + (8  )  +2  - (  47 )  /28/55    
67 67
63   ( (  63  )  )
10  10
28   28
22 (    (  48) +  50-  76 )
15  15  
2   (( (  26)  / 10 ))
34  34 
91  91
3 3
564   (  47 )*12    
95  95
75   ( (( 75  )  ))
112   ( ( (   72  +  40  ))  )
17  17 
97 97 
6696  ( 72  ) *  93
79  79 
4294966834   ( 26  -28 -  94  +  19     - (   35  *11 )  )
0   (24/  62 )  
4294962976    13 /    53  - (  72  )*  60  
0  (  23/ 67 )  
58 58
95   79/   57  +94 
11   (  59 )- 48
0   (   (  61  )/ (  70 )   * 86  )
103    66+ ( (  (  37 ) ) )
