const 
unsigned char rom_thwaite_nes[] = {
  0x4e, 0x45, 0x53, 0x1a, 0x01, 0x01, 0x01, 0x00, 0x00, 0x00, 0x00, 0x00,
  0x00, 0x00, 0x00, 0x00, 0x68, 0x8d, 0x07, 0x20, 0x68, 0x8d, 0x07, 0x20,
  0x68, 0x8d, 0x07, 0x20, 0x68, 0x8d, 0x07, 0x20, 0x68, 0x8d, 0x07, 0x20,
  0x68, 0x8d, 0x07, 0x20, 0x68, 0x8d, 0x07, 0x20, 0x68, 0x8d, 0x07, 0x20,
  0x68, 0x8d, 0x07, 0x20, 0x68, 0x8d, 0x07, 0x20, 0x68, 0x8d, 0x07, 0x20,
  0x68, 0x8d, 0x07, 0x20, 0x68, 0x8d, 0x07, 0x20, 0x68, 0x8d, 0x07, 0x20,
  0x68, 0x8d, 0x07, 0x20, 0x68, 0x8d, 0x07, 0x20, 0xe8, 0xd0, 0xbd, 0x68,
  0x30, 0x2c, 0x8d, 0x06, 0x20, 0x68, 0x8d, 0x06, 0x20, 0xa2, 0x80, 0x68,
  0x10, 0x04, 0xa2, 0x84, 0x29, 0x7f, 0x8e, 0x00, 0x20, 0x49, 0x7f, 0xaa,
  0xc9, 0x40, 0x29, 0x0f, 0x90, 0x1c, 0x0a, 0x0a, 0x8d, 0x00, 0x03, 0x8a,
  0x4a, 0x4a, 0x4a, 0x4a, 0x09, 0xfc, 0xaa, 0x6c, 0x00, 0x03, 0xae, 0x02,
  0x03, 0x9a, 0xa2, 0x08, 0x8e, 0x03, 0x03, 0x4c, 0xdb, 0xc0, 0x8d, 0x00,
  0x03, 0x0a, 0x6d, 0x00, 0x03, 0x69, 0x96, 0x8d, 0x00, 0x03, 0x8a, 0x4a,
  0x4a, 0x4a, 0x4a, 0x09, 0xfc, 0xaa, 0x68, 0x6c, 0x00, 0x03, 0x8d, 0x07,
  0x20, 0x8d, 0x07, 0x20, 0x8d, 0x07, 0x20, 0x8d, 0x07, 0x20, 0x8d, 0x07,
  0x20, 0x8d, 0x07, 0x20, 0x8d, 0x07, 0x20, 0x8d, 0x07, 0x20, 0x8d, 0x07,
  0x20, 0x8d, 0x07, 0x20, 0x8d, 0x07, 0x20, 0x8d, 0x07, 0x20, 0x8d, 0x07,
  0x20, 0x8d, 0x07, 0x20, 0x8d, 0x07, 0x20, 0x8d, 0x07, 0x20, 0xe8, 0xd0,
  0xcd, 0x4c, 0x43, 0xc0, 0xa9, 0xc0, 0x8d, 0x01, 0x03, 0xa2, 0x08, 0x8e,
  0x03, 0x03, 0xa9, 0xff, 0x8d, 0x08, 0x01, 0x60, 0xae, 0x03, 0x03, 0xe0,
  0x09, 0x90, 0xf8, 0xa9, 0xff, 0x9d, 0x00, 0x01, 0xba, 0x8e, 0x02, 0x03,
  0xa2, 0x07, 0x9a, 0x4c, 0x43, 0xc0, 0x06, 0x46, 0x26, 0x45, 0x26, 0x44,
  0x26, 0x43, 0x90, 0x18, 0xa5, 0x43, 0x49, 0x04, 0x85, 0x43, 0xa5, 0x44,
  0x49, 0xc1, 0x85, 0x44, 0xa5, 0x45, 0x49, 0x1d, 0x85, 0x45, 0xa5, 0x46,
  0x49, 0xb7, 0x85, 0x46, 0x88, 0xd0, 0xdb, 0x60, 0xa9, 0x20, 0x85, 0x06,
  0xa9, 0x62, 0x85, 0x05, 0x20, 0x10, 0xc3, 0x18, 0x65, 0x00, 0x85, 0x00,
  0x90, 0x02, 0xe6, 0x01, 0xa5, 0x06, 0x8d, 0x06, 0x20, 0xa5, 0x05, 0x8d,
  0x06, 0x20, 0x18, 0x69, 0x20, 0x85, 0x05, 0x90, 0x02, 0xe6, 0x06, 0xa2,
  0x00, 0xbd, 0x80, 0x01, 0xf0, 0x14, 0xc9, 0x0a, 0xf0, 0x06, 0x8d, 0x07,
  0x20, 0xe8, 0xd0, 0xf1, 0xa5, 0x05, 0xc9, 0xc0, 0xa5, 0x06, 0xe9, 0x23,
  0x90, 0xc6, 0x60, 0x4a, 0x85, 0x00, 0x84, 0x01, 0xa9, 0x00, 0xa0, 0x08,
  0x90, 0x03, 0x18, 0x65, 0x01, 0x6a, 0x66, 0x00, 0x88, 0xd0, 0xf5, 0x60,
  0x84, 0x01, 0xa0, 0x01, 0x84, 0x00, 0x0a, 0xb0, 0x04, 0xc5, 0x01, 0x90,
  0x03, 0xe5, 0x01, 0x38, 0x26, 0x00, 0x90, 0xf2, 0xa5, 0x00, 0x60, 0xa5,
  0x03, 0xc5, 0x01, 0xd0, 0x0d, 0xa5, 0x02, 0xc5, 0x00, 0xa9, 0x00, 0x85,
  0x01, 0xb0, 0x02, 0xa9, 0x10, 0x60, 0xa5, 0x02, 0xc5, 0x00, 0xd0, 0x13,
  0xa5, 0x03, 0xc5, 0x01, 0xa9, 0xff, 0x85, 0x03, 0xa9, 0x00, 0x85, 0x01,
  0xa9, 0x18, 0x90, 0x02, 0xa9, 0x08, 0x60, 0x38, 0xa5, 0x03, 0xe5, 0x01,
  0xb0, 0x04, 0x49, 0xff, 0x69, 0x01, 0x85, 0x01, 0xa9, 0x00, 0x2a, 0x85,
  0x04, 0x38, 0xa5, 0x02, 0xe5, 0x00, 0xb0, 0x04, 0x49, 0xff, 0x69, 0x01,
  0x85, 0x00, 0x26, 0x04, 0xa5, 0x01, 0xc5, 0x00, 0x90, 0x06, 0xa4, 0x00,
  0x84, 0x01, 0x85, 0x00, 0x26, 0x04, 0xa5, 0x01, 0x85, 0x03, 0xa4, 0x00,
  0x84, 0x02, 0x20, 0x70, 0xc1, 0x85, 0x00, 0xa0, 0x04, 0xd9, 0x5f, 0xc4,
  0xb0, 0x03, 0x88, 0xd0, 0xf8, 0x98, 0x85, 0x01, 0x46, 0x04, 0x90, 0x04,
  0x49, 0xff, 0x69, 0x08, 0x46, 0x04, 0xb0, 0x04, 0x49, 0xff, 0x69, 0x11,
  0x46, 0x04, 0xb0, 0x04, 0x49, 0xff, 0x69, 0x21, 0x60, 0x85, 0x00, 0xc5,
  0x02, 0xd0, 0x09, 0xa9, 0xc0, 0xe5, 0x03, 0xa0, 0x18, 0x84, 0x03, 0x60,
  0xa9, 0xc0, 0x85, 0x01, 0x20, 0x87, 0xc1, 0xa4, 0x01, 0xd0, 0x05, 0x85,
  0x03, 0xa5, 0x02, 0x60, 0x48, 0xb9, 0x64, 0xc4, 0x85, 0x05, 0xb9, 0x6c,
  0xc4, 0x85, 0x04, 0xa4, 0x02, 0x20, 0x5b, 0xc1, 0x85, 0x04, 0xa4, 0x03,
  0x68, 0x85, 0x03, 0xa5, 0x05, 0x20, 0x5b, 0xc1, 0x18, 0x65, 0x04, 0x60,
  0x06, 0x00, 0x06, 0x00, 0xc9, 0xc8, 0x90, 0x02, 0xe9, 0xc8, 0x26, 0x00,
  0xc9, 0x64, 0x90, 0x02, 0xe9, 0x64, 0x26, 0x00, 0xc9, 0x50, 0x90, 0x02,
  0xe9, 0x50, 0x26, 0x00, 0xc9, 0x28, 0x90, 0x02, 0xe9, 0x28, 0x26, 0x00,
  0xc9, 0x14, 0x90, 0x02, 0xe9, 0x14, 0x26, 0x00, 0xc9, 0x0a, 0x90, 0x02,
  0xe9, 0x0a, 0x26, 0x00, 0x60, 0x46, 0x06, 0x90, 0x24, 0xa5, 0x01, 0x30,
  0x20, 0x18, 0xa5, 0x05, 0x65, 0x00, 0x85, 0x00, 0xa9, 0x00, 0x65, 0x01,
  0x85, 0x01, 0xa5, 0x00, 0xc5, 0x02, 0xa5, 0x01, 0xe5, 0x03, 0x90, 0x08,
  0xa5, 0x02, 0x85, 0x00, 0xa5, 0x03, 0x85, 0x01, 0x60, 0x46, 0x06, 0x90,
  0x2f, 0xa5, 0x01, 0x30, 0x04, 0x05, 0x00, 0xd0, 0x27, 0xa5, 0x05, 0x49,
  0xff, 0x65, 0x00, 0x85, 0x00, 0xa9, 0xff, 0x65, 0x01, 0x85, 0x01, 0x18,
  0xa5, 0x02, 0x65, 0x00, 0xa5, 0x03, 0x65, 0x01, 0xb0, 0x0d, 0x38, 0xa9,
  0x00, 0xe5, 0x02, 0x85, 0x00, 0xa9, 0x00, 0xe5, 0x03, 0x85, 0x01, 0x60,
  0xa5, 0x01, 0x30, 0x14, 0x38, 0xa5, 0x00, 0xe5, 0x04, 0x85, 0x00, 0xa5,
  0x01, 0xe9, 0x00, 0xb0, 0x04, 0xa9, 0x00, 0x85, 0x00, 0x85, 0x01, 0x60,
  0x18, 0xa5, 0x00, 0x65, 0x04, 0x85, 0x00, 0xa5, 0x01, 0x69, 0x00, 0xb0,
  0xec, 0x85, 0x01, 0x60, 0x84, 0x00, 0x85, 0x01, 0xa9, 0x8b, 0x85, 0x02,
  0xa9, 0xee, 0x85, 0x03, 0xa0, 0x00, 0xb1, 0x00, 0xc8, 0xc0, 0x20, 0xb0,
  0x04, 0xc9, 0x1c, 0xb0, 0xf5, 0x98, 0x48, 0xa2, 0x20, 0x88, 0xca, 0xb1,
  0x00, 0x9d, 0x80, 0x01, 0xc0, 0x00, 0xd0, 0xf5, 0xbd, 0x80, 0x01, 0xc9,
  0x80, 0xb0, 0x0b, 0x99, 0x80, 0x01, 0xc8, 0xe8, 0xe0, 0x20, 0x90, 0xf0,
  0x68, 0x60, 0x84, 0x04, 0x2a, 0xa8, 0xb1, 0x02, 0x9d, 0x80, 0x01, 0xca,
  0x88, 0xb1, 0x02, 0xa4, 0x04, 0x4c, 0x37, 0xc3, 0xa5, 0x34, 0x85, 0x04,
  0xa5, 0x35, 0x85, 0x05, 0x20, 0x75, 0xc3, 0xa2, 0x01, 0xb5, 0x00, 0x95,
  0x34, 0xb5, 0x04, 0x49, 0xff, 0x35, 0x34, 0x95, 0x36, 0xca, 0x10, 0xf1,
  0x60, 0xa9, 0x01, 0x85, 0x01, 0x8d, 0x16, 0x40, 0xa9, 0x00, 0x8d, 0x16,
  0x40, 0xad, 0x16, 0x40, 0x29, 0x03, 0xc9, 0x01, 0x26, 0x00, 0xad, 0x17,
  0x40, 0x29, 0x03, 0xc9, 0x01, 0x26, 0x01, 0x90, 0xec, 0x60, 0xb5, 0x34,
  0xf0, 0x1c, 0xb5, 0x36, 0xf0, 0x08, 0x95, 0x38, 0xa9, 0x0f, 0x95, 0x3a,
  0xd0, 0x10, 0xd6, 0x3a, 0xd0, 0x0c, 0xa9, 0x03, 0x95, 0x3a, 0xb5, 0x38,
  0x35, 0x34, 0x15, 0x36, 0x95, 0x36, 0x60, 0xa9, 0x01, 0x85, 0x01, 0x85,
  0x02, 0x85, 0x03, 0xbd, 0x16, 0x40, 0x4a, 0x26, 0x01, 0x90, 0xf8, 0xb5,
  0x5f, 0x49, 0xff, 0x25, 0x01, 0x95, 0x61, 0xa5, 0x01, 0x95, 0x5f, 0xbd,
  0x16, 0x40, 0x4a, 0x26, 0x02, 0x90, 0xf8, 0xbd, 0x16, 0x40, 0x4a, 0x26,
  0x03, 0x90, 0xf8, 0x60, 0xa9, 0x01, 0x8d, 0x16, 0x40, 0xbd, 0x16, 0x40,
  0xa9, 0x00, 0x8d, 0x16, 0x40, 0x60, 0x8e, 0x06, 0x20, 0xa2, 0x00, 0x8e,
  0x06, 0x20, 0xa2, 0xf0, 0x8d, 0x07, 0x20, 0x8d, 0x07, 0x20, 0x8d, 0x07,
  0x20, 0x8d, 0x07, 0x20, 0xca, 0xd0, 0xf1, 0xa2, 0x40, 0x8c, 0x07, 0x20,
  0xca, 0xd0, 0xfa, 0x60, 0x8a, 0x29, 0xfc, 0xaa, 0xa9, 0xff, 0x9d, 0x00,
  0x02, 0xe8, 0xe8, 0xe8, 0xe8, 0xd0, 0xf7, 0x60, 0x8e, 0x05, 0x20, 0x8c,
  0x05, 0x20, 0x8d, 0x00, 0x20, 0xa9, 0x0a, 0x90, 0x02, 0xa9, 0x1e, 0x8d,
  0x01, 0x20, 0x60, 0xa5, 0x30, 0xc5, 0x30, 0xf0, 0xfc, 0x60, 0xff, 0xff,
  0xa2, 0x00, 0xa0, 0x00, 0xa5, 0x30, 0xc5, 0x30, 0xf0, 0xfc, 0xa5, 0x30,
  0xe8, 0xd0, 0x01, 0xc8, 0xc5, 0x30, 0xf0, 0xf8, 0x98, 0x38, 0xe9, 0x0a,
  0xc9, 0x03, 0x90, 0x02, 0xa9, 0x03, 0x60, 0xff, 0x19, 0x4e, 0x89, 0xd2,
  0x00, 0x32, 0x62, 0x8e, 0xb5, 0xd5, 0xed, 0xfb, 0x00, 0xfb, 0xed, 0xd5,
  0xb5, 0x8e, 0x62, 0x32, 0x00, 0x0c, 0x18, 0x24, 0x2d, 0x35, 0x3b, 0x3f,
  0x40, 0x3f, 0x3b, 0x35, 0x2d, 0x24, 0x18, 0x0c, 0x00, 0xf4, 0xe8, 0xdc,
  0xd3, 0xcb, 0xc5, 0xc1, 0xc0, 0xc1, 0xc5, 0xcb, 0xd3, 0xdc, 0xe8, 0xf4,
  0x00, 0x0c, 0x18, 0x24, 0x2d, 0x35, 0x3b, 0x3f, 0xa9, 0x0f, 0x8d, 0x15,
  0x40, 0xa9, 0x30, 0x8d, 0x00, 0x40, 0x8d, 0x04, 0x40, 0x8d, 0x0c, 0x40,
  0x85, 0x22, 0x85, 0x2a, 0x85, 0x26, 0xa9, 0x80, 0x8d, 0x08, 0x40, 0xa9,
  0x08, 0x8d, 0x01, 0x40, 0x8d, 0x05, 0x40, 0xa9, 0x00, 0x8d, 0x03, 0x40,
  0x8d, 0x07, 0x40, 0x8d, 0x0f, 0x40, 0x85, 0x23, 0x85, 0x27, 0x85, 0x2b,
  0x85, 0x2f, 0x8d, 0x7b, 0x05, 0xa9, 0x40, 0x8d, 0x11, 0x40, 0x60, 0x0a,
  0x0a, 0xaa, 0xbd, 0xdf, 0xc7, 0x85, 0x00, 0xbd, 0xe0, 0xc7, 0x85, 0x01,
  0xbd, 0xe1, 0xc7, 0x29, 0x0c, 0x85, 0x02, 0xbd, 0xe1, 0xc7, 0x4a, 0x4a,
  0x4a, 0x4a, 0x85, 0x04, 0xbd, 0xe2, 0xc7, 0x85, 0x03, 0xa5, 0x02, 0xd0,
  0x0a, 0xa5, 0x27, 0xc5, 0x23, 0xb0, 0x04, 0xa9, 0x04, 0x85, 0x02, 0xa6,
  0x02, 0xa5, 0x03, 0xd5, 0x23, 0xb0, 0x01, 0x60, 0xa5, 0x00, 0x95, 0x10,
  0xa5, 0x01, 0x95, 0x11, 0xa5, 0x03, 0x95, 0x23, 0xa5, 0x04, 0x9d, 0x3f,
  0x05, 0xa9, 0x00, 0x9d, 0x4f, 0x05, 0x60, 0x20, 0x09, 0xc6, 0xa2, 0x0c,
  0x20, 0x7c, 0xc7, 0x20, 0x3d, 0xc5, 0xca, 0xca, 0xca, 0xca, 0x10, 0xf4,
  0x60, 0xb5, 0x23, 0xd0, 0x12, 0xa5, 0x02, 0xd0, 0x45, 0xe0, 0x08, 0xf0,
  0x02, 0xa9, 0x30, 0x9d, 0x00, 0x40, 0xa9, 0xff, 0x95, 0x22, 0x60, 0xde,
  0x4f, 0x05, 0x10, 0x42, 0xbd, 0x3f, 0x05, 0x9d, 0x4f, 0x05, 0xb5, 0x11,
  0x85, 0x01, 0xb5, 0x10, 0x85, 0x00, 0x18, 0x69, 0x02, 0x95, 0x10, 0x90,
  0x02, 0xf6, 0x11, 0xa0, 0x00, 0xa5, 0x02, 0x29, 0x0f, 0x85, 0x04, 0xb1,
  0x00, 0x29, 0x0f, 0xc5, 0x04, 0x90, 0x09, 0xb1, 0x00, 0x85, 0x02, 0xc8,
  0xb1, 0x00, 0x85, 0x03, 0xd6, 0x23, 0xa5, 0x02, 0x09, 0x30, 0xe0, 0x0c,
  0xd0, 0x09, 0x8d, 0x0c, 0x40, 0xa5, 0x03, 0x8d, 0x0e, 0x40, 0x60, 0x9d,
  0x00, 0x40, 0xa4, 0x03, 0xb9, 0xb6, 0xcb, 0x9d, 0x02, 0x40, 0xb9, 0xf6,
  0xcb, 0xd5, 0x22, 0xf0, 0x05, 0x95, 0x22, 0x9d, 0x03, 0x40, 0x60, 0x0a,
  0xaa, 0xbd, 0x09, 0xc9, 0x85, 0x20, 0x8d, 0x70, 0x05, 0xbd, 0x0a, 0xc9,
  0x85, 0x21, 0x8d, 0x71, 0x05, 0xa2, 0x0c, 0x8e, 0x7b, 0x05, 0xa9, 0xff,
  0x9d, 0x4c, 0x05, 0xa9, 0xd5, 0x95, 0x12, 0xa9, 0xc7, 0x95, 0x13, 0xa9,
  0x00, 0x9d, 0x4d, 0x05, 0x9d, 0x4e, 0x05, 0x9d, 0x3c, 0x05, 0x9d, 0x3e,
  0x05, 0xca, 0xca, 0xca, 0xca, 0x10, 0xdf, 0xa9, 0x00, 0x8d, 0x7a, 0x05,
  0xa9, 0xff, 0x8d, 0x6c, 0x05, 0x8d, 0x6d, 0x05, 0xa9, 0x2c, 0x8d, 0x6e,
  0x05, 0xa9, 0x01, 0x8d, 0x6f, 0x05, 0x60, 0xa9, 0x00, 0x8d, 0x7b, 0x05,
  0x60, 0xad, 0x7b, 0x05, 0xf0, 0x15, 0xad, 0x6e, 0x05, 0x18, 0x6d, 0x6c,
  0x05, 0x8d, 0x6c, 0x05, 0xad, 0x6f, 0x05, 0x6d, 0x6d, 0x05, 0x8d, 0x6d,
  0x05, 0xb0, 0x01, 0x60, 0xa4, 0x3e, 0xf0, 0x02, 0xa0, 0x01, 0xad, 0x6c,
  0x05, 0xf9, 0xd1, 0xc7, 0x8d, 0x6c, 0x05, 0xad, 0x6d, 0x05, 0xf9, 0xd3,
  0xc7, 0x8d, 0x6d, 0x05, 0xad, 0x7a, 0x05, 0xf0, 0x06, 0xce, 0x7a, 0x05,
  0x4c, 0xdb, 0xc6, 0xa0, 0x00, 0xb1, 0x20, 0xe6, 0x20, 0xd0, 0x02, 0xe6,
  0x21, 0x85, 0x00, 0xc9, 0x30, 0x90, 0x13, 0x29, 0x03, 0x8d, 0x6f, 0x05,
  0xb1, 0x20, 0xe6, 0x20, 0xd0, 0x02, 0xe6, 0x21, 0x8d, 0x6e, 0x05, 0x4c,
  0x47, 0xc6, 0xc9, 0x20, 0x90, 0x37, 0xf0, 0x60, 0xc9, 0x21, 0xd0, 0x0c,
  0xa9, 0x00, 0x8d, 0x7b, 0x05, 0x8d, 0x6f, 0x05, 0x8d, 0x6e, 0x05, 0x60,
  0xc9, 0x22, 0xd0, 0x0d, 0xa5, 0x20, 0x8d, 0x70, 0x05, 0xa5, 0x21, 0x8d,
  0x71, 0x05, 0x4c, 0x47, 0xc6, 0xc9, 0x23, 0xd0, 0x0d, 0xad, 0x70, 0x05,
  0x85, 0x20, 0xad, 0x71, 0x05, 0x85, 0x21, 0x4c, 0x47, 0xc6, 0x4c, 0xdb,
  0xc6, 0x29, 0x03, 0x0a, 0x0a, 0xaa, 0xa9, 0x00, 0x9d, 0x3e, 0x05, 0xb1,
  0x20, 0x9d, 0x4c, 0x05, 0xc8, 0xb1, 0x20, 0x9d, 0x4d, 0x05, 0xc8, 0xb1,
  0x20, 0x9d, 0x4e, 0x05, 0x98, 0x38, 0x65, 0x20, 0x85, 0x20, 0x90, 0x02,
  0xe6, 0x21, 0x20, 0x61, 0xc7, 0x4c, 0x47, 0xc6, 0xb1, 0x20, 0xe6, 0x20,
  0xd0, 0x02, 0xe6, 0x21, 0x8d, 0x7a, 0x05, 0xa2, 0x0c, 0xbd, 0x3e, 0x05,
  0xd0, 0x5b, 0xa1, 0x12, 0xc9, 0xff, 0xd0, 0x05, 0x20, 0x61, 0xc7, 0xa1,
  0x12, 0xf6, 0x12, 0xd0, 0x02, 0xf6, 0x13, 0xc9, 0xd8, 0x90, 0x0e, 0xa1,
  0x12, 0x9d, 0x4e, 0x05, 0xf6, 0x12, 0xd0, 0xe2, 0xf6, 0x13, 0x4c, 0xe2,
  0xc6, 0x48, 0x29, 0x07, 0xa8, 0xb9, 0xd7, 0xc7, 0x9d, 0x3e, 0x05, 0x68,
  0x4a, 0x4a, 0x4a, 0xc9, 0x19, 0x90, 0x0a, 0xf0, 0x05, 0xa9, 0x00, 0x9d,
  0x3c, 0x05, 0x4c, 0x3d, 0xc7, 0xe0, 0x0c, 0xf0, 0x22, 0x7d, 0x4d, 0x05,
  0x9d, 0x3d, 0x05, 0xbd, 0x4e, 0x05, 0x0a, 0x0a, 0xa8, 0xb9, 0xed, 0xc8,
  0x0a, 0x0a, 0x0a, 0x0a, 0x09, 0x0c, 0x9d, 0x3c, 0x05, 0xde, 0x3e, 0x05,
  0xca, 0xca, 0xca, 0xca, 0x10, 0x97, 0x60, 0x86, 0x05, 0x0a, 0x48, 0xaa,
  0xbd, 0xe7, 0xc8, 0x20, 0xdb, 0xc4, 0x68, 0xaa, 0xbd, 0xe8, 0xc8, 0x30,
  0x03, 0x20, 0xdb, 0xc4, 0xa6, 0x05, 0x4c, 0x3d, 0xc7, 0xbd, 0x4c, 0x05,
  0x0a, 0x90, 0x09, 0xa9, 0xd5, 0x95, 0x12, 0xa9, 0xc7, 0x95, 0x13, 0x60,
  0xa8, 0xb9, 0x17, 0xc9, 0x95, 0x12, 0xb9, 0x18, 0xc9, 0x95, 0x13, 0x60,
  0xad, 0x7b, 0x05, 0xf0, 0x09, 0xbd, 0x3c, 0x05, 0x4a, 0x4a, 0x4a, 0x4a,
  0xd0, 0x05, 0xa9, 0x00, 0x85, 0x02, 0x60, 0x85, 0x02, 0xbd, 0x4e, 0x05,
  0x0a, 0x0a, 0xa8, 0xa5, 0x02, 0x59, 0xed, 0xc8, 0x29, 0x0f, 0x59, 0xed,
  0xc8, 0x85, 0x02, 0xbd, 0x3c, 0x05, 0x38, 0xf9, 0xee, 0xc8, 0x90, 0xde,
  0x9d, 0x3c, 0x05, 0xbd, 0x3d, 0x05, 0x85, 0x03, 0xb9, 0xef, 0xc8, 0x10,
  0x17, 0xbd, 0x3e, 0x05, 0xd0, 0x12, 0x18, 0xad, 0x6c, 0x05, 0x69, 0x0b,
  0xad, 0x6d, 0x05, 0x69, 0x07, 0x90, 0x05, 0xa9, 0x00, 0x9d, 0x3c, 0x05,
  0x60, 0x16, 0xb8, 0x0e, 0x0b, 0xd7, 0xff, 0x01, 0x02, 0x03, 0x04, 0x06,
  0x08, 0x0c, 0x10, 0x0b, 0xc8, 0x00, 0x12, 0x2f, 0xc8, 0x08, 0x02, 0x33,
  0xc8, 0x08, 0x04, 0x3b, 0xc8, 0x0c, 0x02, 0x3f, 0xc8, 0x00, 0x15, 0x69,
  0xc8, 0x10, 0x0a, 0x7d, 0xc8, 0x4c, 0x07, 0x8b, 0xc8, 0x10, 0x0f, 0xa9,
  0xc8, 0x3c, 0x10, 0xc9, 0xc8, 0x0c, 0x07, 0xd7, 0xc8, 0x0c, 0x03, 0x4f,
  0x24, 0x44, 0x24, 0x4f, 0x29, 0x44, 0x29, 0x4f, 0x2e, 0x44, 0x2e, 0x44,
  0x24, 0x42, 0x24, 0x44, 0x29, 0x42, 0x29, 0x44, 0x2e, 0x42, 0x2e, 0x42,
  0x24, 0x41, 0x24, 0x42, 0x29, 0x41, 0x29, 0x42, 0x2e, 0x41, 0x2e, 0x8f,
  0x26, 0x8f, 0x25, 0x8f, 0x1f, 0x8f, 0x1b, 0x8f, 0x18, 0x82, 0x15, 0x06,
  0x03, 0x04, 0x83, 0x46, 0x1f, 0x4c, 0x1f, 0x4c, 0x1f, 0x4c, 0x25, 0x4c,
  0x25, 0x4c, 0x2b, 0x4c, 0x2b, 0x4c, 0x31, 0x4c, 0x31, 0x4c, 0x31, 0x4c,
  0x31, 0x4c, 0x31, 0x4c, 0x31, 0x4c, 0x31, 0x4c, 0x31, 0x4c, 0x31, 0x4b,
  0x31, 0x4a, 0x31, 0x49, 0x31, 0x47, 0x31, 0x45, 0x31, 0x4c, 0x1c, 0x4c,
  0x22, 0x4c, 0x28, 0x4c, 0x2e, 0x4c, 0x2e, 0x4c, 0x2e, 0x4c, 0x2e, 0x4b,
  0x2e, 0x49, 0x2e, 0x46, 0x2e, 0x0a, 0x03, 0x08, 0x04, 0x07, 0x04, 0x06,
  0x05, 0x04, 0x06, 0x03, 0x06, 0x02, 0x06, 0x8f, 0x12, 0x4f, 0x0f, 0x8e,
  0x0c, 0x0e, 0x0e, 0x8d, 0x0c, 0x4c, 0x0a, 0x8b, 0x0b, 0x0a, 0x09, 0x89,
  0x06, 0x48, 0x08, 0x87, 0x07, 0x06, 0x05, 0x84, 0x06, 0x42, 0x04, 0x81,
  0x03, 0x0f, 0x0e, 0x0e, 0x0d, 0x0d, 0x0e, 0x0c, 0x0e, 0x0b, 0x0e, 0x0a,
  0x0f, 0x09, 0x0e, 0x08, 0x0e, 0x07, 0x0f, 0x06, 0x0e, 0x05, 0x0f, 0x04,
  0x0e, 0x03, 0x0f, 0x02, 0x0e, 0x01, 0x0f, 0x01, 0x0f, 0x0a, 0x55, 0x08,
  0x84, 0x06, 0x04, 0x04, 0x84, 0x03, 0x04, 0x02, 0x04, 0x01, 0x04, 0x08,
  0x04, 0x08, 0x0e, 0x04, 0x0e, 0x05, 0x0e, 0x04, 0x0e, 0x03, 0x0e, 0x02,
  0x0e, 0x01, 0x0e, 0x0a, 0x02, 0x01, 0x09, 0x03, 0xff, 0x88, 0x00, 0x00,
  0x00, 0x47, 0x02, 0x00, 0x00, 0x86, 0x01, 0x00, 0x00, 0x87, 0x02, 0x00,
  0x00, 0x87, 0x06, 0x00, 0x00, 0x05, 0x00, 0x00, 0x00, 0x88, 0x04, 0x00,
  0x00, 0x59, 0xca, 0x43, 0xc9, 0xe1, 0xc9, 0x59, 0xca, 0xcf, 0xca, 0x56,
  0xcb, 0x68, 0xcb, 0x5a, 0xc9, 0x84, 0xc9, 0xb1, 0xc9, 0xda, 0xc9, 0x63,
  0xcb, 0x0e, 0xca, 0x1c, 0xca, 0x2d, 0xca, 0x43, 0xca, 0x3e, 0xca, 0x48,
  0xca, 0x73, 0xca, 0x9c, 0xca, 0xca, 0xca, 0xc5, 0xca, 0x92, 0xcb, 0x7d,
  0xcb, 0x9f, 0xcb, 0xb0, 0xcb, 0xee, 0xca, 0x1d, 0xcb, 0x2c, 0xcb, 0x31,
  0x2c, 0x00, 0x00, 0x1b, 0x01, 0x01, 0x01, 0x1b, 0x01, 0x02, 0x02, 0x1b,
  0x00, 0x20, 0x23, 0x03, 0x03, 0x00, 0x00, 0x20, 0x8f, 0x23, 0xd2, 0x44,
  0xd2, 0x34, 0xd2, 0x44, 0xd2, 0x34, 0xd2, 0x44, 0xd2, 0x34, 0xd2, 0x44,
  0xd2, 0x34, 0xd2, 0x4c, 0xd2, 0x5a, 0x7a, 0xd2, 0x44, 0xd2, 0x44, 0xd2,
  0x44, 0xd2, 0x44, 0xd2, 0x4c, 0xd2, 0x24, 0xd2, 0x34, 0xd2, 0x14, 0xd2,
  0x14, 0xd2, 0x0c, 0xff, 0xd2, 0x6c, 0xd2, 0x5c, 0xd2, 0x6c, 0xd2, 0x5c,
  0x6d, 0xd0, 0x5d, 0xd0, 0x85, 0xc8, 0xd4, 0x72, 0x6b, 0xc8, 0x83, 0xaa,
  0xbc, 0x85, 0xc8, 0xd4, 0x8a, 0x95, 0xd0, 0x5c, 0x69, 0x70, 0x85, 0xd0,
  0x55, 0xd0, 0x75, 0xd0, 0x69, 0x5a, 0x4a, 0x40, 0x5d, 0xd0, 0x4d, 0xd0,
  0xff, 0x4d, 0xd0, 0x3d, 0xd0, 0x4d, 0xd0, 0x3d, 0xd0, 0x4d, 0xd0, 0x3d,
  0xd0, 0x4d, 0xd0, 0x3d, 0xd0, 0x35, 0xd0, 0x5d, 0xd0, 0x25, 0xd0, 0x25,
  0xd0, 0x75, 0xd0, 0x75, 0xd0, 0x6d, 0xd0, 0x35, 0xd0, 0x5d, 0xd0, 0x25,
  0xd0, 0x4d, 0xd0, 0x4d, 0xd0, 0xff, 0x02, 0x11, 0x10, 0x12, 0x0a, 0x14,
  0xff, 0x31, 0x2c, 0x03, 0x05, 0x00, 0x00, 0x02, 0x06, 0x0f, 0x00, 0x20,
  0x2f, 0x00, 0x08, 0x1b, 0x03, 0x01, 0x09, 0x1b, 0x03, 0x20, 0x5f, 0x02,
  0x07, 0x0f, 0x00, 0x00, 0x0a, 0x16, 0x03, 0x01, 0x0a, 0x1b, 0x03, 0x20,
  0x5f, 0x00, 0xff, 0x00, 0x00, 0x01, 0xff, 0x00, 0x00, 0x23, 0x02, 0x11,
  0x00, 0x09, 0x10, 0x11, 0x10, 0x01, 0x10, 0x11, 0x00, 0x0a, 0x12, 0xff,
  0x21, 0xd0, 0x81, 0x21, 0xd0, 0x81, 0xd1, 0xd6, 0x49, 0xd0, 0xa9, 0x49,
  0xd0, 0xa9, 0xd1, 0xd6, 0xff, 0x59, 0xd0, 0xb9, 0x59, 0xd0, 0xb9, 0xd1,
  0xd6, 0x49, 0xd0, 0xa9, 0x49, 0xd0, 0xa9, 0xd1, 0xd6, 0xff, 0x86, 0x76,
  0x6e, 0x66, 0xff, 0x6e, 0x5e, 0x4e, 0x3e, 0xff, 0xd2, 0x5b, 0xc8, 0x73,
  0x6b, 0xc8, 0x4b, 0xca, 0xd2, 0x4b, 0xc8, 0x63, 0x5b, 0xc8, 0x3b, 0xca,
  0xff, 0x31, 0x2c, 0x00, 0x0b, 0x0f, 0x00, 0x01, 0x0c, 0x0f, 0x00, 0x20,
  0x05, 0x03, 0x0d, 0x00, 0x00, 0x20, 0x53, 0x03, 0x0e, 0x00, 0x00, 0x22,
  0x20, 0xbf, 0x23, 0xd8, 0x04, 0x89, 0x83, 0x72, 0xd8, 0x05, 0x70, 0xd5,
  0xd4, 0xd8, 0x04, 0x81, 0x73, 0x62, 0xd8, 0x05, 0x60, 0xd5, 0xd4, 0xd8,
  0x04, 0x71, 0x63, 0x52, 0xd8, 0x05, 0x50, 0xd5, 0xd4, 0xd8, 0x04, 0x51,
  0x4b, 0x3a, 0xd8, 0x05, 0x70, 0xd5, 0xd4, 0xff, 0xd8, 0x04, 0xaa, 0x9a,
  0x8a, 0xd8, 0x05, 0x88, 0xd5, 0xd4, 0xd8, 0x04, 0x9a, 0x8a, 0x82, 0xd8,
  0x05, 0x80, 0xd5, 0xd4, 0xd8, 0x04, 0x8a, 0x82, 0x72, 0xd8, 0x05, 0x70,
  0xd5, 0xd4, 0xd8, 0x04, 0x72, 0x62, 0x5a, 0xd8, 0x05, 0x98, 0xd5, 0xd4,
  0xff, 0x02, 0x12, 0x0a, 0x11, 0x00, 0x02, 0x14, 0x11, 0x00, 0xff, 0x31,
  0x2c, 0x03, 0x05, 0x00, 0x00, 0x01, 0x13, 0x1b, 0x01, 0x00, 0x13, 0x16,
  0x01, 0x20, 0x5f, 0x01, 0x15, 0x1b, 0x06, 0x02, 0x14, 0x0f, 0x00, 0x20,
  0xbf, 0x02, 0xff, 0x00, 0x00, 0x23, 0xd8, 0x01, 0xd1, 0x20, 0x49, 0x58,
  0x69, 0xd0, 0x71, 0x59, 0xd8, 0x05, 0xd0, 0x20, 0x49, 0x58, 0x69, 0xd0,
  0x71, 0x59, 0xd0, 0xd4, 0xd7, 0xd8, 0x01, 0xd1, 0x20, 0x49, 0x58, 0x69,
  0xd0, 0x59, 0x39, 0xd8, 0x05, 0xd0, 0x20, 0x49, 0x58, 0x69, 0xd0, 0x59,
  0x39, 0xd0, 0xd4, 0xd7, 0xff, 0x49, 0xd0, 0x39, 0x31, 0xd0, 0x39, 0xd5,
  0x31, 0xd0, 0x29, 0x21, 0xd2, 0xd3, 0xd7, 0xff, 0xd0, 0x68, 0x70, 0x68,
  0x58, 0x68, 0x70, 0x81, 0x81, 0x82, 0xd1, 0xd7, 0xd7, 0x81, 0x68, 0x71,
  0x82, 0x70, 0x69, 0x92, 0xd1, 0xd7, 0xd7, 0x69, 0x48, 0x59, 0x6a, 0x58,
  0x49, 0x72, 0xd1, 0xd7, 0xd7, 0x22, 0x22, 0x22, 0x21, 0x4a, 0xd1, 0xd7,
  0xd7, 0xff, 0x30, 0x3c, 0x00, 0x04, 0x0f, 0x02, 0x01, 0x04, 0x18, 0x02,
  0x20, 0x04, 0x21, 0x28, 0x48, 0x38, 0x01, 0xff, 0x31, 0x2c, 0x00, 0x0f,
  0x0f, 0x04, 0x01, 0x10, 0x0f, 0x04, 0x02, 0x11, 0x0f, 0x00, 0x03, 0x12,
  0x00, 0x00, 0x20, 0x2f, 0x23, 0x8a, 0x62, 0x8a, 0x61, 0x88, 0x7a, 0x52,
  0x7a, 0x51, 0x78, 0x8a, 0x72, 0x8a, 0x71, 0x88, 0x9a, 0x72, 0x9a, 0x61,
  0x98, 0xff, 0xac, 0xac, 0xac, 0xac, 0xac, 0xab, 0xc8, 0xa8, 0xb4, 0xb3,
  0xc8, 0xb0, 0xff, 0x89, 0xd4, 0x61, 0xd1, 0x79, 0xd4, 0x51, 0xd1, 0x71,
  0xd4, 0x49, 0xd1, 0x99, 0xd4, 0x61, 0xd1, 0xff, 0x02, 0x0a, 0x11, 0x00,
  0x0a, 0xff, 0xf1, 0x7f, 0x13, 0xad, 0x4d, 0xf3, 0x9d, 0x4c, 0x00, 0xb8,
  0x74, 0x34, 0xf8, 0xbf, 0x89, 0x56, 0x26, 0xf9, 0xce, 0xa6, 0x80, 0x5c,
  0x3a, 0x1a, 0xfb, 0xdf, 0xc4, 0xab, 0x93, 0x7c, 0x67, 0x52, 0x3f, 0x2d,
  0x1c, 0x0c, 0xfd, 0xef, 0xe1, 0xd5, 0xc9, 0xbd, 0xb3, 0xa9, 0x9f, 0x96,
  0x8e, 0x86, 0x7e, 0x77, 0x70, 0x6a, 0x64, 0x5e, 0x59, 0x54, 0x4f, 0x4b,
  0x46, 0x42, 0x3f, 0x3b, 0x38, 0x34, 0x07, 0x07, 0x07, 0x06, 0x06, 0x05,
  0x05, 0x05, 0x05, 0x04, 0x04, 0x04, 0x03, 0x03, 0x03, 0x03, 0x03, 0x02,
  0x02, 0x02, 0x02, 0x02, 0x02, 0x02, 0x01, 0x01, 0x01, 0x01, 0x01, 0x01,
  0x01, 0x01, 0x01, 0x01, 0x01, 0x01, 0x00, 0x00, 0x00, 0x00, 0x00, 0x00,
  0x00, 0x00, 0x00, 0x00, 0x00, 0x00, 0x00, 0x00, 0x00, 0x00, 0x00, 0x00,
  0x00, 0x00, 0x00, 0x00, 0x00, 0x00, 0x00, 0x00, 0x00, 0x00, 0xff, 0xff,
  0xff, 0xff, 0xff, 0xff, 0xff, 0xff, 0xff, 0xff, 0x40, 0xe6, 0x30, 0x40,
  0x78, 0xa2, 0x00, 0x8e, 0x00, 0x20, 0x8e, 0x01, 0x20, 0xa9, 0x40, 0x8d,
  0x17, 0x40, 0x8e, 0x10, 0x40, 0x2c, 0x02, 0x20, 0x2c, 0x15, 0x40, 0xd8,
  0xca, 0x9a, 0x2c, 0x02, 0x20, 0x10, 0xfb, 0xa2, 0x00, 0x8a, 0x95, 0x00,
  0x9d, 0x00, 0x02, 0xe8, 0xd0, 0xf8, 0x20, 0x9c, 0xc4, 0xa9, 0x02, 0x85,
  0x54, 0x85, 0x44, 0x85, 0x45, 0x85, 0x46, 0x85, 0x43, 0x2c, 0x02, 0x20,
  0x10, 0xfb, 0xa9, 0x80, 0x8d, 0x00, 0x20, 0x20, 0x40, 0xc4, 0x85, 0x3e,
  0x20, 0x03, 0xc6, 0xa5, 0x53, 0xd0, 0x0b, 0x20, 0x68, 0xe1, 0xa5, 0x3d,
  0xc9, 0x03, 0x90, 0x02, 0x85, 0x53, 0xa9, 0xc0, 0x85, 0x32, 0xa9, 0xde,
  0x85, 0x33, 0x20, 0x84, 0xd4, 0xa5, 0x53, 0xf0, 0x09, 0x20, 0xf3, 0xe3,
  0xa5, 0x53, 0xf0, 0xd8, 0xd0, 0x0a, 0xa2, 0x01, 0x20, 0xf8, 0xe9, 0xa9,
  0x0f, 0x20, 0xb5, 0xe7, 0x20, 0x26, 0xd1, 0x20, 0x34, 0xd5, 0x20, 0xd6,
  0xde, 0xa9, 0x01, 0x85, 0x3c, 0xa9, 0x00, 0x85, 0x41, 0x85, 0x42, 0x20,
  0xd6, 0xd4, 0x20, 0x58, 0xc3, 0x20, 0xf7, 0xda, 0x20, 0x2b, 0xc5, 0xa5,
  0x36, 0x29, 0x10, 0xf0, 0x03, 0x20, 0x45, 0xcd, 0xa2, 0x00, 0x20, 0x5c,
  0xdb, 0xe8, 0x20, 0x5c, 0xdb, 0xa2, 0x00, 0x86, 0x31, 0x20, 0xd3, 0xda,
  0xe8, 0xe4, 0x3d, 0x90, 0xf8, 0x20, 0xa5, 0xcd, 0x20, 0x2f, 0xcd, 0x20,
  0xc1, 0xd1, 0xa6, 0x31, 0x20, 0x14, 0xc4, 0xa5, 0x30, 0xc5, 0x30, 0xf0,
  0xfc, 0x20, 0x6c, 0xd4, 0xa2, 0x00, 0xa0, 0x00, 0x8e, 0x03, 0x20, 0xa9,
  0x02, 0x8d, 0x14, 0x40, 0xa9, 0x88, 0x38, 0x20, 0x24, 0xc4, 0xa5, 0x3c,
  0xc9, 0x00, 0xd0, 0xa7, 0x4c, 0x8c, 0xcc, 0x20, 0xad, 0xde, 0x20, 0x15,
  0xd6, 0x20, 0x2b, 0xdf, 0xad, 0xe0, 0x03, 0xc9, 0x01, 0xd0, 0x03, 0x20,
  0xea, 0xe0, 0x4c, 0xcf, 0xd0, 0xa0, 0x00, 0xa2, 0x00, 0xa9, 0x6f, 0x9d,
  0x00, 0x02, 0xb9, 0x80, 0xea, 0x9d, 0x01, 0x02, 0xa9, 0x01, 0x9d, 0x02,
  0x02, 0x98, 0x0a, 0x0a, 0x0a, 0x0a, 0x69, 0x5c, 0x9d, 0x03, 0x02, 0xe8,
  0xe8, 0xe8, 0xe8, 0xc8, 0xc0, 0x05, 0x90, 0xdd, 0x20, 0x14, 0xc4, 0xa5,
  0x30, 0xc5, 0x30, 0xf0, 0xfc, 0x85, 0x30, 0xa2, 0x00, 0xa0, 0x00, 0x8c,
  0x03, 0x20, 0xa9, 0x02, 0x8d, 0x14, 0x40, 0xa9, 0x80, 0x38, 0x20, 0x24,
  0xc4, 0x20, 0x2b, 0xc5, 0x20, 0x58, 0xc3, 0xa5, 0x36, 0x29, 0x20, 0xf0,
  0x09, 0xa5, 0x53, 0xf0, 0x05, 0xa9, 0x00, 0x85, 0x3c, 0x60, 0xa5, 0x36,
  0x29, 0x10, 0xf0, 0xcb, 0x60, 0xa5, 0x3c, 0x0a, 0xaa, 0xbd, 0x86, 0xea,
  0x48, 0xbd, 0x85, 0xea, 0x48, 0x60, 0x60, 0xad, 0xdb, 0x03, 0xc9, 0x07,
  0xd0, 0x05, 0xa9, 0x00, 0x85, 0x3c, 0x60, 0x0a, 0x0a, 0x6d, 0xdb, 0x03,
  0x6d, 0xdc, 0x03, 0x20, 0x3e, 0xd0, 0xa9, 0x02, 0x0d, 0xe1, 0x03, 0x8d,
  0xe1, 0x03, 0xa9, 0x0f, 0x8d, 0xe5, 0x03, 0x8d, 0xe4, 0x03, 0xad, 0xce,
  0x03, 0xd0, 0x08, 0x8d, 0xe4, 0x03, 0xa9, 0x14, 0x8d, 0xe5, 0x03, 0xad,
  0xd5, 0x03, 0xd0, 0x08, 0x8d, 0xe5, 0x03, 0xa9, 0x14, 0x8d, 0xe4, 0x03,
  0xa9, 0x00, 0x8d, 0xd8, 0x03, 0xa9, 0x02, 0x85, 0x3c, 0xa5, 0x53, 0xc9,
  0x02, 0xb0, 0x09, 0xae, 0xdc, 0x03, 0xbd, 0x95, 0xea, 0x20, 0xb3, 0xc5,
  0x4c, 0x0a, 0xd0, 0xad, 0xce, 0x03, 0x0d, 0xd5, 0x03, 0xd0, 0x08, 0xa9,
  0x07, 0x85, 0x3c, 0x20, 0x03, 0xc6, 0x60, 0xa9, 0x40, 0xa6, 0x3d, 0xe0,
  0x02, 0xd0, 0x02, 0xa9, 0xc0, 0xa2, 0x00, 0x35, 0x36, 0xf0, 0x0f, 0xbd,
  0xde, 0x04, 0x85, 0x02, 0xbd, 0xe2, 0x04, 0x85, 0x03, 0xa2, 0x00, 0x20,
  0x30, 0xdc, 0xa9, 0x80, 0xa6, 0x3d, 0xe0, 0x02, 0xd0, 0x02, 0xa9, 0xc0,
  0xca, 0x35, 0x36, 0xf0, 0x0f, 0xbd, 0xde, 0x04, 0x85, 0x02, 0xbd, 0xe2,
  0x04, 0x85, 0x03, 0xa2, 0x01, 0x20, 0x30, 0xdc, 0xad, 0x05, 0x03, 0xd0,
  0x10, 0xa2, 0x04, 0xbd, 0x10, 0x04, 0xd0, 0x09, 0xe8, 0xe0, 0x14, 0x90,
  0xf6, 0xa9, 0x03, 0x85, 0x3c, 0x60, 0xa9, 0x02, 0xcd, 0xe2, 0x03, 0xf0,
  0x26, 0x20, 0x03, 0xc6, 0x20, 0x1e, 0xd5, 0x84, 0x00, 0x98, 0x0a, 0x0a,
  0x65, 0x00, 0xd0, 0x05, 0xa9, 0x07, 0x85, 0x3c, 0x60, 0x0a, 0x6d, 0xe4,
  0x03, 0x6d, 0xe5, 0x03, 0x85, 0x01, 0x20, 0xb1, 0xd4, 0x20, 0x7d, 0xe0,
  0x4c, 0xec, 0xd3, 0xad, 0xe3, 0x03, 0xd0, 0x0d, 0x20, 0x8e, 0xe0, 0xa9,
  0x04, 0xa4, 0x53, 0xf0, 0x02, 0xa9, 0x00, 0x85, 0x3c, 0xad, 0xe3, 0x03,
  0x49, 0x2f, 0x0d, 0xe0, 0x03, 0xd0, 0x05, 0xa9, 0x05, 0x20, 0xb3, 0xc5,
  0x60, 0xad, 0xdc, 0x03, 0xc9, 0x04, 0xf0, 0x05, 0xad, 0xd8, 0x03, 0xd0,
  0x2e, 0xa9, 0x03, 0xcd, 0xe2, 0x03, 0xf0, 0x22, 0xae, 0xce, 0x03, 0xd0,
  0x05, 0xee, 0xce, 0x03, 0xd0, 0x08, 0xae, 0xd5, 0x03, 0xd0, 0x18, 0xee,
  0xd5, 0x03, 0x8d, 0xe2, 0x03, 0xa9, 0x28, 0x8d, 0xe3, 0x03, 0xa9, 0x05,
  0x0d, 0xe1, 0x03, 0x8d, 0xe1, 0x03, 0xad, 0xe3, 0x03, 0xd0, 0x04, 0xa9,
  0x05, 0x85, 0x3c, 0x60, 0xee, 0xdc, 0x03, 0xad, 0xdc, 0x03, 0xc9, 0x05,
  0x90, 0x71, 0xac, 0xe7, 0x03, 0x10, 0x14, 0x20, 0x16, 0xd0, 0xc0, 0x0c,
  0x90, 0x0a, 0xad, 0xdb, 0x03, 0x4a, 0xa0, 0x02, 0x90, 0x02, 0xa0, 0x09,
  0x8c, 0xe7, 0x03, 0xad, 0xdb, 0x03, 0xac, 0xe6, 0x03, 0x30, 0x43, 0xcc,
  0x35, 0x05, 0xf0, 0x08, 0x8c, 0x35, 0x05, 0xa2, 0x00, 0x20, 0xf8, 0xe9,
  0xad, 0xdb, 0x03, 0xc9, 0x06, 0xd0, 0x04, 0xa9, 0x0e, 0xd0, 0x2b, 0x20,
  0x1e, 0xd5, 0x84, 0x00, 0xa2, 0x02, 0xc0, 0x04, 0x90, 0x06, 0xca, 0xc0,
  0x0a, 0x90, 0x01, 0xca, 0xe4, 0x41, 0xf0, 0x09, 0x90, 0x07, 0x86, 0x41,
  0x8a, 0x69, 0x06, 0xd0, 0x0d, 0xa5, 0x42, 0xe6, 0x42, 0xc9, 0x02, 0x90,
  0x03, 0xa9, 0x02, 0x18, 0x69, 0x0a, 0x20, 0xb5, 0xe7, 0x20, 0x34, 0xd5,
  0xa9, 0x06, 0x85, 0x3c, 0x4c, 0x26, 0xd1, 0xa9, 0x01, 0x85, 0x3c, 0x60,
  0xa9, 0x04, 0xcd, 0xe2, 0x03, 0xf0, 0x39, 0xa9, 0x00, 0x8d, 0xdc, 0x03,
  0xee, 0xdb, 0x03, 0xa9, 0x05, 0x0d, 0xe1, 0x03, 0x8d, 0xe1, 0x03, 0xac,
  0xe7, 0x03, 0x30, 0x29, 0xa9, 0xff, 0x8d, 0xe7, 0x03, 0xb9, 0xcc, 0x03,
  0xd0, 0x1f, 0xa9, 0x01, 0x99, 0xcc, 0x03, 0xa9, 0x04, 0x8d, 0xe2, 0x03,
  0xa9, 0x28, 0x8d, 0xe3, 0x03, 0xa9, 0x05, 0x0d, 0xe1, 0x03, 0x8d, 0xe1,
  0x03, 0x4c, 0x47, 0xd4, 0xad, 0xe3, 0x03, 0xd0, 0x04, 0xa9, 0x01, 0x85,
  0x3c, 0x60, 0xa9, 0x01, 0xcd, 0xe2, 0x03, 0xf0, 0x11, 0x8d, 0xe2, 0x03,
  0xa9, 0x32, 0x8d, 0xe3, 0x03, 0xa9, 0x04, 0x0d, 0xe1, 0x03, 0x8d, 0xe1,
  0x03, 0x60, 0xad, 0xe3, 0x03, 0xd0, 0x04, 0xa9, 0x00, 0x85, 0x3c, 0x60,
  0xa0, 0x03, 0x20, 0xf2, 0xc0, 0xa9, 0x07, 0x25, 0x46, 0x18, 0x69, 0x04,
  0xa8, 0xb9, 0x47, 0x00, 0x48, 0xb9, 0x46, 0x00, 0x99, 0x47, 0x00, 0x88,
  0xd0, 0xf7, 0x68, 0x85, 0x47, 0x60, 0xa0, 0x0b, 0xb9, 0x9a, 0xea, 0x99,
  0x47, 0x00, 0x88, 0x10, 0xf7, 0x60, 0xa2, 0x0a, 0x86, 0x00, 0xa0, 0x03,
  0x20, 0xf2, 0xc0, 0xa9, 0x07, 0x25, 0x46, 0x18, 0x69, 0x02, 0xaa, 0xbd,
  0x9a, 0xea, 0xa8, 0xb9, 0xcc, 0x03, 0xf0, 0x0d, 0xe8, 0xe0, 0x0c, 0x90,
  0x02, 0xa2, 0x02, 0xc6, 0x00, 0xd0, 0xec, 0xa0, 0xff, 0x60, 0xaa, 0xa5,
  0x53, 0xd0, 0x22, 0xbd, 0xbe, 0xeb, 0x8d, 0xe2, 0x03, 0xc9, 0x06, 0xd0,
  0x0b, 0xa5, 0x3d, 0xc9, 0x02, 0xd0, 0x05, 0xa9, 0x0b, 0x8d, 0xe2, 0x03,
  0xa9, 0x04, 0x0d, 0xe1, 0x03, 0x8d, 0xe1, 0x03, 0xa9, 0x32, 0x8d, 0xe3,
  0x03, 0x8a, 0x0a, 0x0a, 0x0a, 0x85, 0x00, 0xa9, 0x00, 0x2a, 0x85, 0x01,
  0xa9, 0xa6, 0x65, 0x00, 0x85, 0x00, 0xa9, 0xea, 0x65, 0x01, 0x85, 0x01,
  0xa0, 0x07, 0xb1, 0x00, 0x99, 0x04, 0x03, 0x88, 0x10, 0xf8, 0xa6, 0x3e,
  0xf0, 0x0d, 0x4a, 0x6d, 0x04, 0x03, 0x4a, 0x4a, 0x4a, 0x6d, 0x04, 0x03,
  0x8d, 0x04, 0x03, 0x60, 0x85, 0x02, 0x8a, 0x18, 0x69, 0xfc, 0x90, 0x2e,
  0x85, 0x00, 0x98, 0x69, 0xfa, 0x85, 0x01, 0x90, 0x25, 0xa2, 0x2e, 0xa0,
  0x2f, 0xbd, 0x9c, 0x03, 0xd9, 0x9c, 0x03, 0x90, 0x02, 0x8a, 0xa8, 0xca,
  0x10, 0xf3, 0xa5, 0x02, 0x99, 0x6c, 0x03, 0xa9, 0x00, 0x99, 0x9c, 0x03,
  0xa5, 0x00, 0x99, 0x0c, 0x03, 0xa5, 0x01, 0x99, 0x3c, 0x03, 0x60, 0xa5,
  0x30, 0x29, 0x01, 0x18, 0x69, 0x2e, 0xaa, 0xa4, 0x31, 0xbd, 0x9c, 0x03,
  0xc9, 0xa0, 0xb0, 0x34, 0x4a, 0x4a, 0x4a, 0x4a, 0x4a, 0x18, 0x69, 0x10,
  0x99, 0x01, 0x02, 0xbd, 0x3c, 0x03, 0x99, 0x00, 0x02, 0xbd, 0x0c, 0x03,
  0x99, 0x03, 0x02, 0xa5, 0x30, 0x6a, 0x6a, 0x6a, 0x6a, 0x29, 0xc0, 0x09,
  0x23, 0x99, 0x02, 0x02, 0xbd, 0x9c, 0x03, 0x18, 0x7d, 0x6c, 0x03, 0x9d,
  0x9c, 0x03, 0xc8, 0xc8, 0xc8, 0xc8, 0xf0, 0x04, 0xca, 0xca, 0x10, 0xc1,
  0x84, 0x31, 0x60, 0xa0, 0x2f, 0xa9, 0xff, 0x99, 0x9c, 0x03, 0x88, 0x10,
  0xfa, 0x60, 0x20, 0xcc, 0xc0, 0xa9, 0x03, 0x8d, 0xe1, 0x03, 0xa9, 0x80,
  0xa2, 0x00, 0x8e, 0x08, 0x01, 0xa0, 0x3f, 0x8d, 0x00, 0x20, 0x8e, 0x01,
  0x20, 0x8c, 0x06, 0x20, 0x8e, 0x06, 0x20, 0xbd, 0x2e, 0xec, 0x8d, 0x07,
  0x20, 0xe8, 0xe0, 0x20, 0x90, 0xf5, 0xa0, 0x20, 0xa2, 0x00, 0x8e, 0xe3,
  0x03, 0x8c, 0x06, 0x20, 0x8e, 0x06, 0x20, 0x8a, 0x29, 0x0f, 0x09, 0x08,
  0x85, 0x00, 0xbd, 0x16, 0xec, 0x85, 0x01, 0xa0, 0x20, 0xa9, 0x00, 0xc6,
  0x01, 0xd0, 0x02, 0xa5, 0x00, 0x8d, 0x07, 0x20, 0x88, 0xd0, 0xf2, 0xe8,
  0xe0, 0x18, 0x90, 0xdf, 0xa9, 0x23, 0x8d, 0x06, 0x20, 0xa9, 0x40, 0x8d,
  0x06, 0x20, 0xa0, 0x04, 0x98, 0x0a, 0x29, 0x06, 0x09, 0x04, 0xa2, 0x10,
  0x8d, 0x07, 0x20, 0x49, 0x01, 0x8d, 0x07, 0x20, 0x49, 0x03, 0xca, 0xd0,
  0xf3, 0x88, 0xd0, 0xe8, 0xa2, 0x30, 0x8c, 0x07, 0x20, 0xca, 0xd0, 0xfa,
  0xa0, 0x00, 0xa2, 0x08, 0xb9, 0xf9, 0xeb, 0x8d, 0x07, 0x20, 0xc8, 0xca,
  0xd0, 0xf6, 0xa0, 0xaa, 0xa2, 0x08, 0x8c, 0x07, 0x20, 0xca, 0xd0, 0xfa,
  0x60, 0xad, 0xe0, 0x03, 0xc9, 0x02, 0xd0, 0x12, 0xad, 0xe3, 0x03, 0xf0,
  0x0d, 0xce, 0xe3, 0x03, 0xd0, 0x08, 0xad, 0xe1, 0x03, 0x09, 0x04, 0x8d,
  0xe1, 0x03, 0xad, 0x08, 0x01, 0xd0, 0x1b, 0xad, 0xe1, 0x03, 0x4a, 0x90,
  0x03, 0x4c, 0xfb, 0xd1, 0x4a, 0x90, 0x03, 0x4c, 0x44, 0xd2, 0x4a, 0x90,
  0x03, 0x4c, 0xac, 0xd3, 0x4a, 0x90, 0x03, 0x4c, 0x48, 0xd3, 0x60, 0xad,
  0xe1, 0x03, 0x29, 0xfe, 0x8d, 0xe1, 0x03, 0xa9, 0x23, 0x8d, 0x08, 0x01,
  0xa9, 0x00, 0x8d, 0x09, 0x01, 0xa2, 0x1f, 0xa9, 0x00, 0x9d, 0x0b, 0x01,
  0xa9, 0x8f, 0x9d, 0x2b, 0x01, 0xca, 0x10, 0xf3, 0xa0, 0x0b, 0xb9, 0xe1,
  0xeb, 0xaa, 0xb9, 0xcc, 0x03, 0xd0, 0x04, 0xa9, 0x9e, 0xd0, 0x0d, 0xb9,
  0xed, 0xeb, 0x9d, 0x0b, 0x01, 0x49, 0x01, 0x9d, 0x0c, 0x01, 0x49, 0x11,
  0x9d, 0x2b, 0x01, 0x49, 0x01, 0x9d, 0x2c, 0x01, 0x88, 0x10, 0xdb, 0x60,
  0xad, 0xe1, 0x03, 0x29, 0xfd, 0x8d, 0xe1, 0x03, 0xa9, 0x23, 0x8d, 0x08,
  0x01, 0xa9, 0x40, 0x8d, 0x09, 0x01, 0xa9, 0x04, 0xa2, 0x00, 0x9d, 0x0b,
  0x01, 0x49, 0x01, 0x9d, 0x0c, 0x01, 0x49, 0x02, 0x9d, 0x2c, 0x01, 0x49,
  0x01, 0x9d, 0x2b, 0x01, 0xe8, 0xe8, 0xe0, 0x20, 0x90, 0xe8, 0xad, 0xe4,
  0x03, 0x20, 0x54, 0xc2, 0x09, 0xc0, 0x8d, 0x13, 0x01, 0xa5, 0x00, 0xf0,
  0x05, 0x09, 0xc0, 0x8d, 0x12, 0x01, 0xad, 0xe5, 0x03, 0x20, 0x54, 0xc2,
  0x09, 0xc0, 0x8d, 0x23, 0x01, 0xa5, 0x00, 0xf0, 0x05, 0x09, 0xc0, 0x8d,
  0x22, 0x01, 0xad, 0xdb, 0x03, 0x0a, 0x6d, 0xdb, 0x03, 0xc9, 0x15, 0x90,
  0x02, 0xe9, 0x15, 0xaa, 0xa0, 0x00, 0xbd, 0x01, 0xec, 0x99, 0x40, 0x01,
  0xe8, 0xc8, 0xc0, 0x03, 0x90, 0xf4, 0xad, 0xdc, 0x03, 0x38, 0x69, 0xc0,
  0x8d, 0x45, 0x01, 0xad, 0xdf, 0x03, 0xc9, 0x05, 0xb0, 0x05, 0xa9, 0xa8,
  0x8d, 0x46, 0x01, 0xad, 0xdd, 0x03, 0x20, 0x54, 0xc2, 0x09, 0xc0, 0x8d,
  0x48, 0x01, 0xa9, 0xc0, 0x8d, 0x44, 0x01, 0x05, 0x00, 0x8d, 0x47, 0x01,
  0xa9, 0xc0, 0x8d, 0x31, 0x01, 0x8d, 0x32, 0x01, 0xad, 0xd9, 0x03, 0xf0,
  0x11, 0x20, 0x54, 0xc2, 0x09, 0xc0, 0x8d, 0x2e, 0x01, 0xa5, 0x00, 0xf0,
  0x05, 0x09, 0xc0, 0x8d, 0x2d, 0x01, 0xad, 0xda, 0x03, 0x20, 0x54, 0xc2,
  0x09, 0xc0, 0x8d, 0x30, 0x01, 0xa5, 0x00, 0x0d, 0xd9, 0x03, 0xf0, 0x07,
  0xa5, 0x00, 0x09, 0xc0, 0x8d, 0x2f, 0x01, 0x60, 0xa0, 0x1f, 0xa9, 0x00,
  0x99, 0x2b, 0x01, 0x99, 0x0b, 0x01, 0x88, 0x10, 0xf7, 0xac, 0x1e, 0xec,
  0xa9, 0x08, 0x99, 0x0b, 0x01, 0xac, 0x1f, 0xec, 0xa9, 0x09, 0x99, 0x2b,
  0x01, 0xad, 0xe1, 0x03, 0x29, 0xfb, 0x8d, 0xe1, 0x03, 0xa0, 0x21, 0xa9,
  0x00, 0x8c, 0x08, 0x01, 0x8d, 0x09, 0x01, 0x60, 0x20, 0x18, 0xd3, 0xa9,
  0x40, 0x8d, 0x09, 0x01, 0xad, 0xe1, 0x03, 0x29, 0xf7, 0x8d, 0xe1, 0x03,
  0xad, 0x05, 0x03, 0x20, 0x54, 0xc2, 0x09, 0x30, 0x8d, 0x11, 0x01, 0xa5,
  0x00, 0xf0, 0x05, 0x09, 0x30, 0x8d, 0x10, 0x01, 0xad, 0x06, 0x03, 0x20,
  0x54, 0xc2, 0x09, 0x30, 0x8d, 0x1e, 0x01, 0xa5, 0x00, 0x09, 0x30, 0x8d,
  0x1c, 0x01, 0xa9, 0x73, 0x8d, 0x20, 0x01, 0xa9, 0x2e, 0x8d, 0x1d, 0x01,
  0xad, 0x04, 0x03, 0x20, 0x54, 0xc2, 0x09, 0x30, 0x8d, 0x18, 0x01, 0xa5,
  0x00, 0xf0, 0x14, 0x09, 0x30, 0x8d, 0x17, 0x01, 0xa5, 0x00, 0xc9, 0x10,
  0x90, 0x09, 0x4a, 0x4a, 0x4a, 0x4a, 0x09, 0x30, 0x8d, 0x16, 0x01, 0x60,
  0x20, 0x18, 0xd3, 0xa2, 0x02, 0xad, 0xe3, 0x03, 0xf0, 0x35, 0xad, 0xe2,
  0x03, 0x0a, 0xa8, 0xb9, 0x52, 0xf7, 0x85, 0x00, 0xb9, 0x53, 0xf7, 0x85,
  0x01, 0x86, 0x05, 0x20, 0x10, 0xc3, 0x18, 0x65, 0x00, 0x85, 0x00, 0x90,
  0x02, 0xe6, 0x01, 0xa6, 0x05, 0xa0, 0x00, 0xb9, 0x80, 0x01, 0xf0, 0x0f,
  0xc9, 0x0a, 0xf0, 0x07, 0x9d, 0x0b, 0x01, 0xe8, 0xc8, 0xd0, 0xf0, 0xa2,
  0x22, 0xd0, 0xda, 0x60, 0xa9, 0x02, 0x8d, 0xe2, 0x03, 0xa9, 0x32, 0x8d,
  0xe3, 0x03, 0x20, 0xac, 0xd3, 0xa5, 0x00, 0x20, 0x54, 0xc2, 0x09, 0x30,
  0x8d, 0x34, 0x01, 0xa5, 0x00, 0xf0, 0x05, 0x09, 0x30, 0x8d, 0x33, 0x01,
  0x18, 0xad, 0xe5, 0x03, 0x6d, 0xe4, 0x03, 0x20, 0x54, 0xc2, 0x09, 0x30,
  0x8d, 0x38, 0x01, 0xa5, 0x00, 0xf0, 0x05, 0x09, 0x30, 0x8d, 0x37, 0x01,
  0xa5, 0x01, 0x20, 0x54, 0xc2, 0x09, 0x30, 0x8d, 0x46, 0x01, 0xa5, 0x00,
  0xf0, 0x14, 0x09, 0x30, 0x8d, 0x45, 0x01, 0xa5, 0x00, 0xc9, 0x10, 0x90,
  0x09, 0x4a, 0x4a, 0x4a, 0x4a, 0x09, 0x30, 0x8d, 0x44, 0x01, 0x60, 0xb9,
  0x16, 0xee, 0x48, 0x20, 0x18, 0xd3, 0x68, 0x18, 0x69, 0x24, 0x85, 0x0e,
  0xa9, 0x00, 0x69, 0xee, 0x85, 0x0f, 0xa2, 0x02, 0xa0, 0x00, 0xb1, 0x0e,
  0xf0, 0x07, 0x9d, 0x0b, 0x01, 0xe8, 0xc8, 0xd0, 0xf5, 0x4c, 0xb1, 0xd3,
  0xad, 0x08, 0x01, 0xf0, 0x12, 0xa9, 0xff, 0x8d, 0x4b, 0x01, 0xa9, 0x3f,
  0x8d, 0x0a, 0x01, 0x20, 0xe8, 0xc0, 0xa9, 0x00, 0x8d, 0x08, 0x01, 0x60,
  0xa9, 0x01, 0xa2, 0x0b, 0x9d, 0xcc, 0x03, 0xca, 0x10, 0xfa, 0x8e, 0xe6,
  0x03, 0x8e, 0xe7, 0x03, 0xa9, 0x00, 0x8d, 0xdb, 0x03, 0xa9, 0x00, 0x8d,
  0xdc, 0x03, 0x8d, 0xdd, 0x03, 0x8d, 0xde, 0x03, 0x8d, 0xdf, 0x03, 0x8d,
  0xe0, 0x03, 0x8d, 0xd9, 0x03, 0x8d, 0xda, 0x03, 0x60, 0x18, 0x6d, 0xda,
  0x03, 0x90, 0x08, 0xee, 0xd9, 0x03, 0xee, 0xd9, 0x03, 0x69, 0x37, 0xc9,
  0x64, 0x90, 0x07, 0xe9, 0x64, 0xee, 0xd9, 0x03, 0xb0, 0xf5, 0x8d, 0xda,
  0x03, 0xad, 0xe1, 0x03, 0x09, 0x02, 0x8d, 0xe1, 0x03, 0x60, 0xee, 0xe0,
  0x03, 0xad, 0xe0, 0x03, 0xa4, 0x3e, 0xf0, 0x03, 0x18, 0x69, 0x01, 0xa0,
  0x00, 0xc9, 0x06, 0x90, 0x34, 0x8c, 0xe0, 0x03, 0xee, 0xdf, 0x03, 0xae,
  0xdf, 0x03, 0xe0, 0x05, 0xd0, 0x08, 0xa9, 0x02, 0x0d, 0xe1, 0x03, 0x8d,
  0xe1, 0x03, 0xe0, 0x0a, 0x90, 0x1b, 0x8c, 0xdf, 0x03, 0xa9, 0x02, 0x0d,
  0xe1, 0x03, 0x8d, 0xe1, 0x03, 0xee, 0xde, 0x03, 0xad, 0xde, 0x03, 0xc9,
  0x3c, 0x90, 0x06, 0x8c, 0xde, 0x03, 0xee, 0xdd, 0x03, 0x60, 0xa2, 0x0b,
  0xa0, 0x00, 0xe0, 0x02, 0xf0, 0x0a, 0xe0, 0x09, 0xf0, 0x06, 0xbd, 0xcc,
  0x03, 0xf0, 0x01, 0xc8, 0xca, 0x10, 0xef, 0x60, 0xa2, 0x13, 0xa9, 0x00,
  0x8e, 0xec, 0x04, 0x8d, 0xed, 0x04, 0x9d, 0x10, 0x04, 0xca, 0x10, 0xfa,
  0xa2, 0x01, 0xa9, 0x80, 0x9d, 0xe2, 0x04, 0x0a, 0x9d, 0xe0, 0x04, 0x9d,
  0xea, 0x04, 0x9d, 0xe8, 0x04, 0x9d, 0xdc, 0x04, 0x9d, 0xe6, 0x04, 0x9d,
  0xe4, 0x04, 0xca, 0x10, 0xe5, 0xa9, 0x40, 0x8d, 0xde, 0x04, 0xa9, 0xc0,
  0x8d, 0xdf, 0x04, 0x4c, 0x1a, 0xdd, 0xbd, 0x9c, 0x04, 0xc9, 0x02, 0xd0,
  0x03, 0x4c, 0xcd, 0xd5, 0xbd, 0x88, 0x04, 0x29, 0x1f, 0x4a, 0x4a, 0x4a,
  0xa8, 0xb9, 0x62, 0xec, 0x85, 0x00, 0xb9, 0x5e, 0xec, 0x85, 0x02, 0xb9,
  0x63, 0xec, 0x85, 0x03, 0xbd, 0x88, 0x04, 0x29, 0x0f, 0xa8, 0xb9, 0x4e,
  0xec, 0xa4, 0x31, 0x99, 0x01, 0x02, 0xbd, 0x9c, 0x04, 0xc9, 0x01, 0xd0,
  0x08, 0xa9, 0x10, 0x19, 0x01, 0x02, 0x99, 0x01, 0x02, 0x18, 0xbd, 0x10,
  0x04, 0xe5, 0x00, 0x99, 0x00, 0x02, 0xa5, 0x02, 0x09, 0x01, 0x99, 0x02,
  0x02, 0xbd, 0xe8, 0x03, 0x38, 0xe5, 0x03, 0x99, 0x03, 0x02, 0x98, 0x18,
  0x69, 0x04, 0x85, 0x31, 0x60, 0xa5, 0x30, 0x0a, 0x0a, 0x0a, 0xa9, 0x00,
  0x69, 0x04, 0x85, 0x00, 0xa4, 0x31, 0xc0, 0xf8, 0xb0, 0x36, 0xbd, 0xe8,
  0x03, 0x38, 0xe9, 0x04, 0x90, 0x2e, 0x99, 0x03, 0x02, 0x99, 0x07, 0x02,
  0xa9, 0x06, 0x99, 0x01, 0x02, 0xa9, 0x16, 0x99, 0x05, 0x02, 0x18, 0xbd,
  0x10, 0x04, 0xe5, 0x00, 0x99, 0x00, 0x02, 0x69, 0x07, 0x99, 0x04, 0x02,
  0xa9, 0x01, 0x99, 0x02, 0x02, 0xa9, 0x00, 0x99, 0x06, 0x02, 0x98, 0x18,
  0x69, 0x08, 0x85, 0x31, 0x60, 0xad, 0x05, 0x03, 0xf0, 0x05, 0xad, 0xe0,
  0x03, 0xf0, 0x03, 0x4c, 0xa6, 0xd6, 0xce, 0xec, 0x04, 0xad, 0xec, 0x04,
  0xd0, 0x16, 0xad, 0x06, 0x03, 0x8d, 0xec, 0x04, 0xa0, 0x02, 0x20, 0xf2,
  0xc0, 0xa9, 0x03, 0x25, 0x46, 0xa8, 0xb9, 0x08, 0x03, 0x8d, 0xed, 0x04,
  0xad, 0xdf, 0x03, 0x29, 0x01, 0xd0, 0xd8, 0xad, 0xed, 0x04, 0xf0, 0xd3,
  0xc9, 0x08, 0xd0, 0x21, 0xad, 0x05, 0x03, 0xc9, 0x02, 0xb0, 0x06, 0x8d,
  0xed, 0x04, 0x4c, 0x9b, 0xd6, 0x20, 0xb8, 0xd7, 0xb0, 0x44, 0xad, 0x05,
  0x03, 0xe9, 0x01, 0x8d, 0x05, 0x03, 0xa9, 0x00, 0x8d, 0xed, 0x04, 0xf0,
  0x35, 0xc9, 0x09, 0xd0, 0x26, 0xad, 0x05, 0x03, 0xc9, 0x02, 0xb0, 0x06,
  0x8d, 0xed, 0x04, 0x4c, 0x9b, 0xd6, 0x20, 0xfb, 0xd6, 0xb0, 0x1f, 0xa9,
  0x01, 0x9d, 0x9c, 0x04, 0xad, 0x05, 0x03, 0xe9, 0x01, 0x8d, 0x05, 0x03,
  0xa9, 0x00, 0x8d, 0xed, 0x04, 0xf0, 0x0b, 0x20, 0xfb, 0xd6, 0xb0, 0x06,
  0xce, 0xed, 0x04, 0xce, 0x05, 0x03, 0xa2, 0x00, 0x20, 0x04, 0xd8, 0xbd,
  0x10, 0x04, 0xf0, 0x03, 0x20, 0x6e, 0xd5, 0xe8, 0xe0, 0x14, 0x90, 0xf0,
  0xa5, 0x30, 0x29, 0x01, 0x09, 0x02, 0xaa, 0xa4, 0x31, 0xbd, 0x10, 0x04,
  0xf0, 0x20, 0xbd, 0xd8, 0x04, 0x38, 0xe9, 0x05, 0x99, 0x00, 0x02, 0xa9,
  0x03, 0x99, 0x01, 0x02, 0xa9, 0x03, 0x99, 0x02, 0x02, 0xbd, 0xb0, 0x04,
  0x38, 0xe9, 0x04, 0x99, 0x03, 0x02, 0xc8, 0xc8, 0xc8, 0xc8, 0xca, 0xca,
  0x10, 0xd7, 0x84, 0x31, 0x60, 0xa2, 0x04, 0x18, 0xbd, 0x10, 0x04, 0xf0,
  0x05, 0xe8, 0xe0, 0x14, 0x90, 0xf6, 0x60, 0x20, 0xed, 0xd6, 0x90, 0x01,
  0x60, 0x20, 0xec, 0xcf, 0x85, 0x06, 0xa8, 0xb9, 0xe1, 0xeb, 0x0a, 0x0a,
  0x0a, 0x69, 0x08, 0x85, 0x07, 0xa0, 0x06, 0x20, 0xf2, 0xc0, 0xa5, 0x46,
  0x0a, 0x0a, 0x85, 0x08, 0xad, 0x04, 0x03, 0x85, 0x0a, 0xa9, 0x08, 0x85,
  0x09, 0xa5, 0x06, 0x9d, 0xb0, 0x04, 0xa5, 0x08, 0x9d, 0xe8, 0x03, 0x38,
  0xa5, 0x07, 0x85, 0x02, 0xfd, 0xe8, 0x03, 0xb0, 0x04, 0x49, 0xff, 0x69,
  0x01, 0xa4, 0x0a, 0x20, 0x5b, 0xc1, 0x06, 0x00, 0x2a, 0x26, 0x00, 0x2a,
  0x26, 0x00, 0x85, 0x01, 0xa5, 0x00, 0x29, 0x03, 0x85, 0x00, 0xa5, 0x07,
  0xdd, 0xe8, 0x03, 0xb0, 0x10, 0xa5, 0x01, 0x49, 0xff, 0x69, 0x01, 0x85,
  0x01, 0xa5, 0x00, 0x49, 0xff, 0x69, 0x00, 0x85, 0x00, 0xa5, 0x01, 0x9d,
  0x4c, 0x04, 0xa5, 0x00, 0x9d, 0x38, 0x04, 0xa9, 0xc8, 0x38, 0xe5, 0x09,
  0x85, 0x03, 0xac, 0x04, 0x03, 0x20, 0x5b, 0xc1, 0x06, 0x00, 0x2a, 0x26,
  0x00, 0x2a, 0x26, 0x00, 0x9d, 0x74, 0x04, 0xa9, 0x03, 0x25, 0x00, 0x9d,
  0x60, 0x04, 0xa9, 0x00, 0x9d, 0x24, 0x04, 0x9d, 0xfc, 0x03, 0x85, 0x01,
  0xbd, 0xe8, 0x03, 0x85, 0x00, 0xa5, 0x09, 0x9d, 0x10, 0x04, 0x20, 0x87,
  0xc1, 0x9d, 0x88, 0x04, 0xa9, 0x14, 0x9d, 0xc4, 0x04, 0xa9, 0x00, 0x9d,
  0x9c, 0x04, 0x18, 0x60, 0x20, 0xed, 0xd6, 0x90, 0x01, 0x60, 0x20, 0xec,
  0xcf, 0xc9, 0x03, 0xb0, 0x02, 0x69, 0x01, 0xc9, 0x09, 0x90, 0x02, 0xe9,
  0x01, 0x9d, 0xb0, 0x04, 0xa0, 0x05, 0x20, 0xf2, 0xc0, 0xa5, 0x46, 0x29,
  0x1f, 0x0a, 0x69, 0x28, 0x9d, 0x10, 0x04, 0xa9, 0x04, 0x9d, 0xe8, 0x03,
  0xad, 0x04, 0x03, 0x0a, 0x9d, 0x4c, 0x04, 0xa9, 0x00, 0x9d, 0x24, 0x04,
  0x9d, 0x60, 0x04, 0x9d, 0x74, 0x04, 0x9d, 0xfc, 0x03, 0x2a, 0x9d, 0x38,
  0x04, 0xa9, 0x02, 0x9d, 0x9c, 0x04, 0x18, 0x60, 0xbd, 0x10, 0x04, 0xd0,
  0x01, 0x60, 0x18, 0xbd, 0xfc, 0x03, 0x7d, 0x4c, 0x04, 0x9d, 0xfc, 0x03,
  0xbd, 0xe8, 0x03, 0x7d, 0x38, 0x04, 0x9d, 0xe8, 0x03, 0x18, 0xbd, 0x24,
  0x04, 0x7d, 0x74, 0x04, 0x9d, 0x24, 0x04, 0xbd, 0x10, 0x04, 0x7d, 0x60,
  0x04, 0x9d, 0x10, 0x04, 0xe0, 0x04, 0xb0, 0x2d, 0x86, 0x03, 0xa8, 0xbd,
  0xc4, 0x04, 0x4a, 0x90, 0x0b, 0xbd, 0xe8, 0x03, 0xaa, 0xa9, 0x04, 0x20,
  0x98, 0xd0, 0xa6, 0x03, 0xde, 0xc4, 0x04, 0xd0, 0x13, 0x8a, 0x48, 0xa9,
  0x00, 0x9d, 0x10, 0x04, 0xbc, 0xd8, 0x04, 0xbd, 0xb0, 0x04, 0xaa, 0x20,
  0x27, 0xdd, 0x68, 0xaa, 0x60, 0xc9, 0xc8, 0x90, 0x59, 0xa8, 0x8a, 0x48,
  0xbd, 0xe8, 0x03, 0xaa, 0x20, 0x27, 0xdd, 0x68, 0xaa, 0xbd, 0xe8, 0x03,
  0x4a, 0x4a, 0x4a, 0xa0, 0x0b, 0xd9, 0xe1, 0xeb, 0xb0, 0x03, 0x88, 0xd0,
  0xf8, 0xb9, 0xcc, 0x03, 0xf0, 0x2a, 0xee, 0xd8, 0x03, 0xa9, 0x00, 0x99,
  0xcc, 0x03, 0xc0, 0x02, 0xd0, 0x05, 0x8d, 0xe4, 0x03, 0xf0, 0x19, 0xc0,
  0x09, 0xd0, 0x05, 0x8d, 0xe5, 0x03, 0xf0, 0x10, 0x2c, 0xe6, 0x03, 0x10,
  0x03, 0x8c, 0xe6, 0x03, 0x2c, 0xe7, 0x03, 0x10, 0x03, 0x8c, 0xe7, 0x03,
  0xa9, 0x00, 0x9d, 0x10, 0x04, 0xa9, 0x03, 0x0d, 0xe1, 0x03, 0x8d, 0xe1,
  0x03, 0x60, 0xbd, 0x9c, 0x04, 0xc9, 0x02, 0xf0, 0x42, 0xde, 0xc4, 0x04,
  0xd0, 0x32, 0xbc, 0x88, 0x04, 0xb9, 0x74, 0xc4, 0x49, 0x7f, 0x4a, 0x4a,
  0x4a, 0x4a, 0x69, 0xf8, 0x7d, 0x10, 0x04, 0x85, 0x03, 0xb9, 0x7c, 0xc4,
  0x49, 0x7f, 0x4a, 0x4a, 0x4a, 0x4a, 0x69, 0xf8, 0x7d, 0xe8, 0x03, 0xa4,
  0x03, 0x86, 0x03, 0xaa, 0xa9, 0x02, 0x20, 0x98, 0xd0, 0xa6, 0x03, 0xa9,
  0x14, 0x9d, 0xc4, 0x04, 0xbd, 0x9c, 0x04, 0xc9, 0x01, 0xd0, 0x03, 0x4c,
  0xf4, 0xd9, 0x60, 0xbd, 0xe8, 0x03, 0x29, 0xf8, 0xf0, 0xee, 0x4a, 0x4a,
  0x4a, 0xe9, 0x00, 0xbc, 0xb0, 0x04, 0xd9, 0xe1, 0xeb, 0x90, 0xe1, 0x86,
  0x02, 0x20, 0xed, 0xd6, 0x90, 0x03, 0xa6, 0x02, 0x60, 0x86, 0x03, 0xa4,
  0x02, 0xb9, 0x10, 0x04, 0x9d, 0x10, 0x04, 0xb9, 0xe8, 0x03, 0x9d, 0xe8,
  0x03, 0xa9, 0x00, 0x9d, 0x24, 0x04, 0x9d, 0xfc, 0x03, 0x99, 0x38, 0x04,
  0x9d, 0x38, 0x04, 0x9d, 0x60, 0x04, 0x9d, 0x9c, 0x04, 0x99, 0x9c, 0x04,
  0xa9, 0x09, 0x9d, 0x88, 0x04, 0xa9, 0x07, 0x9d, 0xc4, 0x04, 0x99, 0xc4,
  0x04, 0x99, 0x88, 0x04, 0xb9, 0xb0, 0x04, 0x38, 0xe9, 0x01, 0x9d, 0xb0,
  0x04, 0x18, 0x69, 0x02, 0x99, 0xb0, 0x04, 0xad, 0x04, 0x03, 0x0a, 0x3e,
  0x60, 0x04, 0x0a, 0x3e, 0x60, 0x04, 0x9d, 0x74, 0x04, 0x99, 0x74, 0x04,
  0xbd, 0x60, 0x04, 0x99, 0x60, 0x04, 0xa9, 0xc8, 0x38, 0xfd, 0x10, 0x04,
  0xa8, 0xa9, 0x14, 0x20, 0x70, 0xc1, 0xac, 0x04, 0x03, 0x20, 0x5b, 0xc1,
  0x06, 0x00, 0x2a, 0x06, 0x00, 0x2a, 0xa4, 0x02, 0x99, 0x4c, 0x04, 0xa9,
  0xff, 0x9d, 0x38, 0x04, 0x59, 0x4c, 0x04, 0x18, 0x69, 0x01, 0x9d, 0x4c,
  0x04, 0x20, 0xed, 0xd6, 0xb0, 0x3a, 0xb9, 0x10, 0x04, 0x9d, 0x10, 0x04,
  0xb9, 0xe8, 0x03, 0x9d, 0xe8, 0x03, 0xb9, 0x60, 0x04, 0x9d, 0x60, 0x04,
  0xb9, 0x74, 0x04, 0x9d, 0x74, 0x04, 0xa9, 0x00, 0x9d, 0x24, 0x04, 0x9d,
  0xfc, 0x03, 0x9d, 0x4c, 0x04, 0x9d, 0x38, 0x04, 0x9d, 0x9c, 0x04, 0xa9,
  0x08, 0x9d, 0x88, 0x04, 0x9d, 0xc4, 0x04, 0xb9, 0xb0, 0x04, 0x38, 0xe9,
  0x01, 0x9d, 0xb0, 0x04, 0xa9, 0x00, 0x20, 0xdb, 0xc4, 0xa6, 0x02, 0x60,
  0xbd, 0x10, 0x04, 0xc9, 0x48, 0xb0, 0x01, 0x60, 0xbd, 0xb0, 0x04, 0xc9,
  0x09, 0x90, 0x02, 0xe9, 0x03, 0x18, 0x69, 0x02, 0x85, 0x06, 0xbd, 0xb0,
  0x04, 0xc9, 0x03, 0xb0, 0x02, 0x69, 0x03, 0x38, 0xe9, 0x02, 0x85, 0x07,
  0x86, 0x0a, 0xa0, 0x01, 0x84, 0x08, 0x20, 0xed, 0xd6, 0x90, 0x03, 0x4c,
  0xbe, 0xda, 0x86, 0x0b, 0xa4, 0x08, 0xb9, 0x06, 0x00, 0xa8, 0xb9, 0xe1,
  0xeb, 0x0a, 0x0a, 0x0a, 0x69, 0x08, 0x85, 0x02, 0xa6, 0x0a, 0x38, 0xfd,
  0xe8, 0x03, 0x85, 0x0c, 0xbd, 0x74, 0x04, 0xa8, 0xa9, 0x00, 0x69, 0xff,
  0x85, 0x0d, 0xc9, 0x80, 0x45, 0x0c, 0x69, 0x00, 0x85, 0x0c, 0x20, 0x5b,
  0xc1, 0x06, 0x00, 0x2a, 0x06, 0x00, 0x69, 0x00, 0xa6, 0x0b, 0x9d, 0x4c,
  0x04, 0xa5, 0x0d, 0x9d, 0x38, 0x04, 0xc9, 0x80, 0x5d, 0x4c, 0x04, 0x69,
  0x00, 0x9d, 0x4c, 0x04, 0xa4, 0x0a, 0xb9, 0x10, 0x04, 0x9d, 0x10, 0x04,
  0x85, 0x01, 0xb9, 0xe8, 0x03, 0x9d, 0xe8, 0x03, 0x85, 0x00, 0xb9, 0x60,
  0x04, 0x9d, 0x60, 0x04, 0xb9, 0x74, 0x04, 0x9d, 0x74, 0x04, 0xb9, 0xc4,
  0x04, 0x9d, 0xc4, 0x04, 0xa9, 0x00, 0x9d, 0x24, 0x04, 0x9d, 0xfc, 0x03,
  0x9d, 0x9c, 0x04, 0xa4, 0x08, 0xb9, 0x06, 0x00, 0x9d, 0xb0, 0x04, 0xa9,
  0xc8, 0x85, 0x03, 0xa5, 0x02, 0xa4, 0x08, 0x20, 0x87, 0xc1, 0xa6, 0x0b,
  0x9d, 0x88, 0x04, 0xc6, 0x08, 0x30, 0x03, 0x4c, 0x1e, 0xda, 0xa6, 0x0a,
  0xa5, 0x08, 0xc9, 0x01, 0xf0, 0x0c, 0xa9, 0x00, 0x9d, 0x9c, 0x04, 0xa9,
  0x00, 0x20, 0xdb, 0xc4, 0xa6, 0x0a, 0x60, 0xa4, 0x31, 0xbd, 0xde, 0x04,
  0x38, 0xe9, 0x04, 0x99, 0x03, 0x02, 0xbd, 0xe2, 0x04, 0x38, 0xe9, 0x05,
  0x99, 0x00, 0x02, 0xa9, 0x04, 0x99, 0x01, 0x02, 0x8a, 0x99, 0x02, 0x02,
  0x98, 0x18, 0x69, 0x04, 0x85, 0x31, 0x60, 0xa2, 0x01, 0xb5, 0x3f, 0xf0,
  0x2b, 0xa9, 0x00, 0x9d, 0xe8, 0x04, 0x9d, 0xe4, 0x04, 0x20, 0xb7, 0xc3,
  0xa5, 0x03, 0x10, 0x05, 0x49, 0x7f, 0x18, 0x69, 0x01, 0x9d, 0xe6, 0x04,
  0xa5, 0x02, 0x10, 0x05, 0x49, 0x7f, 0x18, 0x69, 0x01, 0x9d, 0xea, 0x04,
  0xb5, 0x61, 0x29, 0xc0, 0x15, 0x36, 0x95, 0x36, 0xca, 0x10, 0xce, 0xa5,
  0x3d, 0xc9, 0x01, 0xd0, 0x24, 0xa5, 0x3f, 0xd0, 0x20, 0xa5, 0x40, 0xf0,
  0x1c, 0xa5, 0x62, 0x29, 0xc0, 0x05, 0x36, 0x85, 0x36, 0xa9, 0x00, 0x8d,
  0xe4, 0x04, 0x8d, 0xe8, 0x04, 0xad, 0xe7, 0x04, 0x8d, 0xe6, 0x04, 0xad,
  0xeb, 0x04, 0x8d, 0xea, 0x04, 0x60, 0x28, 0x39, 0x00, 0xcc, 0x04, 0x04,
  0xb5, 0x3f, 0xd0, 0x51, 0xa4, 0x3e, 0xf0, 0x02, 0xa0, 0x01, 0xb9, 0x58,
  0xdb, 0x85, 0x02, 0xb9, 0x5a, 0xdb, 0x85, 0x03, 0xb9, 0x56, 0xdb, 0x85,
  0x05, 0x0a, 0x0a, 0x85, 0x04, 0xbd, 0xe4, 0x04, 0x85, 0x00, 0xbd, 0xe6,
  0x04, 0x85, 0x01, 0xb5, 0x34, 0x85, 0x06, 0x20, 0x89, 0xc2, 0xa5, 0x00,
  0x9d, 0xe4, 0x04, 0xa5, 0x01, 0x9d, 0xe6, 0x04, 0xbd, 0xe8, 0x04, 0x85,
  0x00, 0xbd, 0xea, 0x04, 0x85, 0x01, 0xb5, 0x34, 0x4a, 0x4a, 0x85, 0x06,
  0x20, 0x89, 0xc2, 0xa5, 0x00, 0x9d, 0xe8, 0x04, 0xa5, 0x01, 0x9d, 0xea,
  0x04, 0x18, 0xbd, 0xe4, 0x04, 0x7d, 0xdc, 0x04, 0x9d, 0xdc, 0x04, 0xbd,
  0xe6, 0x04, 0x7d, 0xde, 0x04, 0x9d, 0xde, 0x04, 0x6a, 0x5d, 0xe6, 0x04,
  0x10, 0x07, 0x5d, 0xe6, 0x04, 0x0a, 0x4c, 0xdc, 0xdb, 0xbd, 0xde, 0x04,
  0xc9, 0xf8, 0xb0, 0x04, 0xc9, 0x08, 0xb0, 0x11, 0xa9, 0x00, 0x9d, 0xe4,
  0x04, 0x9d, 0xe6, 0x04, 0x9d, 0xdc, 0x04, 0xa9, 0x08, 0x90, 0x02, 0xa9,
  0xf8, 0x9d, 0xde, 0x04, 0x18, 0xbd, 0xe8, 0x04, 0x7d, 0xe0, 0x04, 0x9d,
  0xe0, 0x04, 0xbd, 0xea, 0x04, 0x7d, 0xe2, 0x04, 0x9d, 0xe2, 0x04, 0x6a,
  0x5d, 0xea, 0x04, 0x10, 0x07, 0x5d, 0xea, 0x04, 0x0a, 0x4c, 0x1b, 0xdc,
  0xbd, 0xe2, 0x04, 0xc9, 0xb0, 0xb0, 0x04, 0xc9, 0x10, 0xb0, 0x11, 0xa9,
  0x00, 0x9d, 0xe8, 0x04, 0x9d, 0xea, 0x04, 0x9d, 0xe0, 0x04, 0xa9, 0x10,
  0x90, 0x02, 0xa9, 0xb0, 0x9d, 0xe2, 0x04, 0x60, 0xbd, 0xe4, 0x03, 0xf0,
  0x24, 0xc9, 0x15, 0x90, 0x12, 0xa9, 0x0d, 0x8d, 0xe2, 0x03, 0xa9, 0x32,
  0x8d, 0xe3, 0x03, 0xa9, 0x04, 0x0d, 0xe1, 0x03, 0x8d, 0xe1, 0x03, 0x8a,
  0xa8, 0xb9, 0x10, 0x04, 0xf0, 0x08, 0xc8, 0xc8, 0xb9, 0x10, 0x04, 0xf0,
  0x01, 0x60, 0xde, 0xe4, 0x03, 0x84, 0x07, 0xa9, 0x02, 0x0d, 0xe1, 0x03,
  0x8d, 0xe1, 0x03, 0xa9, 0x00, 0x99, 0x9c, 0x04, 0x99, 0x24, 0x04, 0x99,
  0xfc, 0x03, 0xa9, 0xc0, 0x99, 0x10, 0x04, 0xa5, 0x02, 0x99, 0xb0, 0x04,
  0xa5, 0x03, 0x99, 0xd8, 0x04, 0xbd, 0x67, 0xec, 0x99, 0xe8, 0x03, 0x20,
  0x15, 0xc2, 0xa6, 0x07, 0x85, 0x06, 0xa4, 0x3e, 0xf0, 0x08, 0x4a, 0x4a,
  0x65, 0x06, 0x6a, 0x65, 0x06, 0x6a, 0x4a, 0x4a, 0x69, 0x00, 0xc9, 0x3f,
  0x90, 0x02, 0xa9, 0x3f, 0x9d, 0xc4, 0x04, 0xa5, 0x03, 0x9d, 0x88, 0x04,
  0xbd, 0xc4, 0x04, 0x0a, 0x0a, 0xa8, 0x38, 0xa9, 0xc0, 0xfd, 0xd8, 0x04,
  0x4a, 0x20, 0x70, 0xc1, 0x49, 0xff, 0x85, 0x00, 0xa9, 0xff, 0x38, 0x26,
  0x00, 0x2a, 0x26, 0x00, 0x2a, 0x26, 0x00, 0x2a, 0x9d, 0x60, 0x04, 0xa5,
  0x00, 0x9d, 0x74, 0x04, 0xbd, 0xc4, 0x04, 0x0a, 0x0a, 0xa8, 0x38, 0xbd,
  0xb0, 0x04, 0xfd, 0xe8, 0x03, 0xb0, 0x04, 0x49, 0xff, 0x69, 0x01, 0x4a,
  0x20, 0x70, 0xc1, 0x85, 0x00, 0xa9, 0x00, 0x06, 0x00, 0x2a, 0x06, 0x00,
  0x2a, 0x06, 0x00, 0x2a, 0x9d, 0x38, 0x04, 0xbd, 0xb0, 0x04, 0xdd, 0xe8,
  0x03, 0xbd, 0x38, 0x04, 0xb0, 0x05, 0x49, 0xff, 0x9d, 0x38, 0x04, 0xa5,
  0x00, 0xb0, 0x02, 0x49, 0xff, 0x9d, 0x4c, 0x04, 0xa9, 0x06, 0x20, 0xdb,
  0xc4, 0x60, 0xa9, 0xff, 0xa2, 0x07, 0x9d, 0xfe, 0x04, 0xca, 0x10, 0xfa,
  0x4c, 0x1b, 0xd1, 0x86, 0x00, 0x84, 0x01, 0xa2, 0x06, 0xa0, 0x07, 0xbd,
  0xfe, 0x04, 0xd9, 0xfe, 0x04, 0x90, 0x02, 0x8a, 0xa8, 0xca, 0x10, 0xf3,
  0xa5, 0x3e, 0xf0, 0x02, 0xa9, 0x1c, 0x99, 0xfe, 0x04, 0xa5, 0x00, 0x99,
  0xee, 0x04, 0xa5, 0x01, 0x99, 0xf6, 0x04, 0xa9, 0x08, 0x20, 0xdb, 0xc4,
  0xa9, 0x07, 0x4c, 0xdb, 0xc4, 0x86, 0x0f, 0xbd, 0xfe, 0x04, 0x30, 0x09,
  0xa8, 0xb9, 0x69, 0xec, 0x10, 0x06, 0x9d, 0xfe, 0x04, 0x4c, 0x7b, 0xde,
  0xa8, 0xb9, 0x9d, 0xec, 0x85, 0x04, 0xb9, 0xa3, 0xec, 0x85, 0x0c, 0x0a,
  0x0a, 0x49, 0xff, 0x48, 0x38, 0x7d, 0xee, 0x04, 0x85, 0x0d, 0xa9, 0xff,
  0x69, 0x00, 0x85, 0x03, 0x68, 0x18, 0x7d, 0xf6, 0x04, 0x85, 0x0e, 0xa6,
  0x31, 0xa9, 0x00, 0x85, 0x00, 0xa9, 0x01, 0x85, 0x02, 0xa5, 0x02, 0x29,
  0xbf, 0x85, 0x02, 0xa5, 0x04, 0x85, 0x01, 0xa0, 0x00, 0xa5, 0x01, 0x9d,
  0x01, 0x02, 0x49, 0x01, 0x85, 0x01, 0x98, 0x0a, 0x0a, 0x0a, 0x65, 0x0d,
  0x9d, 0x03, 0x02, 0xa9, 0x00, 0x65, 0x03, 0xd0, 0x17, 0xa5, 0x02, 0x9d,
  0x02, 0x02, 0xa5, 0x00, 0x0a, 0x0a, 0x0a, 0x65, 0x0e, 0xc9, 0xe0, 0xb0,
  0x07, 0x9d, 0x00, 0x02, 0xe8, 0xe8, 0xe8, 0xe8, 0xc8, 0xc0, 0x02, 0x90,
  0x06, 0xa5, 0x02, 0x09, 0x40, 0x85, 0x02, 0xc4, 0x0c, 0x90, 0xc2, 0xa5,
  0x04, 0x49, 0x10, 0x85, 0x04, 0xe6, 0x00, 0xa5, 0x00, 0xc9, 0x02, 0x90,
  0x08, 0xa5, 0x02, 0x09, 0x80, 0x85, 0x02, 0xa5, 0x00, 0xc5, 0x0c, 0x90,
  0x9c, 0x86, 0x31, 0xa6, 0x0f, 0xe0, 0x08, 0x90, 0x09, 0xa9, 0x0f, 0x85,
  0x32, 0x86, 0x33, 0x4c, 0x71, 0xde, 0xbd, 0xee, 0x04, 0x85, 0x0d, 0xbd,
  0xf6, 0x04, 0x85, 0x0e, 0xbc, 0xfe, 0x04, 0xb9, 0x69, 0xec, 0xa8, 0xb9,
  0xa9, 0xec, 0x85, 0x0c, 0xa2, 0x04, 0xbd, 0x10, 0x04, 0xf0, 0x46, 0xa5,
  0x0e, 0xf0, 0x42, 0x38, 0xfd, 0x10, 0x04, 0xb0, 0x06, 0x49, 0xff, 0x69,
  0x01, 0xd0, 0x0b, 0x38, 0xbc, 0x9c, 0x04, 0xf9, 0xbf, 0xec, 0xb0, 0x02,
  0xa9, 0x00, 0xc9, 0x0c, 0xb0, 0x27, 0xa8, 0xb9, 0xaf, 0xec, 0x85, 0x00,
  0xbd, 0xe8, 0x03, 0xf0, 0x1c, 0x38, 0xe5, 0x0d, 0xb0, 0x04, 0x49, 0xff,
  0x69, 0x01, 0xc9, 0x0c, 0xb0, 0x0f, 0xa8, 0xb9, 0xaf, 0xec, 0x65, 0x00,
  0xb0, 0x07, 0xc5, 0x0c, 0xb0, 0x03, 0x4c, 0x7c, 0xde, 0xe8, 0xe0, 0x14,
  0x90, 0xb0, 0xa6, 0x0f, 0xfe, 0xfe, 0x04, 0x60, 0x8a, 0x48, 0xbc, 0x9c,
  0x04, 0xb9, 0xbf, 0xec, 0x4a, 0x7d, 0x10, 0x04, 0xa8, 0xa9, 0x00, 0x9d,
  0x10, 0x04, 0xbd, 0xe8, 0x03, 0xaa, 0x20, 0x27, 0xdd, 0x68, 0xaa, 0xbc,
  0xb0, 0x04, 0xc0, 0x0c, 0xb0, 0x0c, 0xb9, 0xcc, 0x03, 0xc9, 0x02, 0xd0,
  0x05, 0xa9, 0x01, 0x99, 0xcc, 0x03, 0x4c, 0x71, 0xde, 0xa5, 0x0f, 0x48,
  0xa5, 0x0e, 0x48, 0xa5, 0x0d, 0x48, 0xa5, 0x0c, 0x48, 0xa5, 0x30, 0x09,
  0xfe, 0x18, 0x69, 0x08, 0xaa, 0x20, 0x59, 0xdd, 0xca, 0xca, 0x10, 0xf9,
  0x68, 0x85, 0x0c, 0x68, 0x85, 0x0d, 0x68, 0x85, 0x0e, 0x68, 0x85, 0x0f,
  0x60, 0x60, 0xa2, 0x0b, 0x8e, 0x32, 0x05, 0x8a, 0x9d, 0x12, 0x05, 0xca,
  0x10, 0xf9, 0xa2, 0x03, 0xa9, 0x00, 0x9d, 0x2a, 0x05, 0xca, 0x10, 0xfa,
  0xa2, 0x0b, 0x9d, 0x1e, 0x05, 0xca, 0x10, 0xfa, 0x4c, 0x8e, 0xe0, 0xa2,
  0x02, 0xa0, 0x03, 0x85, 0x00, 0xbd, 0x2a, 0x05, 0xd9, 0x2a, 0x05, 0xb0,
  0x02, 0x8a, 0xa8, 0xca, 0x10, 0xf3, 0xa9, 0xff, 0x99, 0x2a, 0x05, 0xa5,
  0x00, 0x99, 0x2e, 0x05, 0x48, 0xad, 0x32, 0x05, 0xd0, 0x0f, 0xa9, 0x04,
  0x8d, 0x32, 0x05, 0xa9, 0x04, 0x20, 0xdb, 0xc4, 0xa9, 0x05, 0x20, 0xdb,
  0xc4, 0x68, 0x60, 0xad, 0x32, 0x05, 0xf0, 0x03, 0xce, 0x32, 0x05, 0xa9,
  0x05, 0xa6, 0x3e, 0xf0, 0x02, 0xa9, 0x06, 0x85, 0x00, 0xa2, 0x03, 0xa4,
  0x31, 0xc0, 0xfc, 0xb0, 0x51, 0xbd, 0x2a, 0x05, 0x38, 0xe5, 0x00, 0xb0,
  0x02, 0xa9, 0x00, 0x9d, 0x2a, 0x05, 0xf0, 0x46, 0xbd, 0x2a, 0x05, 0x38,
  0xe9, 0xc0, 0xb0, 0x02, 0xa9, 0x00, 0x4a, 0x4a, 0x4a, 0x69, 0xab, 0x99,
  0x00, 0x02, 0x69, 0x08, 0x99, 0x04, 0x02, 0xa9, 0x05, 0x99, 0x01, 0x02,
  0xa9, 0x15, 0x99, 0x05, 0x02, 0xbd, 0x2a, 0x05, 0xc9, 0xc0, 0xa9, 0x01,
  0x90, 0x02, 0xa9, 0x21, 0x99, 0x02, 0x02, 0x99, 0x06, 0x02, 0xbd, 0x2e,
  0x05, 0x99, 0x03, 0x02, 0x99, 0x07, 0x02, 0x98, 0x18, 0x69, 0x08, 0xa8,
  0x90, 0x04, 0xa0, 0x00, 0xa2, 0x00, 0xca, 0x10, 0xa4, 0xa2, 0x0b, 0x84,
  0x31, 0xbc, 0x12, 0x05, 0xb9, 0xe1, 0xeb, 0xa4, 0x31, 0x0a, 0x0a, 0x0a,
  0xdd, 0x06, 0x05, 0xf0, 0x35, 0xa9, 0x00, 0x6a, 0x6a, 0x49, 0x42, 0x85,
  0x02, 0xa9, 0xc7, 0x99, 0x00, 0x02, 0xbd, 0x06, 0x05, 0x29, 0x01, 0x85,
  0x01, 0x8a, 0x29, 0x02, 0x05, 0x01, 0x09, 0x2c, 0x99, 0x01, 0x02, 0x8a,
  0x29, 0x01, 0x05, 0x02, 0x99, 0x02, 0x02, 0xbd, 0x06, 0x05, 0x18, 0x69,
  0x05, 0x99, 0x03, 0x02, 0xc8, 0xc8, 0xc8, 0xc8, 0xf0, 0x03, 0xca, 0x10,
  0xb6, 0x84, 0x31, 0xad, 0xe0, 0x03, 0xc9, 0x03, 0xf0, 0x01, 0x60, 0xa2,
  0x0b, 0xbd, 0x1e, 0x05, 0xf0, 0x03, 0xde, 0x1e, 0x05, 0xca, 0x10, 0xf5,
  0xad, 0xdf, 0x03, 0x29, 0x01, 0x18, 0x69, 0x0a, 0xaa, 0xbc, 0x12, 0x05,
  0xb9, 0x1e, 0x05, 0xd0, 0x0a, 0xb9, 0xcc, 0x03, 0xc9, 0x01, 0xf0, 0x03,
  0x20, 0x37, 0xe0, 0xb9, 0xe1, 0xeb, 0x0a, 0x0a, 0x0a, 0xdd, 0x06, 0x05,
  0xf0, 0x0c, 0xa9, 0xff, 0x90, 0x02, 0xa9, 0x00, 0x7d, 0x06, 0x05, 0x9d,
  0x06, 0x05, 0xca, 0xca, 0x10, 0xd3, 0x60, 0xa0, 0x06, 0x84, 0x00, 0xa9,
  0xff, 0x85, 0x01, 0xa0, 0x0b, 0xb9, 0xcc, 0x03, 0xc9, 0x01, 0xd0, 0x19,
  0xbd, 0x06, 0x05, 0x4a, 0x4a, 0x4a, 0x69, 0x01, 0xf9, 0xe1, 0xeb, 0xb0,
  0x04, 0x49, 0xff, 0x69, 0x01, 0xc5, 0x01, 0xb0, 0x04, 0x85, 0x01, 0x84,
  0x00, 0x88, 0x10, 0xdd, 0xa5, 0x00, 0xbc, 0x12, 0x05, 0x9d, 0x12, 0x05,
  0xb9, 0xe1, 0xeb, 0x0a, 0x0a, 0x0a, 0xdd, 0x06, 0x05, 0xd0, 0x05, 0xa9,
  0x06, 0x99, 0x1e, 0x05, 0x60, 0xa2, 0x0b, 0xbd, 0xcc, 0x03, 0xc9, 0x01,
  0xd0, 0x04, 0x8a, 0x9d, 0x12, 0x05, 0xca, 0x10, 0xf2, 0x60, 0xa2, 0x0b,
  0xbc, 0x12, 0x05, 0xb9, 0xe1, 0xeb, 0x0a, 0x0a, 0x0a, 0x9d, 0x06, 0x05,
  0xca, 0x10, 0xf1, 0x60, 0xbd, 0x10, 0x04, 0xf0, 0x41, 0xbd, 0x60, 0x04,
  0x30, 0x3c, 0x1d, 0x74, 0x04, 0xf0, 0x37, 0xbc, 0xb0, 0x04, 0xc0, 0x0c,
  0xb0, 0x30, 0xb9, 0xcc, 0x03, 0xc9, 0x01, 0xd0, 0x29, 0xbd, 0x60, 0x04,
  0xd0, 0x26, 0xbd, 0x74, 0x04, 0x18, 0x7d, 0x10, 0x04, 0xb0, 0x04, 0xc9,
  0xc8, 0x90, 0x16, 0xa0, 0xf0, 0xa5, 0x3e, 0xf0, 0x02, 0xa0, 0xc8, 0xbd,
  0x74, 0x04, 0x20, 0x5b, 0xc1, 0x18, 0x7d, 0x10, 0x04, 0xb0, 0x02, 0xc9,
  0xc8, 0x60, 0x18, 0x60, 0x38, 0x60, 0xa2, 0x04, 0x20, 0xa0, 0xe0, 0x90,
  0x17, 0xbc, 0xb0, 0x04, 0xa9, 0x02, 0x99, 0xcc, 0x03, 0x8a, 0x48, 0xb9,
  0xe1, 0xeb, 0x0a, 0x0a, 0x0a, 0x69, 0x04, 0x20, 0xf7, 0xde, 0x68, 0xaa,
  0xe8, 0xe0, 0x14, 0x90, 0xdf, 0x60, 0xa9, 0x80, 0xa0, 0x3f, 0xa2, 0x00,
  0x8d, 0x00, 0x20, 0x8e, 0x01, 0x20, 0x8c, 0x06, 0x20, 0x8e, 0x06, 0x20,
  0xbd, 0xc2, 0xec, 0x8d, 0x07, 0x20, 0xe8, 0xe0, 0x20, 0x90, 0xf5, 0xa9,
  0x20, 0xaa, 0xa0, 0x00, 0x20, 0xf2, 0xc3, 0xa9, 0xf9, 0x85, 0x01, 0xa9,
  0x4d, 0x85, 0x00, 0x20, 0x18, 0xc1, 0xa5, 0x30, 0xc5, 0x30, 0xf0, 0xfc,
  0xa2, 0x00, 0xa9, 0x80, 0xa0, 0x00, 0x18, 0x20, 0x24, 0xc4, 0x20, 0x2b,
  0xc5, 0x20, 0x58, 0xc3, 0x20, 0x6b, 0xe2, 0xa5, 0x3f, 0xf0, 0x06, 0xa5,
  0x61, 0x29, 0x40, 0xd0, 0x06, 0xa5, 0x36, 0x29, 0x90, 0xf0, 0xd7, 0x60,
  0xa9, 0x80, 0x8d, 0xe2, 0x04, 0x8d, 0xde, 0x04, 0x20, 0x0e, 0xe1, 0xa2,
  0x01, 0x86, 0x3d, 0xca, 0xa9, 0x80, 0xa0, 0x3f, 0x8d, 0x00, 0x20, 0x8e,
  0x01, 0x20, 0x8c, 0x06, 0x20, 0x8e, 0x06, 0x20, 0x8d, 0xe2, 0x04, 0x8d,
  0xde, 0x04, 0xbd, 0xc2, 0xec, 0x8d, 0x07, 0x20, 0xe8, 0xe0, 0x20, 0x90,
  0xf5, 0xa2, 0x04, 0x20, 0x14, 0xc4, 0x8a, 0xa8, 0xa2, 0x20, 0x20, 0xf2,
  0xc3, 0xb9, 0xe4, 0xec, 0xc8, 0x8d, 0x06, 0x20, 0xb9, 0xe4, 0xec, 0xc8,
  0x8d, 0x06, 0x20, 0xbe, 0xe4, 0xec, 0xc8, 0xb9, 0xe4, 0xec, 0xc8, 0x18,
  0x8d, 0x07, 0x20, 0x69, 0x01, 0xca, 0xd0, 0xf8, 0xc0, 0x3c, 0x90, 0xdd,
  0xa9, 0x84, 0x8d, 0x00, 0x20, 0xa9, 0x22, 0x8d, 0x06, 0x20, 0xa9, 0x4b,
  0x8d, 0x06, 0x20, 0xa9, 0x60, 0xa0, 0x03, 0x8d, 0x07, 0x20, 0x09, 0x10,
  0x8d, 0x07, 0x20, 0xe9, 0x0f, 0x88, 0xd0, 0xf3, 0x20, 0xfb, 0xe2, 0xa5,
  0x30, 0xc5, 0x30, 0xf0, 0xfc, 0x2c, 0x02, 0x20, 0xa0, 0x00, 0xa2, 0x02,
  0x8c, 0x03, 0x20, 0x8e, 0x14, 0x40, 0xa2, 0x00, 0xa9, 0x88, 0x38, 0x20,
  0x24, 0xc4, 0x20, 0x2b, 0xc5, 0x20, 0x58, 0xc3, 0x20, 0x6b, 0xe2, 0x2c,
  0x02, 0x20, 0x70, 0xfb, 0x2c, 0x02, 0x20, 0x30, 0x07, 0x50, 0xf9, 0xa9,
  0x98, 0x8d, 0x00, 0x20, 0x20, 0xd3, 0xe2, 0xa2, 0x00, 0xb5, 0x3f, 0xd0,
  0x19, 0xe8, 0xb5, 0x3f, 0xd0, 0x14, 0xa5, 0x36, 0x29, 0x90, 0xf0, 0xb4,
  0xa5, 0x30, 0x45, 0x46, 0x18, 0x65, 0x44, 0x85, 0x44, 0xa0, 0x08, 0x4c,
  0xf2, 0xc0, 0xb5, 0x61, 0x29, 0x40, 0xf0, 0xe6, 0xad, 0xe2, 0x04, 0x38,
  0xe9, 0x80, 0x4a, 0x4a, 0x4a, 0x4a, 0xf0, 0x09, 0xc9, 0x04, 0xb0, 0xd6,
  0x85, 0x3d, 0x4c, 0x34, 0xe2, 0xa2, 0x00, 0xad, 0xde, 0x04, 0x10, 0x01,
  0xe8, 0x20, 0xe4, 0xc3, 0x4c, 0x2e, 0xe2, 0xa9, 0x00, 0x85, 0x04, 0x85,
  0x05, 0xa2, 0x01, 0x20, 0xb7, 0xc3, 0xa5, 0x01, 0x29, 0x0f, 0xc9, 0x01,
  0xd0, 0x15, 0xa5, 0x02, 0x85, 0x04, 0xa5, 0x03, 0x85, 0x05, 0xa5, 0x01,
  0x29, 0x30, 0x4a, 0x4a, 0x4a, 0x4a, 0x18, 0x69, 0x01, 0xd0, 0x02, 0xa9,
  0x00, 0x95, 0x3f, 0xca, 0x10, 0xd9, 0xa5, 0x04, 0x10, 0x05, 0x49, 0x7f,
  0x18, 0x69, 0x01, 0x18, 0x6d, 0xe2, 0x04, 0xc9, 0x80, 0xb0, 0x02, 0xa9,
  0x80, 0xc9, 0xbf, 0x90, 0x02, 0xa9, 0xbf, 0x8d, 0xe2, 0x04, 0xa5, 0x05,
  0x10, 0x05, 0x49, 0x7f, 0x18, 0x69, 0x01, 0x18, 0x6d, 0xde, 0x04, 0xc9,
  0x30, 0xb0, 0x02, 0xa9, 0x30, 0xc9, 0xcf, 0x90, 0x02, 0xa9, 0xcf, 0x8d,
  0xde, 0x04, 0x60, 0xa6, 0x3d, 0xa5, 0x36, 0x29, 0x20, 0xf0, 0x07, 0xe8,
  0xe0, 0x04, 0x90, 0x02, 0xa2, 0x01, 0xa5, 0x36, 0x29, 0x04, 0xf0, 0x06,
  0xe8, 0xe0, 0x04, 0x90, 0x01, 0xca, 0xa5, 0x36, 0x29, 0x08, 0xf0, 0x04,
  0xca, 0xd0, 0x01, 0xe8, 0x86, 0x3d, 0x60, 0xa2, 0x04, 0xa5, 0x3f, 0x05,
  0x40, 0xf0, 0x20, 0xad, 0xe2, 0x04, 0x38, 0xe9, 0x05, 0x9d, 0x00, 0x02,
  0xad, 0xde, 0x04, 0x38, 0xe9, 0x04, 0x9d, 0x03, 0x02, 0xa9, 0x04, 0x9d,
  0x01, 0x02, 0xa9, 0x00, 0x9d, 0x02, 0x02, 0xe8, 0xe8, 0xe8, 0xe8, 0xa5,
  0x3d, 0x0a, 0x0a, 0x0a, 0x0a, 0x69, 0x82, 0x9d, 0x00, 0x02, 0xa9, 0x02,
  0x9d, 0x01, 0x02, 0xa9, 0x01, 0x9d, 0x02, 0x02, 0xa9, 0x4c, 0x9d, 0x03,
  0x02, 0x8a, 0x18, 0x69, 0x04, 0xaa, 0xa0, 0x01, 0xb9, 0x3f, 0x00, 0xf0,
  0x03, 0x20, 0x67, 0xe3, 0x88, 0x10, 0xf5, 0x20, 0x14, 0xc4, 0xa9, 0x66,
  0x8d, 0x00, 0x02, 0xa9, 0x01, 0x8d, 0x01, 0x02, 0xa9, 0x23, 0x8d, 0x02,
  0x02, 0xa9, 0xac, 0x8d, 0x03, 0x02, 0x60, 0xa9, 0x7f, 0x9d, 0x00, 0x02,
  0x9d, 0x04, 0x02, 0x9d, 0x08, 0x02, 0x9d, 0x0c, 0x02, 0xa9, 0x87, 0x9d,
  0x10, 0x02, 0x9d, 0x14, 0x02, 0x9d, 0x18, 0x02, 0x9d, 0x1c, 0x02, 0x98,
  0x09, 0x60, 0x9d, 0x01, 0x02, 0x09, 0x10, 0x9d, 0x11, 0x02, 0xb9, 0x3f,
  0x00, 0x18, 0x69, 0x56, 0x9d, 0x0d, 0x02, 0x9d, 0x1d, 0x02, 0xa9, 0x68,
  0x9d, 0x05, 0x02, 0xa9, 0x69, 0x9d, 0x09, 0x02, 0xa9, 0x78, 0x9d, 0x15,
  0x02, 0xa9, 0x79, 0x9d, 0x19, 0x02, 0xa9, 0x00, 0x9d, 0x02, 0x02, 0x9d,
  0x0e, 0x02, 0x9d, 0x12, 0x02, 0x9d, 0x1e, 0x02, 0xa9, 0x02, 0x9d, 0x06,
  0x02, 0x9d, 0x0a, 0x02, 0x9d, 0x16, 0x02, 0x9d, 0x1a, 0x02, 0xb9, 0xe2,
  0xec, 0x9d, 0x03, 0x02, 0x9d, 0x13, 0x02, 0x69, 0x08, 0x9d, 0x07, 0x02,
  0x9d, 0x17, 0x02, 0x69, 0x08, 0x9d, 0x0b, 0x02, 0x9d, 0x1b, 0x02, 0x69,
  0x06, 0x9d, 0x0f, 0x02, 0x69, 0x01, 0x9d, 0x1f, 0x02, 0x8a, 0x18, 0x69,
  0x20, 0xaa, 0x60, 0x20, 0x34, 0xd5, 0xa5, 0x55, 0x8d, 0xdb, 0x03, 0xa5,
  0x56, 0x8d, 0xdc, 0x03, 0xa9, 0x02, 0x85, 0x53, 0xa9, 0x01, 0x85, 0x3c,
  0x20, 0x26, 0xd1, 0xa9, 0xe3, 0x85, 0x00, 0xa9, 0xf8, 0x85, 0x01, 0x20,
  0x18, 0xc1, 0xa5, 0x3c, 0xc9, 0x01, 0xd0, 0x0e, 0x20, 0x05, 0xe5, 0x20,
  0xb3, 0xcd, 0xa9, 0x0b, 0x0d, 0xe1, 0x03, 0x8d, 0xe1, 0x03, 0xa2, 0x00,
  0x86, 0x31, 0x20, 0x5c, 0xdb, 0x20, 0xd3, 0xda, 0x20, 0x38, 0xe5, 0xa6,
  0x31, 0x20, 0x14, 0xc4, 0x20, 0xc1, 0xd1, 0x20, 0x2b, 0xc5, 0xa5, 0x30,
  0xc5, 0x30, 0xf0, 0xfc, 0x20, 0x6c, 0xd4, 0xa9, 0x00, 0x8d, 0x05, 0x20,
  0x8d, 0x05, 0x20, 0x8d, 0x03, 0x20, 0xa9, 0x02, 0x8d, 0x14, 0x40, 0xa9,
  0x88, 0x8d, 0x00, 0x20, 0xa9, 0x1e, 0x8d, 0x01, 0x20, 0x20, 0x58, 0xc3,
  0x20, 0xf7, 0xda, 0xa5, 0x36, 0x29, 0xc0, 0xf0, 0x03, 0x20, 0x8d, 0xe4,
  0xa5, 0x36, 0x29, 0x10, 0xf0, 0x04, 0xa9, 0x01, 0x85, 0x53, 0xa5, 0x53,
  0x4a, 0xd0, 0x93, 0xa9, 0x00, 0x8d, 0xe2, 0x03, 0xa9, 0x01, 0x85, 0x3c,
  0x60, 0xad, 0xe2, 0x04, 0xc9, 0x24, 0x90, 0x1b, 0xc9, 0x34, 0xb0, 0x18,
  0xad, 0xde, 0x04, 0x38, 0xe9, 0x3c, 0x4a, 0x4a, 0x4a, 0x4a, 0xc9, 0x07,
  0xb0, 0x09, 0x85, 0x55, 0x8d, 0xdb, 0x03, 0xa9, 0x01, 0x85, 0x3c, 0x60,
  0xc9, 0x44, 0xb0, 0x18, 0xad, 0xde, 0x04, 0x38, 0xe9, 0x3c, 0x4a, 0x4a,
  0x4a, 0x4a, 0xc9, 0x05, 0xb0, 0xed, 0x85, 0x56, 0x8d, 0xdc, 0x03, 0xa9,
  0x01, 0x85, 0x3c, 0x60, 0xc9, 0x5c, 0x90, 0xdf, 0xc9, 0x7c, 0xb0, 0x1e,
  0xe9, 0x5c, 0x29, 0x10, 0xf0, 0x02, 0xa9, 0x01, 0x85, 0x00, 0xad, 0xde,
  0x04, 0x38, 0xe9, 0x38, 0x30, 0x1e, 0xc9, 0x30, 0xa5, 0x00, 0x2a, 0x85,
  0x54, 0xa9, 0x01, 0x85, 0x3c, 0x60, 0xc9, 0x8c, 0xb0, 0x0e, 0xad, 0xde,
  0x04, 0xc9, 0xb0, 0xb0, 0x07, 0xc9, 0x5c, 0xa9, 0x00, 0x2a, 0x85, 0x53,
  0x60, 0xa9, 0x0c, 0xa4, 0x54, 0xd0, 0x02, 0xa9, 0x06, 0x85, 0x01, 0xa9,
  0x00, 0xc0, 0x01, 0xd0, 0x02, 0xa9, 0x06, 0x85, 0x00, 0xa9, 0x01, 0xc0,
  0x03, 0xd0, 0x02, 0xa9, 0x02, 0x85, 0x3d, 0xa0, 0x0b, 0xa9, 0x00, 0xc4,
  0x00, 0x90, 0x06, 0xc4, 0x01, 0xb0, 0x02, 0xa9, 0x01, 0x99, 0xcc, 0x03,
  0x88, 0x10, 0xee, 0x60, 0xa6, 0x31, 0xa9, 0x27, 0x9d, 0x00, 0x02, 0xa9,
  0x37, 0x9d, 0x04, 0x02, 0xa5, 0x54, 0x29, 0x02, 0x0a, 0x0a, 0x0a, 0x69,
  0x5f, 0x9d, 0x08, 0x02, 0xad, 0xdb, 0x03, 0x0a, 0x0a, 0x0a, 0x0a, 0x69,
  0x3c, 0x9d, 0x03, 0x02, 0xad, 0xdc, 0x03, 0x0a, 0x0a, 0x0a, 0x0a, 0x69,
  0x3c, 0x9d, 0x07, 0x02, 0xa5, 0x54, 0x29, 0x01, 0xf0, 0x02, 0xa9, 0x30,
  0x18, 0x69, 0x3c, 0x9d, 0x0b, 0x02, 0xa9, 0x02, 0x9d, 0x01, 0x02, 0x9d,
  0x05, 0x02, 0x9d, 0x09, 0x02, 0xa9, 0x21, 0x9d, 0x02, 0x02, 0x9d, 0x06,
  0x02, 0x9d, 0x0a, 0x02, 0x8a, 0x18, 0x69, 0x0c, 0xaa, 0xa9, 0x00, 0x85,
  0x00, 0xa9, 0x27, 0x85, 0x01, 0xa9, 0xc0, 0x85, 0x02, 0xa4, 0x00, 0xb9,
  0x08, 0x03, 0xc9, 0x08, 0xf0, 0x2d, 0xb0, 0x25, 0xa8, 0xa9, 0x0a, 0x9d,
  0x01, 0x02, 0xa5, 0x01, 0x9d, 0x00, 0x02, 0xa9, 0x01, 0x9d, 0x02, 0x02,
  0xa5, 0x02, 0x9d, 0x03, 0x02, 0x18, 0x69, 0x06, 0x85, 0x02, 0xe8, 0xe8,
  0xe8, 0xe8, 0x88, 0xd0, 0xe0, 0xa9, 0x0c, 0xd0, 0x33, 0xa0, 0x01, 0xa9,
  0x1a, 0xd0, 0xd8, 0xa5, 0x01, 0x9d, 0x00, 0x02, 0x18, 0x69, 0x08, 0x9d,
  0x04, 0x02, 0xa9, 0x06, 0x9d, 0x01, 0x02, 0xa9, 0x16, 0x9d, 0x05, 0x02,
  0xa9, 0x01, 0x9d, 0x02, 0x02, 0x4a, 0x9d, 0x06, 0x02, 0xa5, 0x02, 0x9d,
  0x03, 0x02, 0x9d, 0x07, 0x02, 0x8a, 0x18, 0x69, 0x08, 0xaa, 0xa9, 0x14,
  0x18, 0x65, 0x01, 0x85, 0x01, 0xe6, 0x00, 0xa5, 0x00, 0xc9, 0x04, 0x90,
  0x8c, 0x86, 0x31, 0x60, 0xac, 0xe7, 0x03, 0x10, 0x02, 0xa0, 0x09, 0xb9,
  0x28, 0xed, 0x85, 0x5e, 0x49, 0x80, 0x85, 0x5d, 0xa9, 0xfd, 0x8d, 0x33,
  0x05, 0xa9, 0x3f, 0x8d, 0x34, 0x05, 0xa9, 0x80, 0x8d, 0x00, 0x20, 0x0a,
  0x8d, 0x01, 0x20, 0x20, 0xcc, 0xc0, 0x20, 0x58, 0xe6, 0x20, 0x3e, 0xe7,
  0x20, 0xdc, 0xc0, 0x20, 0xd6, 0xe6, 0xa2, 0x07, 0xbd, 0xc2, 0xed, 0x9d,
  0x00, 0x02, 0xca, 0xd0, 0xf7, 0xad, 0xc2, 0xed, 0x8d, 0x00, 0x02, 0xa2,
  0x08, 0x4c, 0x14, 0xc4, 0xa9, 0x03, 0xa0, 0x00, 0xa2, 0x20, 0x20, 0xf2,
  0xc3, 0xa2, 0x24, 0x20, 0xf2, 0xc3, 0xa2, 0x20, 0x20, 0x6d, 0xe6, 0xa2,
  0x24, 0x8a, 0x09, 0x03, 0x8d, 0x06, 0x20, 0xa9, 0xd8, 0x8d, 0x06, 0x20,
  0x8a, 0x29, 0x04, 0xf0, 0x02, 0xa9, 0xaa, 0x49, 0xff, 0x20, 0xb9, 0xe6,
  0x20, 0xb9, 0xe6, 0x8e, 0x06, 0x20, 0x8c, 0x06, 0x20, 0xa9, 0x01, 0xa0,
  0x50, 0x20, 0xcc, 0xe6, 0xa0, 0xa0, 0xa9, 0x00, 0x20, 0xcc, 0xe6, 0xa0,
  0x10, 0xa9, 0xc7, 0x20, 0xcc, 0xe6, 0xa9, 0x04, 0x20, 0xa9, 0xe6, 0xa9,
  0x06, 0xa0, 0x20, 0x18, 0x8d, 0x07, 0x20, 0x69, 0x01, 0x29, 0x03, 0x09,
  0x04, 0x88, 0xd0, 0xf4, 0x60, 0x8d, 0x07, 0x20, 0xa0, 0x03, 0x18, 0x69,
  0x55, 0x90, 0x02, 0xa9, 0x55, 0x8d, 0x07, 0x20, 0x88, 0xd0, 0xf3, 0x60,
  0x8d, 0x07, 0x20, 0x8d, 0x07, 0x20, 0x88, 0xd0, 0xf7, 0x60, 0xa2, 0x0b,
  0x86, 0x02, 0xbd, 0xe1, 0xeb, 0x29, 0x10, 0x4a, 0x4a, 0x09, 0x21, 0x85,
  0x5c, 0xbd, 0xe1, 0xeb, 0x29, 0x0f, 0x0a, 0x09, 0x80, 0x85, 0x5b, 0xbd,
  0xcc, 0x03, 0xc9, 0x01, 0xbd, 0xed, 0xeb, 0xb0, 0x02, 0xa9, 0x8c, 0x0a,
  0x0a, 0x69, 0x8a, 0x85, 0x00, 0xa9, 0x00, 0x69, 0xed, 0x85, 0x01, 0xa0,
  0x00, 0xa5, 0x5c, 0x8d, 0x06, 0x20, 0xa5, 0x5b, 0x8d, 0x06, 0x20, 0x18,
  0x69, 0x20, 0x85, 0x5b, 0xb1, 0x00, 0xc8, 0x85, 0x03, 0xb1, 0x00, 0xc8,
  0xa2, 0x04, 0x06, 0x03, 0x90, 0x06, 0x8d, 0x07, 0x20, 0x18, 0x90, 0x03,
  0x2c, 0x07, 0x20, 0x69, 0x01, 0xca, 0xd0, 0xee, 0xc0, 0x08, 0x90, 0xd1,
  0xa6, 0x02, 0xca, 0x10, 0x9b, 0x60, 0xa0, 0x00, 0xae, 0x03, 0x03, 0xb9,
  0x34, 0xed, 0x9d, 0x00, 0x01, 0xe8, 0xc8, 0xc0, 0x56, 0x90, 0xf4, 0x8e,
  0x03, 0x03, 0xa9, 0x81, 0x85, 0x5b, 0xa0, 0x04, 0xae, 0x03, 0x03, 0xa9,
  0x22, 0x9d, 0x00, 0x01, 0xa5, 0x5b, 0x9d, 0x01, 0x01, 0x18, 0x69, 0x20,
  0x85, 0x5b, 0xa9, 0x5d, 0x9d, 0x02, 0x01, 0xa9, 0x20, 0x9d, 0x03, 0x01,
  0xe8, 0xe8, 0xe8, 0xe8, 0x88, 0xd0, 0xe0, 0x8e, 0x03, 0x03, 0x60, 0xa0,
  0x08, 0xa9, 0x74, 0x20, 0x88, 0xe7, 0xa9, 0xa4, 0x38, 0xe5, 0x5d, 0x85,
  0x00, 0xa2, 0x28, 0xbd, 0xcd, 0xed, 0x18, 0x65, 0x00, 0x99, 0x03, 0x02,
  0xbd, 0xcc, 0xed, 0x99, 0x02, 0x02, 0xbd, 0xcb, 0xed, 0x99, 0x01, 0x02,
  0xbd, 0xca, 0xed, 0x99, 0x00, 0x02, 0xc8, 0xc8, 0xc8, 0xc8, 0xca, 0xca,
  0xca, 0xca, 0x10, 0xdb, 0x60, 0x0a, 0xaa, 0xbd, 0x8b, 0xef, 0x85, 0x57,
  0xbd, 0x8c, 0xef, 0x85, 0x58, 0x20, 0x2b, 0xc5, 0xa5, 0x30, 0xc5, 0x30,
  0xf0, 0xfc, 0x20, 0x10, 0xe6, 0xa0, 0x00, 0xb1, 0x57, 0x99, 0x38, 0x05,
  0xc8, 0xc0, 0x04, 0x90, 0xf6, 0x18, 0x98, 0x65, 0x57, 0x85, 0x57, 0x90,
  0x02, 0xe6, 0x58, 0x20, 0x6e, 0xe9, 0xa9, 0x06, 0x20, 0xb3, 0xc5, 0x20,
  0x2b, 0xc5, 0xad, 0x34, 0x05, 0xf0, 0x3b, 0x29, 0x30, 0x85, 0x00, 0xae,
  0x03, 0x03, 0xa9, 0x3f, 0x9d, 0x00, 0x01, 0xa9, 0x01, 0x9d, 0x01, 0x01,
  0xa8, 0xa9, 0x1e, 0x9d, 0x02, 0x01, 0x8a, 0x18, 0x69, 0x22, 0x8d, 0x03,
  0x03, 0xb9, 0xf6, 0xed, 0x38, 0xe5, 0x00, 0x10, 0x0a, 0xc9, 0xf0, 0xd0,
  0x04, 0xa9, 0x02, 0xd0, 0x02, 0xa9, 0x0f, 0x9d, 0x03, 0x01, 0xe8, 0xc8,
  0xc0, 0x20, 0x90, 0xe5, 0xb0, 0x03, 0x20, 0xc7, 0xe8, 0xa5, 0x30, 0x4a,
  0xb0, 0x11, 0xa5, 0x5e, 0xc5, 0x5d, 0xf0, 0x0b, 0xa9, 0x00, 0x69, 0xff,
  0x09, 0x01, 0x18, 0x65, 0x5d, 0x85, 0x5d, 0x20, 0x7f, 0xe7, 0xa5, 0x30,
  0xc5, 0x30, 0xf0, 0xfc, 0xa9, 0x02, 0xa0, 0x00, 0x8c, 0x03, 0x20, 0x8d,
  0x14, 0x40, 0x20, 0xdc, 0xc0, 0xa9, 0x98, 0xa0, 0x00, 0xa6, 0x5d, 0x38,
  0x20, 0x24, 0xc4, 0x20, 0x58, 0xc3, 0xa5, 0x3f, 0xf0, 0x05, 0xa2, 0x00,
  0x20, 0xb7, 0xc3, 0xa5, 0x36, 0x29, 0x10, 0xf0, 0x05, 0xa9, 0x04, 0x8d,
  0x33, 0x05, 0x2c, 0x02, 0x20, 0x70, 0xfb, 0x2c, 0x02, 0x20, 0x30, 0x16,
  0x50, 0xf9, 0xa9, 0x88, 0x8d, 0x00, 0x20, 0xa0, 0xe3, 0x24, 0x00, 0x88,
  0xd0, 0xfb, 0xa9, 0x00, 0x8d, 0x05, 0x20, 0x2c, 0x02, 0x20, 0xad, 0x33,
  0x05, 0x18, 0x6d, 0x34, 0x05, 0x8d, 0x34, 0x05, 0x2d, 0x33, 0x05, 0x10,
  0x08, 0xa9, 0x00, 0x8d, 0x34, 0x05, 0x8d, 0x33, 0x05, 0xad, 0x33, 0x05,
  0x30, 0x07, 0xad, 0x34, 0x05, 0xc9, 0x30, 0xb0, 0x03, 0x4c, 0xeb, 0xe7,
  0x4c, 0x03, 0xc6, 0xa9, 0xff, 0x8d, 0x04, 0x02, 0xa6, 0x3c, 0xbd, 0x21,
  0xed, 0x48, 0xbd, 0x20, 0xed, 0x48, 0x60, 0xa4, 0x59, 0xc0, 0xff, 0xf0,
  0x0b, 0xe6, 0x59, 0xb9, 0x24, 0xee, 0xd0, 0x30, 0xa9, 0xff, 0x85, 0x59,
  0xa4, 0x5a, 0xe6, 0x5a, 0xb9, 0x80, 0x01, 0xd0, 0x07, 0x85, 0x58, 0xa9,
  0x02, 0x85, 0x3c, 0x60, 0xc9, 0x0c, 0xf0, 0xf7, 0xc9, 0x0a, 0xd0, 0x10,
  0xa5, 0x5b, 0x29, 0xe0, 0x18, 0x69, 0x22, 0x85, 0x5b, 0x90, 0x02, 0xe6,
  0x5c, 0x4c, 0xcd, 0xe9, 0xc9, 0x24, 0xf0, 0x1f, 0xae, 0x03, 0x03, 0x9d,
  0x03, 0x01, 0xa5, 0x5c, 0x9d, 0x00, 0x01, 0xa5, 0x5b, 0xe6, 0x5b, 0x9d,
  0x01, 0x01, 0xa9, 0x00, 0x9d, 0x02, 0x01, 0x8a, 0x18, 0x69, 0x04, 0x8d,
  0x03, 0x03, 0x60, 0xc8, 0xb9, 0x80, 0x01, 0xe6, 0x5a, 0x20, 0xea, 0xe9,
  0x18, 0xaa, 0xbd, 0x16, 0xee, 0x85, 0x59, 0x4c, 0xd7, 0xe8, 0xa5, 0x30,
  0x29, 0x18, 0xf0, 0x05, 0xa9, 0xb7, 0x8d, 0x04, 0x02, 0xa5, 0x3f, 0xf0,
  0x06, 0xa5, 0x61, 0x29, 0x40, 0xd0, 0x06, 0xa9, 0x80, 0x25, 0x36, 0xf0,
  0x09, 0xa5, 0x58, 0xd0, 0x06, 0xa9, 0x04, 0x8d, 0x33, 0x05, 0x60, 0x20,
  0x52, 0xe7, 0xa0, 0x00, 0xb1, 0x57, 0xe6, 0x57, 0xd0, 0x02, 0xe6, 0x58,
  0x20, 0xea, 0xe9, 0xc9, 0x0e, 0x90, 0x03, 0xa9, 0x0d, 0x18, 0xaa, 0xa9,
  0x24, 0x7d, 0x16, 0xee, 0x85, 0x00, 0xa9, 0xee, 0x69, 0x00, 0x85, 0x01,
  0xae, 0x03, 0x03, 0xa9, 0x22, 0x9d, 0x00, 0x01, 0x85, 0x5c, 0xa9, 0x81,
  0x9d, 0x01, 0x01, 0xa9, 0xa2, 0x85, 0x5b, 0xa9, 0x3c, 0x9d, 0x03, 0x01,
  0xa0, 0x00, 0xb1, 0x00, 0xf0, 0x07, 0x9d, 0x04, 0x01, 0xe8, 0xc8, 0xd0,
  0xf5, 0xa9, 0x3e, 0x9d, 0x04, 0x01, 0x8a, 0x18, 0x69, 0x05, 0xae, 0x03,
  0x03, 0x8d, 0x03, 0x03, 0xc8, 0x98, 0x9d, 0x02, 0x01, 0xa9, 0x00, 0x85,
  0x3c, 0xa5, 0x57, 0x85, 0x00, 0xa5, 0x58, 0x85, 0x01, 0x20, 0x10, 0xc3,
  0x18, 0x65, 0x00, 0x85, 0x57, 0xa9, 0x00, 0x85, 0x5a, 0x65, 0x01, 0x85,
  0x58, 0xa9, 0xff, 0x85, 0x59, 0x60, 0x38, 0xe9, 0x41, 0xc9, 0x17, 0x90,
  0x06, 0xe9, 0x17, 0xa8, 0xb9, 0x35, 0x05, 0x60, 0xa0, 0x06, 0x20, 0xf2,
  0xc0, 0xa5, 0x46, 0x85, 0x03, 0xe0, 0x00, 0xf0, 0x0a, 0x20, 0x6d, 0xea,
  0xaa, 0xbd, 0x81, 0xee, 0x8d, 0x35, 0x05, 0x20, 0x6d, 0xea, 0xaa, 0xbd,
  0x84, 0xee, 0xcd, 0x35, 0x05, 0xd0, 0x15, 0xa0, 0x01, 0x20, 0xf2, 0xc0,
  0xa5, 0x46, 0x4a, 0x8a, 0x69, 0x01, 0xc9, 0x03, 0x90, 0x02, 0xe9, 0x03,
  0xaa, 0xbd, 0x84, 0xee, 0x8d, 0x37, 0x05, 0xa0, 0x02, 0x20, 0xf2, 0xc0,
  0xa9, 0x03, 0x25, 0x46, 0xaa, 0xbd, 0x87, 0xee, 0x8d, 0x36, 0x05, 0xcd,
  0x35, 0x05, 0xf0, 0x1a, 0xa8, 0xb9, 0x75, 0xee, 0xac, 0x37, 0x05, 0x59,
  0x75, 0xee, 0x30, 0x18, 0xac, 0x37, 0x05, 0xb9, 0x75, 0xee, 0xac, 0x35,
  0x05, 0x59, 0x75, 0xee, 0x30, 0x0a, 0x8a, 0x49, 0x01, 0xaa, 0xbd, 0x87,
  0xee, 0x8d, 0x36, 0x05, 0x60, 0xa5, 0x03, 0x29, 0x3f, 0x85, 0x03, 0x06,
  0x03, 0x65, 0x03, 0x85, 0x03, 0x29, 0xc0, 0x0a, 0x2a, 0x2a, 0x60, 0xff,
  0x50, 0x41, 0x55, 0x53, 0x45, 0xb1, 0xcd, 0xb2, 0xcd, 0x0e, 0xce, 0x71,
  0xce, 0xc0, 0xce, 0xff, 0xce, 0x7f, 0xcf, 0xc9, 0xcf, 0x00, 0x01, 0x02,
  0x03, 0x04, 0x02, 0x09, 0x0b, 0x00, 0x01, 0x0a, 0x08, 0x03, 0x04, 0x07,
  0x06, 0x05, 0x10, 0x0a, 0x32, 0x00, 0x01, 0x01, 0x02, 0x02, 0x11, 0x0f,
  0x2d, 0x00, 0x02, 0x02, 0x03, 0x03, 0x12, 0x14, 0x28, 0x00, 0x02, 0x03,
  0x04, 0x08, 0x13, 0x19, 0x25, 0x00, 0x03, 0x04, 0x04, 0x09, 0x14, 0x1e,
  0x23, 0x00, 0x03, 0x04, 0x05, 0x09, 0x14, 0x14, 0x1e, 0x00, 0x08, 0x03,
  0x04, 0x08, 0x15, 0x19, 0x19, 0x00, 0x09, 0x03, 0x04, 0x08, 0x16, 0x1e,
  0x14, 0x00, 0x09, 0x04, 0x04, 0x08, 0x40, 0x0f, 0x1e, 0x00, 0x01, 0x01,
  0x02, 0x02, 0x18, 0x1e, 0x19, 0x00, 0x04, 0x04, 0x09, 0x09, 0x19, 0x1e,
  0x14, 0x00, 0x04, 0x08, 0x08, 0x08, 0x1a, 0x1e, 0x19, 0x00, 0x03, 0x03,
  0x04, 0x08, 0x1c, 0x1e, 0x19, 0x00, 0x03, 0x04, 0x04, 0x08, 0x1d, 0x20,
  0x19, 0x00, 0x03, 0x04, 0x05, 0x08, 0x1e, 0x20, 0x19, 0x00, 0x09, 0x04,
  0x05, 0x08, 0x2c, 0x22, 0x14, 0x00, 0x08, 0x08, 0x08, 0x09, 0x20, 0x1e,
  0x18, 0x00, 0x09, 0x03, 0x04, 0x09, 0x40, 0x14, 0x1e, 0x00, 0x01, 0x01,
  0x02, 0x02, 0x21, 0x1c, 0x17, 0x00, 0x08, 0x03, 0x05, 0x08, 0x22, 0x23,
  0x16, 0x00, 0x09, 0x04, 0x05, 0x08, 0x34, 0x24, 0x12, 0x00, 0x08, 0x08,
  0x08, 0x09, 0x22, 0x19, 0x16, 0x00, 0x09, 0x04, 0x05, 0x09, 0x23, 0x19,
  0x15, 0x00, 0x08, 0x04, 0x05, 0x08, 0x24, 0x1e, 0x15, 0x00, 0x09, 0x04,
  0x05, 0x09, 0x25, 0x23, 0x14, 0x00, 0x09, 0x04, 0x05, 0x08, 0x3a, 0x26,
  0x10, 0x00, 0x08, 0x08, 0x08, 0x09, 0x23, 0x1e, 0x14, 0x00, 0x09, 0x04,
  0x05, 0x09, 0x24, 0x1e, 0x14, 0x00, 0x08, 0x04, 0x05, 0x08, 0x48, 0x14,
  0x1e, 0x00, 0x01, 0x02, 0x02, 0x09, 0x26, 0x23, 0x14, 0x00, 0x09, 0x04,
  0x05, 0x08, 0x40, 0x28, 0x0f, 0x00, 0x08, 0x08, 0x08, 0x09, 0x25, 0x1e,
  0x14, 0x00, 0x09, 0x04, 0x05, 0x09, 0x26, 0x1e, 0x14, 0x00, 0x08, 0x04,
  0x05, 0x08, 0x27, 0x1e, 0x14, 0x00, 0x09, 0x04, 0x05, 0x09, 0x28, 0x23,
  0x14, 0x00, 0x09, 0x04, 0x05, 0x08, 0x05, 0x06, 0x07, 0x08, 0x09, 0x0c,
  0x0a, 0x00, 0x00, 0x00, 0x00, 0x00, 0x00, 0x00, 0x00, 0x0e, 0x00, 0x00,
  0x00, 0x00, 0x00, 0x00, 0x00, 0x00, 0x00, 0x00, 0x00, 0x00, 0x00, 0x00,
  0x00, 0x00, 0x00, 0x00, 0x00, 0x02, 0x04, 0x07, 0x0a, 0x0c, 0x0e, 0x10,
  0x12, 0x14, 0x17, 0x1a, 0x1c, 0x80, 0x82, 0x88, 0x84, 0x86, 0x80, 0x82,
  0x84, 0x86, 0x8a, 0x80, 0x82, 0xa6, 0xae, 0xa7, 0xae, 0xa9, 0xa7, 0xa9,
  0xab, 0xa4, 0xa6, 0xa2, 0xa1, 0xc0, 0xa2, 0xa5, 0xa6, 0xce, 0xa7, 0xce,
  0xcd, 0xa5, 0xa0, 0xa6, 0xcf, 0xa3, 0xaa, 0xa4, 0xca, 0xa5, 0x0f, 0x1d,
  0x16, 0x01, 0x05, 0x04, 0x09, 0x08, 0x0b, 0x1a, 0x12, 0x06, 0x13, 0x1e,
  0x1b, 0x0a, 0x19, 0x00, 0x1f, 0x17, 0x03, 0x1c, 0x10, 0x0c, 0x0f, 0x00,
  0x10, 0x20, 0x0f, 0x17, 0x16, 0x20, 0x0f, 0x17, 0x2a, 0x20, 0x0f, 0x17,
  0x12, 0x20, 0x0f, 0x12, 0x22, 0x00, 0x0f, 0x16, 0x27, 0x38, 0x0f, 0x16,
  0x1a, 0x26, 0x0f, 0x00, 0x12, 0x26, 0x07, 0x0f, 0x0e, 0x0d, 0x0c, 0x0b,
  0x0a, 0x09, 0x08, 0x09, 0x0a, 0x0b, 0x0c, 0x0d, 0x0e, 0x0f, 0x00, 0x40,
  0xc0, 0x80, 0x06, 0x06, 0x01, 0x01, 0x06, 0x40, 0xc0, 0x00, 0x00, 0x00,
  0x00, 0x01, 0x01, 0x01, 0x01, 0x02, 0x02, 0x02, 0x02, 0x02, 0x03, 0x03,
  0x03, 0x03, 0x03, 0x03, 0x04, 0x04, 0x04, 0x04, 0x05, 0x05, 0x05, 0x05,
  0xff, 0x00, 0x00, 0x00, 0x01, 0x01, 0x01, 0x01, 0x02, 0x02, 0x02, 0x02,
  0x03, 0x03, 0x03, 0x03, 0x03, 0x04, 0x04, 0x04, 0x04, 0x05, 0x05, 0x05,
  0xff, 0x20, 0x22, 0x24, 0x26, 0x28, 0x2a, 0x01, 0x02, 0x03, 0x03, 0x03,
  0x03, 0x18, 0x40, 0x64, 0x90, 0x90, 0x90, 0x00, 0x01, 0x04, 0x09, 0x10,
  0x19, 0x24, 0x31, 0x40, 0x51, 0x64, 0x79, 0x90, 0xa9, 0xc4, 0xe1, 0x00,
  0x00, 0x0a, 0x0f, 0x00, 0x10, 0x20, 0x0f, 0x17, 0x16, 0x20, 0x0f, 0x17,
  0x2a, 0x20, 0x0f, 0x17, 0x12, 0x20, 0x0f, 0x00, 0x10, 0x30, 0x0f, 0x16,
  0x27, 0x38, 0x0f, 0x00, 0x10, 0x13, 0x0f, 0x0f, 0x0f, 0x0f, 0x5c, 0x8c,
  0x21, 0x28, 0x01, 0xf1, 0x21, 0x2a, 0x01, 0xf2, 0x21, 0x33, 0x01, 0xf1,
  0x21, 0x48, 0x02, 0xdc, 0x21, 0x68, 0x02, 0xec, 0x21, 0x88, 0x02, 0xfc,
  0x21, 0x4a, 0x0d, 0xd3, 0x21, 0x6a, 0x0d, 0xe3, 0x21, 0x8a, 0x0d, 0xf3,
  0x22, 0x4d, 0x05, 0x62, 0x22, 0x6d, 0x05, 0x72, 0x22, 0x8d, 0x06, 0x62,
  0x22, 0xad, 0x06, 0x72, 0x22, 0xcc, 0x06, 0x6a, 0x22, 0xec, 0x06, 0x7a,
  0xd6, 0xe8, 0x45, 0xe9, 0x6a, 0xe9, 0x6d, 0xe9, 0x10, 0x18, 0x28, 0x58,
  0x68, 0x78, 0x88, 0x98, 0xa8, 0xd8, 0xe8, 0xf0, 0x22, 0x61, 0x40, 0xb0,
  0x22, 0x62, 0x5b, 0xb8, 0x22, 0x7e, 0x40, 0xb1, 0x23, 0x01, 0x40, 0xb6,
  0x23, 0x02, 0x5b, 0xbb, 0x23, 0x1e, 0x40, 0xb7, 0x22, 0x80, 0x83, 0xb2,
  0xb9, 0xb9, 0xb4, 0x22, 0x9f, 0x83, 0xb3, 0xba, 0xba, 0xb5, 0x21, 0xac,
  0x82, 0xf4, 0xf4, 0xf6, 0x21, 0xad, 0x82, 0xf5, 0xf5, 0xf7, 0x21, 0xb2,
  0x82, 0xf4, 0xf4, 0xf6, 0x21, 0xb3, 0x82, 0xf5, 0xf5, 0xf7, 0x25, 0xac,
  0x82, 0xf4, 0xf4, 0xf6, 0x25, 0xad, 0x82, 0xf5, 0xf5, 0xf7, 0x25, 0xb2,
  0x82, 0xf4, 0xf4, 0xf6, 0x25, 0xb3, 0x82, 0xf5, 0xf5, 0xf7, 0xf0, 0xc0,
  0xf0, 0xd0, 0xf0, 0xe0, 0xf0, 0xf0, 0xe0, 0xc4, 0xf0, 0xd4, 0xf0, 0xe4,
  0xf0, 0xfc, 0xf0, 0xc8, 0xf0, 0xd8, 0xf0, 0xe8, 0xf0, 0xf8, 0x70, 0xcc,
  0xf0, 0xdc, 0xf0, 0xec, 0xf0, 0xfc, 0xf0, 0x80, 0xf0, 0x90, 0xf0, 0xa0,
  0xf0, 0xb0, 0x60, 0x84, 0xf0, 0x94, 0xf0, 0xa4, 0xf0, 0xb4, 0x00, 0x00,
  0x00, 0x00, 0xf0, 0xb8, 0xf0, 0xbc, 0x7e, 0x01, 0x21, 0xf8, 0xff, 0x56,
  0x02, 0xe8, 0x76, 0x55, 0x01, 0xf0, 0x6e, 0x54, 0x01, 0xf0, 0x66, 0x55,
  0x81, 0xf0, 0x5f, 0x52, 0x20, 0xe8, 0x5f, 0x53, 0x20, 0xf0, 0x5f, 0x52,
  0x60, 0xf8, 0x57, 0x50, 0x20, 0xe8, 0x57, 0x51, 0x20, 0xf0, 0x57, 0x50,
  0x60, 0xf8, 0x4f, 0x50, 0x20, 0xec, 0x4f, 0x50, 0x60, 0xf4, 0x22, 0x18,
  0x2a, 0x0f, 0x22, 0x20, 0x16, 0x08, 0x22, 0x20, 0x2a, 0x08, 0x22, 0x20,
  0x12, 0x08, 0x22, 0x1a, 0x2a, 0x26, 0x22, 0x17, 0x27, 0x26, 0x22, 0x16,
  0x12, 0x26, 0x22, 0x00, 0x10, 0x26, 0x00, 0x05, 0x09, 0x0d, 0x12, 0x19,
  0x20, 0x26, 0x2b, 0x32, 0x39, 0x3e, 0x45, 0x4c, 0x54, 0x1f, 0x64, 0x61,
  0x00, 0x4d, 0x65, 0x67, 0x00, 0x4d, 0x1f, 0x6f, 0x00, 0x49, 0x73, 0x63,
  0x61, 0x00, 0x47, 0x6e, 0x69, 0x76, 0x61, 0x64, 0x00, 0x4a, 0x75, 0x73,
  0x74, 0x69, 0x6e, 0x00, 0x42, 0x72, 0x69, 0x61, 0x72, 0x00, 0x41, 0x63,
  0x68, 0x61, 0x00, 0x54, 0x6f, 0x72, 0x62, 0x65, 0x6e, 0x00, 0x53, 0x74,
  0x61, 0x69, 0x73, 0x79, 0x00, 0x54, 0x68, 0x61, 0x64, 0x00, 0x4f, 0x6c,
  0x69, 0x76, 0x65, 0x72, 0x00, 0x4c, 0x2e, 0x54, 0x2e, 0x44, 0x2e, 0x00,
  0x50, 0x69, 0x6e, 0x6f, 0x00, 0x80, 0x80, 0x00, 0x80, 0x00, 0x00, 0x80,
  0x80, 0x00, 0x80, 0x00, 0x00, 0x00, 0x06, 0x08, 0x01, 0x05, 0x0a, 0x03,
  0x04, 0x07, 0x0b, 0x65, 0x20, 0x74, 0x20, 0x74, 0x68, 0x69, 0x6e, 0x6f,
  0x75, 0x73, 0x20, 0x20, 0x20, 0x61, 0x6e, 0x64, 0x20, 0x6f, 0x6e, 0x72,
  0x65, 0x6f, 0x20, 0x72, 0x20, 0x83, 0x67, 0x20, 0x73, 0x69, 0x74, 0x79,
  0x20, 0x2c, 0x20, 0x6f, 0x6d, 0x49, 0x20, 0x6f, 0x77, 0x68, 0x61, 0x79,
  0x84, 0x65, 0x6e, 0x20, 0x82, 0x65, 0x72, 0x65, 0x73, 0x27, 0x85, 0x73,
  0x65, 0x74, 0x65, 0x8d, 0x20, 0x62, 0x65, 0x69, 0x73, 0x6c, 0x69, 0x6c,
  0x6c, 0x6f, 0x72, 0x77, 0x61, 0x61, 0x81, 0x6f, 0x6f, 0x74, 0x8b, 0x82,
  0x80, 0x49, 0x27, 0x54, 0x68, 0x61, 0x74, 0x61, 0x79, 0x67, 0x68, 0x74,
  0x72, 0x20, 0x6d, 0x27, 0x81, 0x61, 0x63, 0x65, 0x2e, 0x68, 0x84, 0x6f,
  0x8c, 0x70, 0x6c, 0x86, 0x86, 0x87, 0x88, 0x20, 0x61, 0x64, 0x65, 0x69,
  0x63, 0x69, 0xad, 0x6f, 0x66, 0x72, 0x80, 0x73, 0x1f, 0x76, 0x80, 0x77,
  0x69, 0x97, 0x20, 0x61, 0x20, 0x65, 0x6c, 0x65, 0x76, 0x69, 0x6d, 0x69,
  0x81, 0x74, 0x2e, 0x74, 0x61, 0x75, 0x73, 0x82, 0x65, 0x20, 0x77, 0x61,
  0x6d, 0x62, 0x75, 0x63, 0x87, 0x65, 0x81, 0x6b, 0x6e, 0x75, 0x70, 0xa0,
  0xbe, 0x2e, 0x2e, 0x62, 0x80, 0x63, 0x92, 0x66, 0xb4, 0x68, 0x94, 0x69,
  0x85, 0x6b, 0x20, 0x6b, 0x80, 0x6e, 0x88, 0x73, 0x2e, 0x74, 0x9b, 0x81,
  0x6d, 0x89, 0x80, 0x89, 0xb0, 0x92, 0x65, 0x94, 0x6e, 0x96, 0x20, 0xb3,
  0x9c, 0xc0, 0x82, 0xd0, 0x94, 0x1f, 0x6c, 0x2e, 0x20, 0x61, 0x73, 0x61,
  0x8c, 0x62, 0x6f, 0x62, 0x84, 0x64, 0x2e, 0x65, 0x65, 0x66, 0x69, 0x6f,
  0x73, 0x6f, 0x81, 0x77, 0xa3, 0x82, 0x8d, 0x84, 0x6c, 0x90, 0x64, 0x91,
  0x24, 0x95, 0x81, 0x96, 0x8c, 0x98, 0x65, 0xa4, 0x8f, 0xa9, 0x6d, 0xbc,
  0x20, 0x2a, 0x20, 0x3a, 0x20, 0x41, 0xdb, 0xab, 0xef, 0x01, 0xf0, 0x52,
  0xf0, 0x9e, 0xf0, 0x2c, 0xf1, 0xdd, 0xf1, 0x4a, 0xf2, 0xb6, 0xf2, 0xc1,
  0xf2, 0xcb, 0xf2, 0x05, 0xf3, 0xa1, 0xf3, 0x2e, 0xf4, 0xc6, 0xf4, 0xd1,
  0xf4, 0x15, 0xf7, 0x58, 0x59, 0x5a, 0x4e, 0x5a, 0x4f, 0x4b, 0x91, 0x6c,
  0xe9, 0x81, 0x6e, 0xbb, 0x74, 0x91, 0x77, 0xf7, 0x95, 0x70, 0x70, 0x97,
  0x3f, 0x0c, 0x58, 0x53, 0xe1, 0xeb, 0x64, 0x79, 0x8e, 0xcf, 0xd1, 0x20,
  0x75, 0x85, 0xa8, 0x62, 0x92, 0x62, 0x2e, 0x0c, 0x59, 0x93, 0x89, 0x6c,
  0x90, 0x77, 0xa0, 0x68, 0xcb, 0x80, 0x67, 0xcf, 0x73, 0x69, 0x67, 0x6e,
  0x61, 0x6c, 0x2e, 0x0c, 0x58, 0xfb, 0x20, 0x6a, 0xc9, 0x81, 0x67, 0x6c,
  0x61, 0x88, 0x6e, 0xdf, 0xbc, 0x98, 0x6f, 0x9c, 0x0a, 0x6d, 0xd2, 0x65,
  0x85, 0x68, 0x8f, 0x2e, 0x00, 0x58, 0x59, 0x5a, 0x4e, 0x59, 0x24, 0x43,
  0x20, 0xb7, 0x24, 0x4a, 0xb8, 0xbd, 0x64, 0x6f, 0x8d, 0x0a, 0xc2, 0x67,
  0x8a, 0xa5, 0x6a, 0x6f, 0x62, 0x2e, 0x0c, 0x58, 0xaa, 0x65, 0x79, 0x27,
  0x88, 0x9f, 0x74, 0x74, 0x99, 0x2e, 0x0a, 0x42, 0x65, 0x63, 0x61, 0xc9,
  0x80, 0x69, 0x66, 0x20, 0xdf, 0xbc, 0x98, 0x6f, 0x9c, 0x0a, 0x6c, 0x87,
  0x64, 0x85, 0x89, 0xaf, 0x90, 0xe4, 0xd3, 0x2e, 0x0c, 0x5a, 0xaa, 0xc1,
  0xe3, 0xce, 0x20, 0xd5, 0x80, 0xa1, 0x76, 0x65, 0x0a, 0xe5, 0xaf, 0x65,
  0x21, 0x00, 0x58, 0x59, 0x5a, 0x4e, 0x5a, 0x49, 0xdd, 0xa1, 0xda, 0x77,
  0x80, 0x67, 0xcf, 0xc2, 0xef, 0x8a, 0xf2, 0x6b, 0x73, 0x0a, 0x73, 0xd7,
  0x20, 0xc4, 0x99, 0x90, 0x6e, 0xbb, 0x74, 0x21, 0x86, 0x57, 0x80, 0x64,
  0x89, 0x27, 0x74, 0x0a, 0xc4, 0xc1, 0x95, 0xbf, 0xa7, 0xa4, 0xc6, 0xd6,
  0x4a, 0x75, 0x6c, 0x79, 0x2e, 0x0c, 0x58, 0x43, 0xa6, 0x6c, 0x20, 0x8f,
  0xf6, 0x5a, 0x2e, 0x0a, 0x49, 0xdd, 0x6e, 0xf1, 0x66, 0x75, 0x6e, 0x20,
  0xb7, 0x67, 0xcc, 0x9a, 0x2e, 0x00, 0x58, 0x59, 0x5a, 0x4e, 0x5a, 0x4c,
  0xe9, 0x81, 0x6e, 0xbb, 0xdd, 0x73, 0xd7, 0x20, 0xa4, 0x85, 0xc4, 0x97,
  0x0a, 0x6d, 0xa3, 0x80, 0xc5, 0x70, 0x8a, 0x73, 0x73, 0x69, 0x76, 0x65,
  0x21, 0x0c, 0x59, 0x59, 0x84, 0x20, 0xe6, 0xcb, 0x95, 0x74, 0xf6, 0x5a,
  0x3f, 0x0a, 0xfb, 0x8e, 0xc8, 0x72, 0x74, 0x9e, 0xa7, 0x82, 0x83, 0x6b,
  0x0a, 0x96, 0x27, 0xbd, 0x72, 0xbb, 0xc7, 0x0c, 0x59, 0x42, 0x65, 0x63,
  0x61, 0xc9, 0x80, 0x69, 0x66, 0x20, 0xc6, 0x77, 0x65, 0x8a, 0x6e, 0xb0,
  0x6a, 0xc9, 0x74, 0x0a, 0x61, 0x8e, 0xd7, 0x2c, 0x8e, 0xe1, 0x82, 0x9e,
  0x77, 0xf4, 0x64, 0x0a, 0x95, 0xbf, 0x9f, 0xc1, 0x62, 0x6c, 0xe2, 0x20,
  0xd1, 0x20, 0x62, 0x90, 0x6e, 0x94, 0x2e, 0x0c, 0x58, 0x93, 0x64, 0xe0,
  0xe6, 0x91, 0xcd, 0x81, 0xc6, 0x6d, 0x61, 0x6b, 0x9a, 0x0a, 0x6d, 0x80,
  0x73, 0x8b, 0x6e, 0x99, 0x76, 0x84, 0x85, 0x93, 0xce, 0xb0, 0x73, 0x6c,
  0xee, 0x70, 0x2e, 0x00, 0x58, 0x59, 0x5a, 0x4e, 0x5a, 0x93, 0x82, 0x83,
  0xd9, 0xa9, 0xa2, 0x20, 0x67, 0x8b, 0x83, 0x20, 0xb7, 0x9d, 0xa2, 0x0a,
  0xca, 0x6d, 0xcb, 0xf7, 0xc2, 0x67, 0x8a, 0xa5, 0x73, 0xd7, 0x21, 0x0c,
  0x59, 0x44, 0xe0, 0xeb, 0x82, 0x99, 0x3b, 0x20, 0x8f, 0x9b, 0x70, 0x72,
  0x6f, 0x62, 0x61, 0x62, 0x6c, 0x79, 0x0a, 0x73, 0x63, 0x72, 0x69, 0x70,
  0x9d, 0xed, 0x86, 0x41, 0xaf, 0xb1, 0x68, 0x83, 0x80, 0x61, 0xc5, 0x73,
  0x0a, 0xa8, 0x73, 0x68, 0x65, 0xa2, 0x85, 0x89, 0x8e, 0xcf, 0x70, 0x61,
  0x82, 0xdc, 0x0c, 0x59, 0xff, 0xc4, 0xc1, 0x69, 0x66, 0xf9, 0xf5, 0x69,
  0x88, 0x68, 0xc6, 0xca, 0x0a, 0x67, 0x72, 0x84, 0x6e, 0x64, 0x91, 0x77,
  0x68, 0xba, 0x68, 0xcb, 0xe0, 0x95, 0x70, 0x70, 0x97, 0x2c, 0x0c, 0x59,
  0x93, 0x9f, 0x81, 0xca, 0x90, 0x77, 0xf4, 0x64, 0x6e, 0x27, 0x74, 0x0a,
  0xb1, 0x74, 0x75, 0x61, 0xa2, 0xf5, 0x8b, 0x87, 0x79, 0xf3, 0x2e, 0x0c,
  0x58, 0x4b, 0xee, 0x70, 0x8e, 0xac, 0x8d, 0x98, 0xa5, 0x87, 0x64, 0x0a,
  0xca, 0x8a, 0x27, 0xa2, 0x20, 0x63, 0x99, 0xc8, 0x83, 0x6c, 0x79, 0x0a,
  0xd4, 0xc2, 0x63, 0x61, 0x54, 0x41, 0x53, 0xae, 0x6f, 0x70, 0x68, 0xb2,
  0x00, 0x58, 0x59, 0x5a, 0x4e, 0x58, 0x49, 0x8e, 0x74, 0xe7, 0x98, 0x83,
  0x6b, 0x98, 0x80, 0x82, 0x8a, 0xa5, 0xa0, 0x0a, 0x8a, 0x61, 0x6c, 0x91,
  0xcd, 0x81, 0x6e, 0x8b, 0xdf, 0x9f, 0xa1, 0xc4, 0x65, 0x85, 0x6d, 0xb2,
  0x0c, 0x58, 0x45, 0x76, 0x99, 0x79, 0xdf, 0xc3, 0x73, 0x80, 0x83, 0x20,
  0x74, 0xe2, 0x20, 0x95, 0x73, 0x0a, 0xec, 0xad, 0x81, 0x83, 0xa7, 0x24,
  0x59, 0x9b, 0xca, 0xa3, 0x79, 0x0c, 0x58, 0x82, 0xa5, 0x8f, 0x9b, 0x61,
  0xa2, 0xb8, 0x8e, 0xd7, 0x20, 0x87, 0x64, 0x0a, 0x6e, 0x8b, 0xdf, 0xd8,
  0x83, 0x20, 0x87, 0xf5, 0x87, 0x67, 0x99, 0x2e, 0x0c, 0x5a, 0xaa, 0x65,
  0x79, 0x27, 0xbd, 0x66, 0x87, 0x2d, 0x54, 0x41, 0x53, 0x2d, 0x74, 0xba,
  0x21, 0x00, 0x58, 0x59, 0x5a, 0x4e, 0x5a, 0x41, 0x77, 0x77, 0xaf, 0x87,
  0x91, 0x6e, 0x8b, 0x6d, 0xa3, 0x80, 0xef, 0x8a, 0xf2, 0x6b, 0x73, 0x21,
  0x0c, 0x58, 0x4d, 0x90, 0xa1, 0x66, 0x80, 0xd8, 0x61, 0x8e, 0x9d, 0xcc,
  0x9e, 0x70, 0x1f, 0x65, 0x0a, 0xfc, 0x9d, 0x63, 0x68, 0x20, 0xb9, 0x6d,
  0x6f, 0x2e, 0x0c, 0x4e, 0x49, 0xdd, 0x61, 0x8e, 0x65, 0x63, 0x8a, 0x81,
  0xa7, 0xc4, 0x99, 0x79, 0xeb, 0x64, 0x79, 0x2e, 0x0c, 0x4e, 0xaa, 0x87,
  0xd9, 0xe3, 0xd6, 0x54, 0x41, 0x53, 0x9e, 0xaa, 0xfa, 0xb2, 0x0a, 0x46,
  0x65, 0xc3, 0x20, 0x66, 0x8a, 0x80, 0xa7, 0xb5, 0x61, 0x90, 0x61, 0x67,
  0x61, 0x83, 0x0a, 0xa5, 0x66, 0x75, 0xa2, 0x8e, 0x70, 0xee, 0x88, 0x3a,
  0x50, 0x00, 0x58, 0x59, 0x5a, 0x4e, 0x4e, 0x55, 0x6e, 0x75, 0x9c, 0x64,
  0x00, 0x58, 0x59, 0x5a, 0x4e, 0x58, 0x4d, 0x90, 0xe4, 0x21, 0x00, 0x58,
  0x59, 0x5a, 0x4e, 0x58, 0x4f, 0x75, 0x8c, 0xb3, 0x73, 0x9a, 0x21, 0x20,
  0x52, 0x75, 0x83, 0x65, 0x64, 0x21, 0x0c, 0x5a, 0x49, 0x66, 0xcb, 0x80,
  0xce, 0x20, 0x6a, 0xc9, 0x81, 0x68, 0x6f, 0x6c, 0x64, 0x0a, 0x74, 0x6f,
  0x67, 0x65, 0x82, 0x99, 0x91, 0x93, 0xe6, 0xcb, 0x80, 0xce, 0x0a, 0x67,
  0xcf, 0x82, 0x72, 0x84, 0xad, 0x98, 0xa0, 0x2e, 0x00, 0x58, 0x59, 0x5a,
  0x4e, 0x59, 0x93, 0xa4, 0x85, 0x6c, 0xa6, 0x6b, 0x9e, 0x83, 0xf9, 0x0a,
  0x77, 0x8a, 0x63, 0x6b, 0x61, 0x67, 0x80, 0xfc, 0x24, 0x58, 0x9b, 0xe4,
  0x0a, 0x77, 0x68, 0xc1, 0x93, 0x6e, 0x6f, 0x74, 0xba, 0x65, 0x88, 0x73,
  0xe1, 0xf3, 0x2e, 0x0c, 0x59, 0x4c, 0xa6, 0xd9, 0xa5, 0x82, 0xa0, 0x2e,
  0x0c, 0x5a, 0x49, 0xdd, 0x95, 0x6c, 0x66, 0xaf, 0xc3, 0x9d, 0xed, 0x0a,
  0x57, 0x95, 0xdd, 0x82, 0xa5, 0x73, 0xd1, 0x70, 0x6f, 0x9c, 0x88, 0xa7,
  0x9f, 0x3f, 0x0c, 0x59, 0xfb, 0x20, 0x6e, 0xf1, 0x73, 0x75, 0x8a, 0x2e,
  0x0a, 0xaa, 0x65, 0x8a, 0x9b, 0x73, 0x92, 0x80, 0x77, 0x72, 0x8f, 0x9e,
  0x89, 0x20, 0x8f, 0x2c, 0x0a, 0xcd, 0x81, 0x93, 0xce, 0xb0, 0x6d, 0x61,
  0xda, 0xc6, 0x84, 0xc7, 0x0c, 0x58, 0x43, 0xf4, 0x88, 0xd4, 0xc2, 0x67,
  0x75, 0x8f, 0xea, 0x70, 0xba, 0x6b, 0x2e, 0x0a, 0x53, 0xe1, 0xdf, 0x95,
  0x85, 0x61, 0x8e, 0xae, 0x87, 0x67, 0x80, 0xc8, 0x73, 0x9d, 0x0a, 0x83,
  0x8e, 0x68, 0x72, 0x61, 0x70, 0x6e, 0xc3, 0x2e, 0x00, 0x58, 0x59, 0x5a,
  0x4e, 0x59, 0x93, 0x66, 0x84, 0xdb, 0x73, 0x92, 0x80, 0xc0, 0xbd, 0x83,
  0xf9, 0x0a, 0x72, 0x75, 0x83, 0x85, 0xfc, 0xf8, 0xe4, 0xf6, 0x58, 0x2e,
  0x0c, 0x59, 0x49, 0x81, 0x6c, 0xa6, 0x6b, 0x85, 0x73, 0xa3, 0x81, 0xfc,
  0xa1, 0x6b, 0x65, 0x0a, 0x70, 0x69, 0x87, 0x8b, 0xc0, 0x8a, 0xe8, 0x44,
  0x8b, 0xe3, 0xb5, 0xac, 0x0a, 0x87, 0x20, 0x83, 0x73, 0xae, 0x75, 0x6d,
  0x97, 0x74, 0x3f, 0x0c, 0x58, 0x4e, 0x6f, 0xe8, 0x57, 0x68, 0xf5, 0x8b,
  0x96, 0xb8, 0x73, 0x6b, 0x3f, 0x0c, 0x59, 0x49, 0xde, 0xbb, 0x81, 0xd4,
  0x66, 0x72, 0x92, 0x98, 0x80, 0x6d, 0xd2, 0x65, 0x0a, 0x82, 0xa5, 0x68,
  0xc6, 0xf8, 0xe4, 0x2e, 0x0c, 0x5a, 0xa9, 0x88, 0x67, 0x8b, 0x6c, 0xa6,
  0x6b, 0xaf, 0x79, 0x9c, 0x6c, 0x66, 0x91, 0xcd, 0x74, 0x0a, 0x93, 0x6b,
  0xee, 0x70, 0x98, 0x83, 0x6b, 0x9e, 0x61, 0xec, 0xde, 0x79, 0x0a, 0x74,
  0x75, 0x6d, 0x6d, 0x79, 0x2e, 0x00, 0x58, 0x59, 0x5a, 0x4e, 0x59, 0x93,
  0x67, 0xf1, 0x62, 0xb1, 0xd9, 0x66, 0x72, 0x92, 0x98, 0x80, 0x70, 0x6f,
  0xa1, 0x63, 0x65, 0x0a, 0x73, 0x74, 0xab, 0x69, 0x89, 0xe8, 0x93, 0xa4,
  0x85, 0x6c, 0xa6, 0x6b, 0x9e, 0xab, 0x0a, 0xa8, 0xc4, 0x69, 0x64, 0x97,
  0x63, 0x65, 0x2c, 0x0c, 0x59, 0xb7, 0xfb, 0x20, 0x6e, 0xf1, 0x70, 0xf0,
  0x8f, 0x69, 0xbf, 0x8f, 0x27, 0x73, 0x0a, 0x70, 0x69, 0x87, 0x8b, 0xc0,
  0x8a, 0xe8, 0x49, 0xde, 0xbb, 0x81, 0xd4, 0x61, 0x0a, 0x67, 0x75, 0x8f,
  0xea, 0x73, 0xae, 0x8d, 0x2e, 0x0c, 0x58, 0x47, 0x75, 0x8f, 0xea, 0x70,
  0xba, 0x6b, 0x3f, 0x20, 0x47, 0x75, 0x8f, 0xea, 0x73, 0xae, 0x8d, 0x3f,
  0x0a, 0x93, 0x9f, 0x81, 0x24, 0x4d, 0x20, 0xd8, 0x9f, 0x68, 0x83, 0x88,
  0x82, 0xa0, 0x21, 0x0c, 0x58, 0x93, 0x2a, 0xd0, 0x65, 0x77, 0x2a, 0x8e,
  0xe1, 0x82, 0x9e, 0xa4, 0x85, 0xd1, 0x0a, 0xe5, 0x20, 0x68, 0xc5, 0x20,
  0x6c, 0xe9, 0x81, 0x53, 0xab, 0x75, 0x72, 0x64, 0x61, 0x90, 0x6e, 0xbb,
  0xc7, 0x00, 0x58, 0x59, 0x5a, 0x4e, 0x4e, 0x55, 0x6e, 0x75, 0x9c, 0x64,
  0x00, 0x58, 0x59, 0x5a, 0x4d, 0x58, 0x24, 0x4d, 0x21, 0x20, 0x4d, 0x90,
  0xe4, 0x21, 0x20, 0x59, 0x84, 0xd3, 0x2e, 0x0c, 0x4d, 0x4f, 0x4b, 0x91,
  0x6d, 0x87, 0x91, 0x93, 0x63, 0x89, 0x66, 0x9a, 0xdc, 0x0a, 0x93, 0x64,
  0x69, 0x88, 0x8f, 0x2e, 0x0c, 0x58, 0x53, 0x95, 0x6d, 0x80, 0x89, 0x20,
  0x96, 0x21, 0x0a, 0x59, 0x84, 0x20, 0x9f, 0x74, 0x9d, 0x8c, 0x6e, 0xc4,
  0x65, 0x8c, 0x73, 0xd7, 0x20, 0x96, 0x72, 0x0a, 0x66, 0xb1, 0x80, 0x83,
  0x98, 0xd8, 0x74, 0xe2, 0xb8, 0x67, 0x61, 0x83, 0x2e, 0x0c, 0x5a, 0x43,
  0x68, 0xe7, 0xf6, 0x58, 0xe8, 0x48, 0x65, 0xea, 0x68, 0xc5, 0x20, 0x84,
  0xc7, 0x0c, 0x4d, 0x93, 0x64, 0xe0, 0xe6, 0xcb, 0xf7, 0x63, 0xcc, 0x65,
  0x0a, 0x6f, 0x76, 0x65, 0x8c, 0x6d, 0xb2, 0x0c, 0x4d, 0x49, 0x81, 0x61,
  0xa2, 0x8e, 0xc8, 0x72, 0x9d, 0x88, 0x61, 0x66, 0x74, 0x99, 0x0a, 0x56,
  0x69, 0xb9, 0x92, 0xab, 0x69, 0x89, 0x2e, 0x0c, 0x4d, 0x50, 0x65, 0x6f,
  0xb5, 0x80, 0x64, 0x8a, 0x77, 0x98, 0x8d, 0x73, 0x91, 0xcd, 0x74, 0x0a,
  0xca, 0x90, 0x63, 0xf4, 0x64, 0x6e, 0xb0, 0x73, 0x61, 0xbf, 0xca, 0x6d,
  0x2e, 0x0c, 0x4d, 0x4f, 0x6e, 0x63, 0x80, 0x4d, 0x61, 0x72, 0x69, 0x8b,
  0x50, 0x61, 0x83, 0x81, 0x63, 0xcc, 0x80, 0x84, 0x74, 0x2c, 0x0a, 0x70,
  0x65, 0x6f, 0xb5, 0x80, 0x63, 0xf4, 0x88, 0x6d, 0x61, 0xda, 0x64, 0x72,
  0x61, 0x77, 0x8d, 0x73, 0x0a, 0xb7, 0x6d, 0xc9, 0xba, 0x20, 0xa7, 0x6c,
  0xe9, 0xc7, 0x0c, 0x4d, 0x41, 0x66, 0x9d, 0x8c, 0x82, 0xab, 0x91, 0x63,
  0x8a, 0xab, 0x69, 0x76, 0x8f, 0x79, 0x0a, 0x65, 0x78, 0xb5, 0x6f, 0xb9,
  0xed, 0x0c, 0x5a, 0x45, 0x78, 0xb5, 0x6f, 0xb9, 0x64, 0x91, 0x79, 0x65,
  0x61, 0x68, 0x91, 0xa1, 0x6b, 0x65, 0x0a, 0xa8, 0x4f, 0x20, 0x83, 0x98,
  0x80, 0x74, 0x8f, 0x6c, 0xb2, 0x0c, 0x4d, 0xaa, 0x99, 0x80, 0x61, 0xbd,
  0xf3, 0x85, 0xe3, 0x64, 0x89, 0x27, 0x74, 0x0a, 0xe6, 0xb8, 0xec, 0xde,
  0xb2, 0x0c, 0x4d, 0xa9, 0xbf, 0x9f, 0xc1, 0xb5, 0xac, 0x9e, 0xe5, 0x0a,
  0x65, 0x78, 0xb5, 0xf0, 0x69, 0x76, 0x65, 0x85, 0xd6, 0xc2, 0x6c, 0x89,
  0x67, 0x20, 0x74, 0xc5, 0xb2, 0x0c, 0x4d, 0xaa, 0x65, 0x79, 0x27, 0xbd,
  0xa1, 0xda, 0x6d, 0xc9, 0xba, 0x3a, 0xf9, 0x90, 0xce, 0x0a, 0xd4, 0x75,
  0x9c, 0x88, 0xd6, 0x67, 0xa6, 0x88, 0xb4, 0x62, 0x61, 0xed, 0x0c, 0x59,
  0x41, 0x85, 0x41, 0x6c, 0x66, 0x8a, 0x88, 0x4e, 0x6f, 0x9f, 0x6c, 0x20,
  0x66, 0x84, 0xdb, 0x84, 0x74, 0x0a, 0x73, 0x6f, 0x89, 0xb8, 0x66, 0x9d,
  0x8c, 0x68, 0x80, 0x83, 0x76, 0x97, 0x9d, 0x64, 0x0a, 0x64, 0x79, 0x6e,
  0xcc, 0x8f, 0xb2, 0x0c, 0x4d, 0x47, 0xa6, 0x88, 0xf3, 0x85, 0xa1, 0xda,
  0x62, 0x6c, 0x94, 0x9e, 0xd1, 0x0a, 0xa8, 0x77, 0x9a, 0x81, 0xb7, 0x65,
  0xe9, 0x81, 0x63, 0xa1, 0x66, 0x66, 0x73, 0x0a, 0xd6, 0x6d, 0xa3, 0x80,
  0xa1, 0x76, 0x8d, 0x8e, 0x70, 0xb1, 0xb2, 0x0c, 0x4d, 0xff, 0x62, 0x61,
  0x88, 0xf3, 0x85, 0xa1, 0x6b, 0x65, 0x0a, 0x77, 0xf7, 0x93, 0x97, 0xb9,
  0x88, 0xd1, 0x20, 0x64, 0x6f, 0x8d, 0x2e, 0x0c, 0x4d, 0xfb, 0x8e, 0xa3,
  0x72, 0x79, 0x91, 0x6d, 0x87, 0x2e, 0x0a, 0x4c, 0xcf, 0x6d, 0x80, 0x6d,
  0x61, 0xda, 0xc6, 0xd1, 0x20, 0xa7, 0x96, 0x2e, 0x0c, 0x4d, 0x46, 0x69,
  0x72, 0x73, 0x81, 0xa9, 0xa2, 0x20, 0x67, 0x69, 0xbf, 0xa8, 0x6d, 0x75,
  0x9c, 0x75, 0x6d, 0x0a, 0xc2, 0x66, 0x75, 0xa2, 0x8e, 0xcf, 0xbc, 0xaf,
  0x90, 0x62, 0xa6, 0x74, 0x6c, 0x65, 0x67, 0xdc, 0x0c, 0x4d, 0xaa, 0xc1,
  0xa9, 0xa2, 0x20, 0x68, 0xc3, 0x70, 0x20, 0xef, 0x78, 0xb8, 0xa2, 0x0a,
  0xf8, 0xb3, 0x73, 0x9a, 0x2e, 0x0c, 0x4d, 0xff, 0x61, 0xec, 0x81, 0xf8,
  0xa4, 0x73, 0x9d, 0x64, 0x0a, 0xef, 0x8a, 0xf2, 0x6b, 0x73, 0x3a, 0x0a,
  0xa9, 0xbf, 0x67, 0xf1, 0x9f, 0x74, 0x9d, 0x8c, 0x89, 0x9a, 0x2e, 0x0c,
  0x58, 0x93, 0x64, 0xe0, 0xe6, 0xd3, 0x2e, 0x0c, 0x5a, 0x43, 0x92, 0x80,
  0x89, 0xf6, 0x58, 0x2e, 0x00, 0x58, 0x59, 0x5a, 0x4e, 0x4e, 0x4d, 0x6f,
  0xbf, 0xa8, 0x63, 0x72, 0xf0, 0x73, 0x95, 0x69, 0x8c, 0xe5, 0xf9, 0x0a,
  0x43, 0x89, 0xae, 0x6f, 0x6c, 0x20, 0x50, 0x61, 0x64, 0x91, 0xb7, 0x73,
  0x68, 0xa6, 0x81, 0x61, 0x0a, 0xef, 0x8a, 0xf2, 0xd9, 0xe5, 0x20, 0x42,
  0x20, 0xb4, 0x41, 0x2e, 0x0c, 0x4e, 0xff, 0xa4, 0x74, 0x63, 0x68, 0x20,
  0xf8, 0xcc, 0x6d, 0x6f, 0x21, 0x00, 0x70, 0xf7, 0x71, 0xf7, 0x7e, 0xf7,
  0x9e, 0xf7, 0xb2, 0xf7, 0xc0, 0xf7, 0xd8, 0xf7, 0xf1, 0xf7, 0x14, 0xf8,
  0x38, 0xf8, 0x56, 0xf8, 0x74, 0xf8, 0x8f, 0xf8, 0xab, 0xf8, 0xc2, 0xf8,
  0x00, 0xb6, 0xb6, 0x20, 0x47, 0x41, 0x4d, 0x45, 0x20, 0x4f, 0x56, 0x45,
  0x52, 0x00, 0xb6, 0xb6, 0x20, 0x4e, 0xba, 0x80, 0x4a, 0x6f, 0x62, 0x21,
  0x0a, 0x4c, 0x65, 0x66, 0x74, 0x3a, 0x86, 0x2a, 0x7f, 0x86, 0x2a, 0x1d,
  0x86, 0x20, 0x42, 0x89, 0xc9, 0x3a, 0xb6, 0x30, 0x30, 0x00, 0x52, 0x65,
  0x70, 0x61, 0x69, 0x72, 0x85, 0xa7, 0xa8, 0xbe, 0x6f, 0x0a, 0x61, 0xbd,
  0xd5, 0xb5, 0x65, 0x9d, 0x2e, 0x00, 0x9b, 0xb3, 0x73, 0x80, 0x95, 0x73,
  0x0a, 0x9f, 0xc1, 0x8a, 0xcd, 0x1f, 0xc7, 0x00, 0x53, 0x68, 0xa6, 0x81,
  0x64, 0xe2, 0x20, 0x83, 0xd5, 0x9e, 0x6d, 0xd2, 0x9a, 0x0a, 0xa7, 0xb9,
  0x66, 0x97, 0x88, 0xa8, 0x74, 0xe2, 0x21, 0x00, 0x53, 0x68, 0xa6, 0x81,
  0x66, 0x72, 0x92, 0x20, 0xeb, 0x82, 0x8e, 0x1f, 0xf0, 0x3a, 0x0a, 0x70,
  0x8a, 0x73, 0x85, 0x42, 0x20, 0xb4, 0x41, 0x2e, 0x00, 0x59, 0x84, 0x20,
  0xce, 0x20, 0x64, 0x9a, 0xae, 0x6f, 0x90, 0x74, 0x77, 0x8b, 0x6d, 0xd2,
  0x9a, 0x0a, 0x62, 0x90, 0x61, 0xc5, 0x9e, 0x77, 0x68, 0x99, 0x80, 0x70,
  0x61, 0x82, 0x85, 0x63, 0x72, 0xf0, 0xdc, 0x00, 0x44, 0x9a, 0xae, 0x6f,
  0x90, 0x62, 0x61, 0xa2, 0x6f, 0x89, 0x85, 0xb7, 0x4d, 0x49, 0x52, 0x56,
  0x73, 0x0a, 0x9f, 0x66, 0xa3, 0x80, 0xca, 0xf5, 0x72, 0x6f, 0x70, 0xb8,
  0x20, 0x70, 0xac, 0x6c, 0x6f, 0x61, 0xed, 0x00, 0x53, 0x75, 0x72, 0x76,
  0x69, 0xbf, 0x75, 0x6e, 0x74, 0x1f, 0xaf, 0xa3, 0x6e, 0x9e, 0x87, 0x64,
  0x0a, 0xc2, 0xb3, 0x73, 0x80, 0x77, 0xe7, 0x20, 0xd4, 0x8a, 0xcd, 0x1f,
  0xc7, 0x00, 0x54, 0x49, 0x50, 0xfe, 0x53, 0xc8, 0x72, 0x81, 0xa5, 0xa8,
  0x74, 0x6f, 0x70, 0x0a, 0xb7, 0x70, 0x72, 0x6f, 0x67, 0x8a, 0x73, 0x85,
  0xa7, 0xa8, 0xeb, 0x74, 0x74, 0x92, 0x2e, 0x00, 0x45, 0xb1, 0x68, 0x20,
  0xb5, 0xac, 0x99, 0x9b, 0xbe, 0x8b, 0x95, 0x73, 0x0a, 0x8f, 0x85, 0xe2,
  0x8e, 0x74, 0x6f, 0x63, 0xd9, 0xfc, 0x41, 0x42, 0x4d, 0xdc, 0x00, 0x44,
  0xe0, 0xf2, 0x72, 0x90, 0x61, 0xec, 0xde, 0xd2, 0x9a, 0x0a, 0x82, 0xa5,
  0x61, 0xbd, 0x61, 0xc5, 0x65, 0x88, 0xa5, 0x77, 0x8a, 0x63, 0x6b, 0x61,
  0x67, 0xb2, 0x00, 0xe7, 0x65, 0x67, 0x61, 0x6c, 0xaf, 0xd2, 0x80, 0x63,
  0x84, 0x6e, 0x74, 0x0a, 0xe3, 0x6c, 0x1f, 0x20, 0x63, 0x68, 0x65, 0xab,
  0x99, 0x00, 0x57, 0x68, 0xc1, 0x96, 0x8e, 0x61, 0x90, 0x22, 0x82, 0xab,
  0x9b, 0x73, 0x8b, 0x67, 0xac, 0x22, 0x2c, 0x0a, 0x64, 0x8b, 0xe3, 0x8a,
  0x61, 0xa1, 0x7a, 0x80, 0x77, 0xf7, 0x96, 0x8e, 0xac, 0x3f, 0x00, 0x82,
  0xfa, 0x65, 0xfe, 0x70, 0x72, 0xb1, 0x74, 0xba, 0x65, 0x0a, 0x0a, 0x44,
  0xac, 0x3a, 0x86, 0x53, 0x20, 0x4d, 0x20, 0x54, 0x20, 0x57, 0x20, 0x52,
  0x20, 0x46, 0x20, 0x53, 0x0a, 0x0a, 0x48, 0x84, 0x72, 0xfe, 0x31, 0x20,
  0x32, 0x20, 0x33, 0x20, 0x34, 0x20, 0x35, 0x0a, 0x0a, 0x86, 0x41, 0x6d,
  0x6d, 0x6f, 0x86, 0x53, 0x70, 0xee, 0x64, 0x86, 0x44, 0xc3, 0xac, 0x0a,
  0x0a, 0x0a, 0x53, 0x69, 0xb9, 0xfe, 0x4c, 0x65, 0x66, 0x81, 0x20, 0x52,
  0xbb, 0x74, 0x0a, 0x0a, 0xb6, 0x86, 0x42, 0x6f, 0x82, 0x86, 0x32, 0x20,
  0x50, 0x6c, 0xac, 0x99, 0x73, 0x0a, 0x0a, 0x28, 0x43, 0x87, 0x63, 0xc3,
  0x29, 0x86, 0x20, 0x28, 0x50, 0x6c, 0xac, 0x29, 0x00, 0xaa, 0xfa, 0x80,
  0x30, 0x2e, 0x30, 0x34, 0x0a, 0x0a, 0x1c, 0x20, 0x32, 0x30, 0x31, 0x31,
  0x2c, 0x32, 0x30, 0x31, 0x38, 0x20, 0x44, 0xcc, 0x69, 0x87, 0x20, 0x59,
  0x45, 0x52, 0x52, 0x49, 0x43, 0x4b, 0x0a, 0x3c, 0x82, 0xfa, 0x65, 0x40,
  0x70, 0x83, 0x65, 0xbb, 0xc7, 0xd5, 0x3e, 0x0a, 0x0a, 0x43, 0xe1, 0x85,
  0xe5, 0x20, 0x41, 0x42, 0x53, 0x4f, 0x4c, 0x55, 0x54, 0x45, 0x4c, 0x59,
  0x20, 0x4e, 0x4f, 0x0a, 0x57, 0x41, 0x52, 0x52, 0x41, 0x4e, 0x54, 0x59,
  0x2e, 0x86, 0xaa, 0xd8, 0xd8, 0x66, 0x8a, 0x65, 0x0a, 0x73, 0xbc, 0x74,
  0xa4, 0x8a, 0x91, 0xb7, 0x96, 0xb8, 0x8a, 0x0a, 0x77, 0xc3, 0xd5, 0x80,
  0xa7, 0x73, 0x95, 0xbd, 0xc6, 0x75, 0x6e, 0x64, 0x99, 0x0a, 0x63, 0x99,
  0xc8, 0x83, 0x20, 0x63, 0x89, 0x64, 0x8f, 0x69, 0x89, 0xdc, 0x0a, 0x46,
  0xb4, 0xb9, 0xc8, 0x1f, 0x73, 0x2c, 0x8e, 0x65, 0x80, 0x4c, 0x49, 0x43,
  0x45, 0x4e, 0x53, 0x45, 0x2e, 0x74, 0x78, 0x74, 0x0a, 0x0a, 0x54, 0x8b,
  0x64, 0x6f, 0x3a, 0x0a, 0xfd, 0x87, 0xc5, 0xab, 0x80, 0xa8, 0x63, 0x75,
  0x81, 0x73, 0x63, 0x97, 0x9a, 0x0a, 0xfd, 0xab, 0xae, 0xb1, 0xde, 0x6f,
  0xb9, 0x0a, 0xfd, 0xae, 0xb1, 0x6b, 0xaf, 0xd2, 0x9a, 0x27, 0x8e, 0x70,
  0x61, 0x77, 0x6e, 0x20, 0x49, 0x44, 0x73, 0x0a, 0x86, 0xd6, 0x64, 0x84,
  0x62, 0x6c, 0x65, 0x2d, 0x6b, 0xe7, 0x20, 0xae, 0xb1, 0x6b, 0x8d, 0x0a,
  0xfd, 0x67, 0x69, 0x82, 0x75, 0x62, 0x2e, 0xd5, 0x2f, 0x70, 0x83, 0x6f,
  0x62, 0xab, 0x63, 0x68, 0x0a, 0x86, 0x2f, 0x82, 0xfa, 0x65, 0x2d, 0x6e,
  0x9a, 0x2f, 0xa0, 0x73, 0x75, 0x9a, 0x0a, 0x0a, 0xb6, 0x20, 0x50, 0x8a,
  0x73, 0x85, 0x53, 0xc8, 0x72, 0x81, 0x42, 0x75, 0x74, 0x74, 0x89, 0x00,
  0xff, 0xff, 0xff, 0xff, 0xff, 0xff, 0xff, 0xff, 0xff, 0xff, 0xff, 0xff,
  0xff, 0xff, 0xff, 0xff, 0xff, 0xff, 0xff, 0xff, 0xff, 0xff, 0xff, 0xff,
  0xff, 0xff, 0xff, 0xff, 0xff, 0xff, 0xff, 0xff, 0xff, 0xff, 0xff, 0xff,
  0xff, 0xff, 0xff, 0xff, 0xff, 0xff, 0xff, 0xff, 0xff, 0xff, 0xff, 0xff,
  0xff, 0xff, 0xff, 0xff, 0xff, 0xff, 0xff, 0xff, 0xff, 0xff, 0xff, 0xff,
  0xff, 0xff, 0xff, 0xff, 0xff, 0xff, 0xff, 0xff, 0xff, 0xff, 0xff, 0xff,
  0xff, 0xff, 0xff, 0xff, 0xff, 0xff, 0xff, 0xff, 0xff, 0xff, 0xff, 0xff,
  0xff, 0xff, 0xff, 0xff, 0xff, 0xff, 0xff, 0xff, 0xff, 0xff, 0xff, 0xff,
  0xff, 0xff, 0xff, 0xff, 0xff, 0xff, 0xff, 0xff, 0xff, 0xff, 0xff, 0xff,
  0xff, 0xff, 0xff, 0xff, 0xff, 0xff, 0xff, 0xff, 0xff, 0xff, 0xff, 0xff,
  0xff, 0xff, 0xff, 0xff, 0xff, 0xff, 0xff, 0xff, 0xff, 0xff, 0xff, 0xff,
  0xff, 0xff, 0xff, 0xff, 0xff, 0xff, 0xff, 0xff, 0xff, 0xff, 0xff, 0xff,
  0xff, 0xff, 0xff, 0xff, 0xff, 0xff, 0xff, 0xff, 0xff, 0xff, 0xff, 0xff,
  0xff, 0xff, 0xff, 0xff, 0xff, 0xff, 0xff, 0xff, 0xff, 0xff, 0xff, 0xff,
  0xff, 0xff, 0xff, 0xff, 0xff, 0xff, 0xff, 0xff, 0xff, 0xff, 0xff, 0xff,
  0xff, 0xff, 0xff, 0xff, 0xff, 0xff, 0xff, 0xff, 0xff, 0xff, 0xff, 0xff,
  0xff, 0xff, 0xff, 0xff, 0xff, 0xff, 0xff, 0xff, 0xff, 0xff, 0xff, 0xff,
  0xff, 0xff, 0xff, 0xff, 0xff, 0xff, 0xff, 0xff, 0xff, 0xff, 0xff, 0xff,
  0xff, 0xff, 0xff, 0xff, 0xff, 0xff, 0xff, 0xff, 0xff, 0xff, 0xff, 0xff,
  0xff, 0xff, 0xff, 0xff, 0xff, 0xff, 0xff, 0xff, 0xff, 0xff, 0xff, 0xff,
  0xff, 0xff, 0xff, 0xff, 0xff, 0xff, 0xff, 0xff, 0xff, 0xff, 0xff, 0xff,
  0xff, 0xff, 0xff, 0xff, 0xff, 0xff, 0xff, 0xff, 0xff, 0xff, 0xff, 0xff,
  0xff, 0xff, 0xff, 0xff, 0xff, 0xff, 0xff, 0xff, 0xff, 0xff, 0xff, 0xff,
  0xff, 0xff, 0xff, 0xff, 0xff, 0xff, 0xff, 0xff, 0xff, 0xff, 0xff, 0xff,
  0xff, 0xff, 0xff, 0xff, 0xff, 0xff, 0xff, 0xff, 0xff, 0xff, 0xff, 0xff,
  0xff, 0xff, 0xff, 0xff, 0xff, 0xff, 0xff, 0xff, 0xff, 0xff, 0xff, 0xff,
  0xff, 0xff, 0xff, 0xff, 0xff, 0xff, 0xff, 0xff, 0xff, 0xff, 0xff, 0xff,
  0xff, 0xff, 0xff, 0xff, 0xff, 0xff, 0xff, 0xff, 0xff, 0xff, 0xff, 0xff,
  0xff, 0xff, 0xff, 0xff, 0xff, 0xff, 0xff, 0xff, 0xff, 0xff, 0xff, 0xff,
  0xff, 0xff, 0xff, 0xff, 0xff, 0xff, 0xff, 0xff, 0xff, 0xff, 0xff, 0xff,
  0xff, 0xff, 0xff, 0xff, 0xff, 0xff, 0xff, 0xff, 0xff, 0xff, 0xff, 0xff,
  0xff, 0xff, 0xff, 0xff, 0xff, 0xff, 0xff, 0xff, 0xff, 0xff, 0xff, 0xff,
  0xff, 0xff, 0xff, 0xff, 0xff, 0xff, 0xff, 0xff, 0xff, 0xff, 0xff, 0xff,
  0xff, 0xff, 0xff, 0xff, 0xff, 0xff, 0xff, 0xff, 0xff, 0xff, 0xff, 0xff,
  0xff, 0xff, 0xff, 0xff, 0xff, 0xff, 0xff, 0xff, 0xff, 0xff, 0xff, 0xff,
  0xff, 0xff, 0xff, 0xff, 0xff, 0xff, 0xff, 0xff, 0xff, 0xff, 0xff, 0xff,
  0xff, 0xff, 0xff, 0xff, 0xff, 0xff, 0xff, 0xff, 0xff, 0xff, 0xff, 0xff,
  0xff, 0xff, 0xff, 0xff, 0xff, 0xff, 0xff, 0xff, 0xff, 0xff, 0xff, 0xff,
  0xff, 0xff, 0xff, 0xff, 0xff, 0xff, 0xff, 0xff, 0xff, 0xff, 0xff, 0xff,
  0xff, 0xff, 0xff, 0xff, 0xff, 0xff, 0xff, 0xff, 0xff, 0xff, 0xff, 0xff,
  0xff, 0xff, 0xff, 0xff, 0xff, 0xff, 0xff, 0xff, 0xff, 0xff, 0xff, 0xff,
  0xff, 0xff, 0xff, 0xff, 0xff, 0xff, 0xff, 0xff, 0xff, 0xff, 0xff, 0xff,
  0xff, 0xff, 0xff, 0xff, 0xff, 0xff, 0xff, 0xff, 0xff, 0xff, 0xff, 0xff,
  0xff, 0xff, 0xff, 0xff, 0xff, 0xff, 0xff, 0xff, 0xff, 0xff, 0xff, 0xff,
  0xff, 0xff, 0xff, 0xff, 0xff, 0xff, 0xff, 0xff, 0xff, 0xff, 0xff, 0xff,
  0xff, 0xff, 0xff, 0xff, 0xff, 0xff, 0xff, 0xff, 0xff, 0xff, 0xff, 0xff,
  0xff, 0xff, 0xff, 0xff, 0xff, 0xff, 0xff, 0xff, 0xff, 0xff, 0xff, 0xff,
  0xff, 0xff, 0xff, 0xff, 0xff, 0xff, 0xff, 0xff, 0xff, 0xff, 0xff, 0xff,
  0xff, 0xff, 0xff, 0xff, 0xff, 0xff, 0xff, 0xff, 0xff, 0xff, 0xff, 0xff,
  0xff, 0xff, 0xff, 0xff, 0xff, 0xff, 0xff, 0xff, 0xff, 0xff, 0xff, 0xff,
  0xff, 0xff, 0xff, 0xff, 0xff, 0xff, 0xff, 0xff, 0xff, 0xff, 0xff, 0xff,
  0xff, 0xff, 0xff, 0xff, 0xff, 0xff, 0xff, 0xff, 0xff, 0xff, 0xff, 0xff,
  0xff, 0xff, 0xff, 0xff, 0xff, 0xff, 0xff, 0xff, 0xff, 0xff, 0xff, 0xff,
  0xff, 0xff, 0xff, 0xff, 0xff, 0xff, 0xff, 0xff, 0xff, 0xff, 0xff, 0xff,
  0xff, 0xff, 0xff, 0xff, 0xff, 0xff, 0xff, 0xff, 0xff, 0xff, 0xff, 0xff,
  0xff, 0xff, 0xff, 0xff, 0xff, 0xff, 0xff, 0xff, 0xff, 0xff, 0xff, 0xff,
  0xff, 0xff, 0xff, 0xff, 0xff, 0xff, 0xff, 0xff, 0xff, 0xff, 0xff, 0xff,
  0xff, 0xff, 0xff, 0xff, 0xff, 0xff, 0xff, 0xff, 0xff, 0xff, 0xff, 0xff,
  0xff, 0xff, 0xff, 0xff, 0xff, 0xff, 0xff, 0xff, 0xff, 0xff, 0xff, 0xff,
  0xff, 0xff, 0xff, 0xff, 0xff, 0xff, 0xff, 0xff, 0xff, 0xff, 0xff, 0xff,
  0xff, 0xff, 0xff, 0xff, 0xff, 0xff, 0xff, 0xff, 0xff, 0xff, 0xff, 0xff,
  0xff, 0xff, 0xff, 0xff, 0xff, 0xff, 0xff, 0xff, 0xff, 0xff, 0xff, 0xff,
  0xff, 0xff, 0xff, 0xff, 0xff, 0xff, 0xff, 0xff, 0xff, 0xff, 0xff, 0xff,
  0xff, 0xff, 0xff, 0xff, 0xff, 0xff, 0xff, 0xff, 0xff, 0xff, 0xff, 0xff,
  0xff, 0xff, 0xff, 0xff, 0xff, 0xff, 0xff, 0xff, 0xff, 0xff, 0xff, 0xff,
  0xff, 0xff, 0xff, 0xff, 0xff, 0xff, 0xff, 0xff, 0xff, 0xff, 0xff, 0xff,
  0xff, 0xff, 0xff, 0xff, 0xff, 0xff, 0xff, 0xff, 0xff, 0xff, 0xff, 0xff,
  0xff, 0xff, 0xff, 0xff, 0xff, 0xff, 0xff, 0xff, 0xff, 0xff, 0xff, 0xff,
  0xff, 0xff, 0xff, 0xff, 0xff, 0xff, 0xff, 0xff, 0xff, 0xff, 0xff, 0xff,
  0xff, 0xff, 0xff, 0xff, 0xff, 0xff, 0xff, 0xff, 0xff, 0xff, 0xff, 0xff,
  0xff, 0xff, 0xff, 0xff, 0xff, 0xff, 0xff, 0xff, 0xff, 0xff, 0xff, 0xff,
  0xff, 0xff, 0xff, 0xff, 0xff, 0xff, 0xff, 0xff, 0xff, 0xff, 0xff, 0xff,
  0xff, 0xff, 0xff, 0xff, 0xff, 0xff, 0xff, 0xff, 0xff, 0xff, 0xff, 0xff,
  0xff, 0xff, 0xff, 0xff, 0xff, 0xff, 0xff, 0xff, 0xff, 0xff, 0xff, 0xff,
  0xff, 0xff, 0xff, 0xff, 0xff, 0xff, 0xff, 0xff, 0xff, 0xff, 0xff, 0xff,
  0xff, 0xff, 0xff, 0xff, 0xff, 0xff, 0xff, 0xff, 0xff, 0xff, 0xff, 0xff,
  0xff, 0xff, 0xff, 0xff, 0xff, 0xff, 0xff, 0xff, 0xff, 0xff, 0xff, 0xff,
  0xff, 0xff, 0xff, 0xff, 0xff, 0xff, 0xff, 0xff, 0xff, 0xff, 0xff, 0xff,
  0xff, 0xff, 0xff, 0xff, 0xff, 0xff, 0xff, 0xff, 0xff, 0xff, 0xff, 0xff,
  0xff, 0xff, 0xff, 0xff, 0xff, 0xff, 0xff, 0xff, 0xff, 0xff, 0xff, 0xff,
  0xff, 0xff, 0xff, 0xff, 0xff, 0xff, 0xff, 0xff, 0xff, 0xff, 0xff, 0xff,
  0xff, 0xff, 0xff, 0xff, 0xff, 0xff, 0xff, 0xff, 0xff, 0xff, 0xff, 0xff,
  0xff, 0xff, 0xff, 0xff, 0xff, 0xff, 0xff, 0xff, 0xff, 0xff, 0xff, 0xff,
  0xff, 0xff, 0xff, 0xff, 0xff, 0xff, 0xff, 0xff, 0xff, 0xff, 0xff, 0xff,
  0xff, 0xff, 0xff, 0xff, 0xff, 0xff, 0xff, 0xff, 0xff, 0xff, 0xff, 0xff,
  0xff, 0xff, 0xff, 0xff, 0xff, 0xff, 0xff, 0xff, 0xff, 0xff, 0xff, 0xff,
  0xff, 0xff, 0xff, 0xff, 0xff, 0xff, 0xff, 0xff, 0xff, 0xff, 0xff, 0xff,
  0xff, 0xff, 0xff, 0xff, 0xff, 0xff, 0xff, 0xff, 0xff, 0xff, 0xff, 0xff,
  0xff, 0xff, 0xff, 0xff, 0xff, 0xff, 0xff, 0xff, 0xff, 0xff, 0xff, 0xff,
  0xff, 0xff, 0xff, 0xff, 0xff, 0xff, 0xff, 0xff, 0xff, 0xff, 0xff, 0xff,
  0xff, 0xff, 0xff, 0xff, 0xff, 0xff, 0xff, 0xff, 0xff, 0xff, 0xff, 0xff,
  0xff, 0xff, 0xff, 0xff, 0xff, 0xff, 0xff, 0xff, 0xff, 0xff, 0xff, 0xff,
  0xff, 0xff, 0xff, 0xff, 0xff, 0xff, 0xff, 0xff, 0xff, 0xff, 0xff, 0xff,
  0xff, 0xff, 0xff, 0xff, 0xff, 0xff, 0xff, 0xff, 0xff, 0xff, 0xff, 0xff,
  0xff, 0xff, 0xff, 0xff, 0xff, 0xff, 0xff, 0xff, 0xff, 0xff, 0xff, 0xff,
  0xff, 0xff, 0xff, 0xff, 0xff, 0xff, 0xff, 0xff, 0xff, 0xff, 0xff, 0xff,
  0xff, 0xff, 0xff, 0xff, 0xff, 0xff, 0xff, 0xff, 0xff, 0xff, 0xff, 0xff,
  0xff, 0xff, 0xff, 0xff, 0xff, 0xff, 0xff, 0xff, 0xff, 0xff, 0xff, 0xff,
  0xff, 0xff, 0xff, 0xff, 0xff, 0xff, 0xff, 0xff, 0xff, 0xff, 0xff, 0xff,
  0xff, 0xff, 0xff, 0xff, 0xff, 0xff, 0xff, 0xff, 0xff, 0xff, 0xff, 0xff,
  0xff, 0xff, 0xff, 0xff, 0xff, 0xff, 0xff, 0xff, 0xff, 0xff, 0xff, 0xff,
  0xff, 0xff, 0xff, 0xff, 0xff, 0xff, 0xff, 0xff, 0xff, 0xff, 0xff, 0xff,
  0xff, 0xff, 0xff, 0xff, 0xff, 0xff, 0xff, 0xff, 0xff, 0xff, 0xff, 0xff,
  0xff, 0xff, 0xff, 0xff, 0xff, 0xff, 0xff, 0xff, 0xff, 0xff, 0xff, 0xff,
  0xff, 0xff, 0xff, 0xff, 0xff, 0xff, 0xff, 0xff, 0xff, 0xff, 0xff, 0xff,
  0xff, 0xff, 0xff, 0xff, 0xff, 0xff, 0xff, 0xff, 0xff, 0xff, 0xff, 0xff,
  0xff, 0xff, 0xff, 0xff, 0xff, 0xff, 0xff, 0xff, 0xff, 0xff, 0xff, 0xff,
  0xff, 0xff, 0xff, 0xff, 0xff, 0xff, 0xff, 0xff, 0xff, 0xff, 0xff, 0xff,
  0xff, 0xff, 0xff, 0xff, 0xff, 0xff, 0xff, 0xff, 0xff, 0xff, 0xff, 0xff,
  0xff, 0xff, 0xff, 0xff, 0xff, 0xff, 0xff, 0xff, 0xff, 0xff, 0xff, 0xff,
  0xff, 0xff, 0xff, 0xff, 0xff, 0xff, 0xff, 0xff, 0xff, 0xff, 0xff, 0xff,
  0xff, 0xff, 0xff, 0xff, 0xff, 0xff, 0xff, 0xff, 0xff, 0xff, 0xff, 0xff,
  0xff, 0xff, 0xff, 0xff, 0xff, 0xff, 0xff, 0xff, 0xff, 0xff, 0xff, 0xff,
  0xff, 0xff, 0xff, 0xff, 0xff, 0xff, 0xff, 0xff, 0xff, 0xff, 0xff, 0xff,
  0xff, 0xff, 0xff, 0xff, 0xff, 0xff, 0xff, 0xff, 0xff, 0xff, 0xff, 0xff,
  0xff, 0xff, 0xff, 0xff, 0xff, 0xff, 0xff, 0xff, 0xff, 0xff, 0xff, 0xff,
  0xff, 0xff, 0xff, 0xff, 0xff, 0xff, 0xff, 0xff, 0xff, 0xff, 0xff, 0xff,
  0xff, 0xff, 0xff, 0xff, 0xff, 0xff, 0xff, 0xff, 0xff, 0xff, 0xff, 0xff,
  0xff, 0xff, 0xff, 0xff, 0xff, 0xff, 0xff, 0xff, 0xff, 0xff, 0xff, 0xff,
  0xff, 0xff, 0xff, 0xff, 0xff, 0xff, 0xff, 0xff, 0xff, 0xff, 0xff, 0xff,
  0xff, 0xff, 0xff, 0xff, 0xff, 0xff, 0xff, 0xff, 0xff, 0xff, 0xff, 0xff,
  0xff, 0xff, 0x41, 0xcc, 0x44, 0xcc, 0x40, 0xcc, 0x00, 0x00, 0x00, 0x00,
  0x00, 0x00, 0x00, 0x00, 0x00, 0x00, 0x00, 0x00, 0x00, 0x00, 0x00, 0x00,
  0xff, 0xff, 0xff, 0xff, 0xff, 0xff, 0xff, 0xff, 0x00, 0x00, 0x00, 0x00,
  0x00, 0x00, 0x00, 0x00, 0x00, 0x00, 0x00, 0x00, 0x00, 0x00, 0x00, 0x00,
  0xff, 0xff, 0xff, 0xff, 0xff, 0xff, 0xff, 0xff, 0xff, 0xff, 0xff, 0xff,
  0xff, 0xff, 0xff, 0xff, 0xff, 0xff, 0xff, 0xff, 0xff, 0xff, 0xff, 0xff,
  0x04, 0x51, 0x22, 0x42, 0x58, 0x10, 0x88, 0x01, 0xfb, 0xae, 0xdd, 0xbd,
  0xa7, 0xef, 0x77, 0xfe, 0x44, 0x0a, 0x02, 0x44, 0x20, 0x82, 0x14, 0x08,
  0xbb, 0xf5, 0xfd, 0xbb, 0xdf, 0x7d, 0xeb, 0xf7, 0xa0, 0x00, 0x13, 0x20,
  0x82, 0x04, 0x92, 0x54, 0x5f, 0xff, 0xec, 0xdf, 0x7d, 0xfb, 0x6d, 0xab,
  0x20, 0x11, 0x08, 0x50, 0x00, 0x14, 0x40, 0x0a, 0xdf, 0xee, 0xf7, 0xaf,
  0xff, 0xeb, 0xbf, 0xf5, 0x00, 0x01, 0x00, 0x00, 0x00, 0x00, 0x00, 0x00,
  0x00, 0x00, 0x00, 0x00, 0x00, 0x00, 0x00, 0x00, 0x00, 0x00, 0x00, 0x00,
  0x00, 0x00, 0x00, 0x00, 0x00, 0x00, 0x10, 0x00, 0x00, 0x00, 0x00, 0x00,
  0x00, 0x00, 0x00, 0x00, 0x00, 0x02, 0x00, 0x00, 0x00, 0x00, 0x00, 0x00,
  0x00, 0x00, 0x00, 0x00, 0x00, 0x00, 0x00, 0x08, 0x00, 0x00, 0x00, 0x00,
  0x00, 0x00, 0x00, 0x00, 0x00, 0x00, 0x00, 0x00, 0x00, 0x00, 0x00, 0x00,
  0x00, 0x00, 0x00, 0x00, 0x20, 0x00, 0x00, 0x00, 0x00, 0x00, 0x00, 0x00,
  0x00, 0x00, 0x00, 0x00, 0x00, 0x00, 0x00, 0x00, 0x00, 0x00, 0x00, 0x00,
  0x04, 0x00, 0x00, 0x00, 0x00, 0x00, 0x00, 0x00, 0x00, 0x00, 0x80, 0x00,
  0x00, 0x00, 0x00, 0x00, 0x00, 0x00, 0x00, 0x00, 0x00, 0x00, 0x00, 0x00,
  0x00, 0x00, 0x00, 0x00, 0x00, 0x00, 0x00, 0x00, 0x00, 0x00, 0x00, 0x40,
  0xff, 0xbb, 0xd7, 0xef, 0xd7, 0xbb, 0xff, 0xff, 0xff, 0xff, 0xff, 0xff,
  0xff, 0xff, 0xff, 0xff, 0xff, 0xbb, 0xd7, 0xef, 0xd7, 0xbb, 0xff, 0xff,
  0xff, 0xff, 0xff, 0xff, 0xff, 0xff, 0xff, 0xff, 0xff, 0xbb, 0xd7, 0xef,
  0xd7, 0xbb, 0xff, 0xff, 0xff, 0xff, 0xff, 0xff, 0xff, 0xff, 0xff, 0xff,
  0xff, 0xbb, 0xd7, 0xef, 0xd7, 0xbb, 0xff, 0xff, 0xff, 0xff, 0xff, 0xff,
  0xff, 0xff, 0xff, 0xff, 0xff, 0xbb, 0xd7, 0xef, 0xd7, 0xbb, 0xff, 0xff,
  0xff, 0xff, 0xff, 0xff, 0xff, 0xff, 0xff, 0xff, 0xff, 0xbb, 0xd7, 0xef,
  0xd7, 0xbb, 0xff, 0xff, 0xff, 0xff, 0xff, 0xff, 0xff, 0xff, 0xff, 0xff,
  0xff, 0xbb, 0xd7, 0xef, 0xd7, 0xbb, 0xff, 0xff, 0xff, 0xff, 0xff, 0xff,
  0xff, 0xff, 0xff, 0xff, 0xff, 0xbb, 0xd7, 0xef, 0xd7, 0xbb, 0xff, 0xff,
  0xff, 0xff, 0xff, 0xff, 0xff, 0xff, 0xff, 0xff, 0xff, 0xbb, 0xd7, 0xef,
  0xd7, 0xbb, 0xff, 0xff, 0xff, 0xff, 0xff, 0xff, 0xff, 0xff, 0xff, 0xff,
  0xff, 0xbb, 0xd7, 0xef, 0xd7, 0xbb, 0xff, 0xff, 0xff, 0xff, 0xff, 0xff,
  0xff, 0xff, 0xff, 0xff, 0xff, 0xbb, 0xd7, 0xef, 0xd7, 0xbb, 0xff, 0xff,
  0xff, 0xff, 0xff, 0xff, 0xff, 0xff, 0xff, 0xff, 0xff, 0xbb, 0xd7, 0xef,
  0xd7, 0xbb, 0xff, 0xff, 0xff, 0xff, 0xff, 0xff, 0xff, 0xff, 0xff, 0xff,
  0x3c, 0x66, 0xdb, 0xa3, 0xa1, 0xdb, 0x66, 0x3c, 0x18, 0x42, 0x18, 0xa1,
  0xa1, 0x18, 0x42, 0x18, 0x00, 0x02, 0x0c, 0x1c, 0x38, 0x10, 0x00, 0x00,
  0x00, 0x06, 0x0e, 0x3c, 0x78, 0x18, 0x10, 0x00, 0xff, 0xbb, 0xd7, 0xef,
  0xd7, 0xbb, 0xff, 0xff, 0xff, 0xff, 0xff, 0xff, 0xff, 0xff, 0xff, 0xff,
  0x6e, 0x06, 0x66, 0x66, 0x66, 0x66, 0x66, 0x00, 0x6e, 0x06, 0x66, 0x66,
  0x66, 0x66, 0x66, 0x00, 0x00, 0x00, 0x00, 0x00, 0x00, 0x00, 0x00, 0x00,
  0x00, 0x00, 0x00, 0x00, 0x00, 0x00, 0x00, 0x00, 0x18, 0x18, 0x18, 0x18,
  0x00, 0x18, 0x18, 0x00, 0x18, 0x18, 0x18, 0x18, 0x00, 0x18, 0x18, 0x00,
  0x24, 0x24, 0x24, 0x00, 0x00, 0x00, 0x00, 0x00, 0x24, 0x24, 0x24, 0x00,
  0x00, 0x00, 0x00, 0x00, 0x36, 0xff, 0x66, 0xff, 0x6c, 0x00, 0x00, 0x00,
  0x36, 0xff, 0x66, 0xff, 0x6c, 0x00, 0x00, 0x00, 0x08, 0x1c, 0x2a, 0x18,
  0x0c, 0x2a, 0x1c, 0x08, 0x08, 0x1c, 0x2a, 0x18, 0x0c, 0x2a, 0x1c, 0x08,
  0x44, 0xa4, 0x48, 0x08, 0x10, 0x12, 0x25, 0x22, 0x44, 0xa4, 0x48, 0x08,
  0x10, 0x12, 0x25, 0x22, 0x70, 0xc8, 0xc1, 0x6e, 0xcc, 0xcc, 0x78, 0x00,
  0x70, 0xc8, 0xc1, 0x6e, 0xcc, 0xcc, 0x78, 0x00, 0x60, 0x20, 0x40, 0x00,
  0x00, 0x00, 0x00, 0x00, 0x60, 0x20, 0x40, 0x00, 0x00, 0x00, 0x00, 0x00,
  0x0c, 0x18, 0x30, 0x30, 0x30, 0x30, 0x18, 0x0c, 0x0c, 0x18, 0x30, 0x30,
  0x30, 0x30, 0x18, 0x0c, 0x30, 0x18, 0x0c, 0x0c, 0x0c, 0x0c, 0x18, 0x30,
  0x30, 0x18, 0x0c, 0x0c, 0x0c, 0x0c, 0x18, 0x30, 0x08, 0x2a, 0x1c, 0x2a,
  0x08, 0x00, 0x00, 0x00, 0x08, 0x2a, 0x1c, 0x2a, 0x08, 0x00, 0x00, 0x00,
  0x00, 0x08, 0x08, 0x3e, 0x08, 0x08, 0x00, 0x00, 0x00, 0x08, 0x08, 0x3e,
  0x08, 0x08, 0x00, 0x00, 0x00, 0x00, 0x00, 0x00, 0x00, 0x60, 0x20, 0x40,
  0x00, 0x00, 0x00, 0x00, 0x00, 0x60, 0x20, 0x40, 0x00, 0x00, 0x00, 0x7e,
  0x00, 0x00, 0x00, 0x00, 0x00, 0x00, 0x00, 0x7e, 0x00, 0x00, 0x00, 0x00,
  0x00, 0x00, 0x00, 0x00, 0x00, 0x60, 0x60, 0x00, 0x00, 0x00, 0x00, 0x00,
  0x00, 0x60, 0x60, 0x00, 0x04, 0x04, 0x08, 0x08, 0x10, 0x10, 0x20, 0x20,
  0x04, 0x04, 0x08, 0x08, 0x10, 0x10, 0x20, 0x20, 0x3c, 0x66, 0x6e, 0x76,
  0x66, 0x66, 0x3c, 0x00, 0x3c, 0x66, 0x6e, 0x76, 0x66, 0x66, 0x3c, 0x00,
  0x18, 0x38, 0x18, 0x18, 0x18, 0x18, 0x18, 0x00, 0x18, 0x38, 0x18, 0x18,
  0x18, 0x18, 0x18, 0x00, 0x3c, 0x46, 0x06, 0x1c, 0x30, 0x60, 0x7e, 0x00,
  0x3c, 0x46, 0x06, 0x1c, 0x30, 0x60, 0x7e, 0x00, 0x7e, 0x0c, 0x18, 0x3c,
  0x06, 0x46, 0x3c, 0x00, 0x7e, 0x0c, 0x18, 0x3c, 0x06, 0x46, 0x3c, 0x00,
  0x0e, 0x16, 0x26, 0x46, 0x7f, 0x06, 0x06, 0x00, 0x0e, 0x16, 0x26, 0x46,
  0x7f, 0x06, 0x06, 0x00, 0x7e, 0x60, 0x7c, 0x06, 0x06, 0x46, 0x3c, 0x00,
  0x7e, 0x60, 0x7c, 0x06, 0x06, 0x46, 0x3c, 0x00, 0x1c, 0x30, 0x60, 0x7c,
  0x66, 0x66, 0x3c, 0x00, 0x1c, 0x30, 0x60, 0x7c, 0x66, 0x66, 0x3c, 0x00,
  0x7e, 0x06, 0x06, 0x0c, 0x18, 0x18, 0x18, 0x00, 0x7e, 0x06, 0x06, 0x0c,
  0x18, 0x18, 0x18, 0x00, 0x3c, 0x66, 0x66, 0x3c, 0x66, 0x66, 0x3c, 0x00,
  0x3c, 0x66, 0x66, 0x3c, 0x66, 0x66, 0x3c, 0x00, 0x3c, 0x66, 0x66, 0x3e,
  0x06, 0x0c, 0x38, 0x00, 0x3c, 0x66, 0x66, 0x3e, 0x06, 0x0c, 0x38, 0x00,
  0x00, 0x60, 0x60, 0x00, 0x00, 0x60, 0x60, 0x00, 0x00, 0x60, 0x60, 0x00,
  0x00, 0x60, 0x60, 0x00, 0x00, 0x60, 0x60, 0x00, 0x00, 0x60, 0x20, 0x40,
  0x00, 0x60, 0x60, 0x00, 0x00, 0x60, 0x20, 0x40, 0x00, 0x0c, 0x18, 0x30,
  0x18, 0x0c, 0x00, 0x00, 0x00, 0x0c, 0x18, 0x30, 0x18, 0x0c, 0x00, 0x00,
  0x00, 0x00, 0x7e, 0x00, 0x7e, 0x00, 0x00, 0x00, 0x00, 0x00, 0x7e, 0x00,
  0x7e, 0x00, 0x00, 0x00, 0x00, 0x30, 0x18, 0x0c, 0x18, 0x30, 0x00, 0x00,
  0x00, 0x30, 0x18, 0x0c, 0x18, 0x30, 0x00, 0x00, 0x3c, 0x46, 0x06, 0x0c,
  0x18, 0x00, 0x18, 0x00, 0x3c, 0x46, 0x06, 0x0c, 0x18, 0x00, 0x18, 0x00,
  0x3c, 0x42, 0x99, 0xa5, 0xa5, 0x9a, 0x40, 0x3c, 0x3c, 0x42, 0x99, 0xa5,
  0xa5, 0x9a, 0x40, 0x3c, 0x3c, 0x66, 0x66, 0x7e, 0x66, 0x66, 0x66, 0x00,
  0x3c, 0x66, 0x66, 0x7e, 0x66, 0x66, 0x66, 0x00, 0x7c, 0x66, 0x66, 0x7c,
  0x66, 0x66, 0x7c, 0x00, 0x7c, 0x66, 0x66, 0x7c, 0x66, 0x66, 0x7c, 0x00,
  0x3c, 0x62, 0x60, 0x60, 0x60, 0x62, 0x3c, 0x00, 0x3c, 0x62, 0x60, 0x60,
  0x60, 0x62, 0x3c, 0x00, 0x7c, 0x66, 0x66, 0x66, 0x66, 0x66, 0x7c, 0x00,
  0x7c, 0x66, 0x66, 0x66, 0x66, 0x66, 0x7c, 0x00, 0x7e, 0x60, 0x60, 0x7c,
  0x60, 0x60, 0x7e, 0x00, 0x7e, 0x60, 0x60, 0x7c, 0x60, 0x60, 0x7e, 0x00,
  0x7e, 0x60, 0x60, 0x7c, 0x60, 0x60, 0x60, 0x00, 0x7e, 0x60, 0x60, 0x7c,
  0x60, 0x60, 0x60, 0x00, 0x3c, 0x62, 0x60, 0x6e, 0x66, 0x66, 0x3c, 0x00,
  0x3c, 0x62, 0x60, 0x6e, 0x66, 0x66, 0x3c, 0x00, 0x66, 0x66, 0x66, 0x7e,
  0x66, 0x66, 0x66, 0x00, 0x66, 0x66, 0x66, 0x7e, 0x66, 0x66, 0x66, 0x00,
  0x18, 0x18, 0x18, 0x18, 0x18, 0x18, 0x18, 0x00, 0x18, 0x18, 0x18, 0x18,
  0x18, 0x18, 0x18, 0x00, 0x06, 0x06, 0x06, 0x06, 0x66, 0x66, 0x3c, 0x00,
  0x06, 0x06, 0x06, 0x06, 0x66, 0x66, 0x3c, 0x00, 0x66, 0x6c, 0x78, 0x70,
  0x78, 0x6c, 0x66, 0x00, 0x66, 0x6c, 0x78, 0x70, 0x78, 0x6c, 0x66, 0x00,
  0x60, 0x60, 0x60, 0x60, 0x60, 0x60, 0x7e, 0x00, 0x60, 0x60, 0x60, 0x60,
  0x60, 0x60, 0x7e, 0x00, 0x83, 0xc7, 0xef, 0xbb, 0x93, 0x83, 0x83, 0x00,
  0x83, 0xc7, 0xef, 0xbb, 0x93, 0x83, 0x83, 0x00, 0x61, 0x71, 0x79, 0x5d,
  0x4f, 0x47, 0x43, 0x00, 0x61, 0x71, 0x79, 0x5d, 0x4f, 0x47, 0x43, 0x00,
  0x3c, 0x66, 0x66, 0x66, 0x66, 0x66, 0x3c, 0x00, 0x3c, 0x66, 0x66, 0x66,
  0x66, 0x66, 0x3c, 0x00, 0x7c, 0x66, 0x66, 0x7c, 0x60, 0x60, 0x60, 0x00,
  0x7c, 0x66, 0x66, 0x7c, 0x60, 0x60, 0x60, 0x00, 0x3c, 0x66, 0x66, 0x66,
  0x66, 0x66, 0x3c, 0x06, 0x3c, 0x66, 0x66, 0x66, 0x66, 0x66, 0x3c, 0x06,
  0x7c, 0x66, 0x66, 0x7c, 0x66, 0x66, 0x66, 0x00, 0x7c, 0x66, 0x66, 0x7c,
  0x66, 0x66, 0x66, 0x00, 0x1c, 0x32, 0x38, 0x1c, 0x0e, 0x26, 0x1c, 0x00,
  0x1c, 0x32, 0x38, 0x1c, 0x0e, 0x26, 0x1c, 0x00, 0x7e, 0x18, 0x18, 0x18,
  0x18, 0x18, 0x18, 0x00, 0x7e, 0x18, 0x18, 0x18, 0x18, 0x18, 0x18, 0x00,
  0x66, 0x66, 0x66, 0x66, 0x66, 0x66, 0x3c, 0x00, 0x66, 0x66, 0x66, 0x66,
  0x66, 0x66, 0x3c, 0x00, 0x66, 0x66, 0x66, 0x66, 0x66, 0x64, 0x78, 0x00,
  0x66, 0x66, 0x66, 0x66, 0x66, 0x64, 0x78, 0x00, 0xdb, 0xdb, 0xdb, 0xdb,
  0xdb, 0xda, 0xfc, 0x00, 0xdb, 0xdb, 0xdb, 0xdb, 0xdb, 0xda, 0xfc, 0x00,
  0x66, 0x66, 0x66, 0x3c, 0x66, 0x66, 0x66, 0x00, 0x66, 0x66, 0x66, 0x3c,
  0x66, 0x66, 0x66, 0x00, 0x66, 0x66, 0x66, 0x3c, 0x18, 0x18, 0x18, 0x00,
  0x66, 0x66, 0x66, 0x3c, 0x18, 0x18, 0x18, 0x00, 0x7e, 0x06, 0x0c, 0x18,
  0x30, 0x60, 0x7e, 0x00, 0x7e, 0x06, 0x0c, 0x18, 0x30, 0x60, 0x7e, 0x00,
  0x1c, 0x18, 0x18, 0x18, 0x18, 0x18, 0x18, 0x1c, 0x1c, 0x18, 0x18, 0x18,
  0x18, 0x18, 0x18, 0x1c, 0x20, 0x20, 0x10, 0x10, 0x08, 0x08, 0x04, 0x04,
  0x20, 0x20, 0x10, 0x10, 0x08, 0x08, 0x04, 0x04, 0x38, 0x18, 0x18, 0x18,
  0x18, 0x18, 0x18, 0x38, 0x38, 0x18, 0x18, 0x18, 0x18, 0x18, 0x18, 0x38,
  0x08, 0x14, 0x22, 0x00, 0x00, 0x00, 0x00, 0x00, 0x08, 0x14, 0x22, 0x00,
  0x00, 0x00, 0x00, 0x00, 0x00, 0x00, 0x00, 0x00, 0x00, 0x00, 0x00, 0xff,
  0x00, 0x00, 0x00, 0x00, 0x00, 0x00, 0x00, 0xff, 0x10, 0x20, 0x30, 0x00,
  0x00, 0x00, 0x00, 0x00, 0x10, 0x20, 0x30, 0x00, 0x00, 0x00, 0x00, 0x00,
  0x00, 0x00, 0x3c, 0x06, 0x3e, 0x66, 0x3e, 0x00, 0x00, 0x00, 0x3c, 0x06,
  0x3e, 0x66, 0x3e, 0x00, 0x60, 0x60, 0x7c, 0x66, 0x66, 0x66, 0x7c, 0x00,
  0x60, 0x60, 0x7c, 0x66, 0x66, 0x66, 0x7c, 0x00, 0x00, 0x00, 0x3c, 0x62,
  0x60, 0x62, 0x3c, 0x00, 0x00, 0x00, 0x3c, 0x62, 0x60, 0x62, 0x3c, 0x00,
  0x06, 0x06, 0x3e, 0x66, 0x66, 0x66, 0x3e, 0x00, 0x06, 0x06, 0x3e, 0x66,
  0x66, 0x66, 0x3e, 0x00, 0x00, 0x00, 0x3c, 0x66, 0x7e, 0x60, 0x3c, 0x00,
  0x00, 0x00, 0x3c, 0x66, 0x7e, 0x60, 0x3c, 0x00, 0x0e, 0x18, 0x3c, 0x18,
  0x18, 0x18, 0x18, 0x00, 0x0e, 0x18, 0x3c, 0x18, 0x18, 0x18, 0x18, 0x00,
  0x00, 0x00, 0x3e, 0x66, 0x66, 0x3e, 0x06, 0x3c, 0x00, 0x00, 0x3e, 0x66,
  0x66, 0x3e, 0x06, 0x3c, 0x60, 0x60, 0x7c, 0x66, 0x66, 0x66, 0x66, 0x00,
  0x60, 0x60, 0x7c, 0x66, 0x66, 0x66, 0x66, 0x00, 0x18, 0x00, 0x18, 0x18,
  0x18, 0x18, 0x18, 0x00, 0x18, 0x00, 0x18, 0x18, 0x18, 0x18, 0x18, 0x00,
  0x06, 0x00, 0x06, 0x06, 0x06, 0x06, 0x26, 0x1c, 0x06, 0x00, 0x06, 0x06,
  0x06, 0x06, 0x26, 0x1c, 0x60, 0x60, 0x66, 0x6c, 0x78, 0x6c, 0x66, 0x00,
  0x60, 0x60, 0x66, 0x6c, 0x78, 0x6c, 0x66, 0x00, 0x38, 0x18, 0x18, 0x18,
  0x18, 0x18, 0x18, 0x00, 0x38, 0x18, 0x18, 0x18, 0x18, 0x18, 0x18, 0x00,
  0x00, 0x00, 0xfe, 0xdb, 0xdb, 0xdb, 0xdb, 0x00, 0x00, 0x00, 0xfe, 0xdb,
  0xdb, 0xdb, 0xdb, 0x00, 0x00, 0x00, 0x7c, 0x66, 0x66, 0x66, 0x66, 0x00,
  0x00, 0x00, 0x7c, 0x66, 0x66, 0x66, 0x66, 0x00, 0x00, 0x00, 0x3c, 0x66,
  0x66, 0x66, 0x3c, 0x00, 0x00, 0x00, 0x3c, 0x66, 0x66, 0x66, 0x3c, 0x00,
  0x00, 0x00, 0x7c, 0x66, 0x66, 0x66, 0x7c, 0x60, 0x00, 0x00, 0x7c, 0x66,
  0x66, 0x66, 0x7c, 0x60, 0x00, 0x00, 0x3e, 0x66, 0x66, 0x66, 0x3e, 0x06,
  0x00, 0x00, 0x3e, 0x66, 0x66, 0x66, 0x3e, 0x06, 0x00, 0x00, 0x36, 0x3e,
  0x30, 0x30, 0x30, 0x00, 0x00, 0x00, 0x36, 0x3e, 0x30, 0x30, 0x30, 0x00,
  0x00, 0x00, 0x3e, 0x60, 0x3c, 0x06, 0x7c, 0x00, 0x00, 0x00, 0x3e, 0x60,
  0x3c, 0x06, 0x7c, 0x00, 0x18, 0x18, 0x3c, 0x18, 0x18, 0x18, 0x0c, 0x00,
  0x18, 0x18, 0x3c, 0x18, 0x18, 0x18, 0x0c, 0x00, 0x00, 0x00, 0x66, 0x66,
  0x66, 0x66, 0x3e, 0x00, 0x00, 0x00, 0x66, 0x66, 0x66, 0x66, 0x3e, 0x00,
  0x00, 0x00, 0x66, 0x66, 0x66, 0x64, 0x78, 0x00, 0x00, 0x00, 0x66, 0x66,
  0x66, 0x64, 0x78, 0x00, 0x00, 0x00, 0xdb, 0xdb, 0xdb, 0xda, 0xfc, 0x00,
  0x00, 0x00, 0xdb, 0xdb, 0xdb, 0xda, 0xfc, 0x00, 0x00, 0x00, 0x66, 0x66,
  0x3c, 0x66, 0x66, 0x00, 0x00, 0x00, 0x66, 0x66, 0x3c, 0x66, 0x66, 0x00,
  0x00, 0x00, 0x66, 0x66, 0x66, 0x3e, 0x06, 0x3c, 0x00, 0x00, 0x66, 0x66,
  0x66, 0x3e, 0x06, 0x3c, 0x00, 0x00, 0x7e, 0x0c, 0x18, 0x30, 0x7e, 0x00,
  0x00, 0x00, 0x7e, 0x0c, 0x18, 0x30, 0x7e, 0x00, 0x1c, 0x30, 0x30, 0xe0,
  0x30, 0x30, 0x1c, 0x00, 0x1c, 0x30, 0x30, 0xe0, 0x30, 0x30, 0x1c, 0x00,
  0x18, 0x18, 0x18, 0x18, 0x18, 0x18, 0x18, 0x18, 0x18, 0x18, 0x18, 0x18,
  0x18, 0x18, 0x18, 0x18, 0xe0, 0x30, 0x30, 0x1c, 0x30, 0x30, 0xe0, 0x00,
  0xe0, 0x30, 0x30, 0x1c, 0x30, 0x30, 0xe0, 0x00, 0x32, 0x4c, 0x00, 0x00,
  0x00, 0x00, 0x00, 0x00, 0x32, 0x4c, 0x00, 0x00, 0x00, 0x00, 0x00, 0x00,
  0x20, 0x00, 0x00, 0x0a, 0x7a, 0xfb, 0xff, 0x00, 0x24, 0x2e, 0xff, 0xf1,
  0x04, 0xa5, 0xa5, 0x00, 0x06, 0x06, 0x00, 0x06, 0x00, 0x19, 0x00, 0x00,
  0x06, 0x00, 0x0f, 0x19, 0x3f, 0x26, 0x7f, 0x00, 0x00, 0x00, 0x00, 0x60,
  0x00, 0x98, 0x00, 0x00, 0x00, 0x00, 0xf0, 0x98, 0xfc, 0x64, 0xfe, 0x00,
  0x00, 0x0c, 0x0c, 0x00, 0x2a, 0x14, 0x28, 0x01, 0x00, 0x0c, 0x00, 0x7f,
  0x55, 0x6b, 0x56, 0x00, 0x00, 0x00, 0x00, 0x60, 0x60, 0xf0, 0xf0, 0xf8,
  0x00, 0x60, 0x90, 0x90, 0x08, 0x08, 0x04, 0x02, 0x06, 0x06, 0x00, 0x36,
  0x00, 0x1b, 0x00, 0x00, 0x06, 0x00, 0x7f, 0x49, 0x7f, 0x64, 0x7f, 0x00,
  0x00, 0x00, 0x00, 0xd8, 0x00, 0x0c, 0x00, 0x00, 0x00, 0x00, 0xfe, 0x26,
  0xfe, 0x92, 0x6e, 0x90, 0x00, 0x0c, 0x0c, 0x02, 0x2a, 0x15, 0x28, 0x07,
  0x00, 0x0c, 0x01, 0x0d, 0x55, 0x6a, 0x50, 0x00, 0x00, 0x00, 0xa0, 0x50,
  0xaa, 0x50, 0x00, 0x08, 0x00, 0xf0, 0x58, 0xac, 0x54, 0xae, 0xf6, 0x00,
  0x02, 0x03, 0x60, 0x60, 0x00, 0x37, 0x3c, 0x2c, 0x02, 0x02, 0x7f, 0x7f,
  0x00, 0x27, 0x39, 0x3f, 0x40, 0xc0, 0x06, 0x06, 0x00, 0xec, 0x3c, 0x34,
  0x40, 0x40, 0xfe, 0xfe, 0x00, 0xe4, 0x9c, 0xfc, 0x02, 0x03, 0x03, 0x07,
  0x1f, 0x7f, 0xff, 0xfc, 0x02, 0x02, 0x03, 0x06, 0x1d, 0x0d, 0xff, 0x0f,
  0x40, 0xc0, 0xc0, 0xe0, 0xf8, 0xfe, 0xff, 0x3f, 0x40, 0x40, 0xc0, 0x60,
  0xb8, 0xb0, 0xff, 0xf0, 0xff, 0xbb, 0xd7, 0xef, 0xd7, 0xbb, 0xff, 0xff,
  0xff, 0xff, 0xff, 0xff, 0xff, 0xff, 0xff, 0xff, 0xff, 0xbb, 0xd7, 0xef,
  0xd7, 0xbb, 0xff, 0xff, 0xff, 0xff, 0xff, 0xff, 0xff, 0xff, 0xff, 0xff,
  0xff, 0xbb, 0xd7, 0xef, 0xd7, 0xbb, 0xff, 0xff, 0xff, 0xff, 0xff, 0xff,
  0xff, 0xff, 0xff, 0xff, 0x00, 0x00, 0x00, 0x00, 0x00, 0x00, 0x04, 0x24,
  0x00, 0x00, 0x00, 0x00, 0x00, 0x02, 0x40, 0x01, 0x35, 0x35, 0xbb, 0xff,
  0xbf, 0xbf, 0xff, 0xff, 0x1f, 0x1f, 0x15, 0x01, 0x11, 0x15, 0x00, 0x00,
  0x9c, 0x6c, 0x6d, 0x8f, 0x6d, 0x0d, 0xff, 0xff, 0xf8, 0xd8, 0xb8, 0xf8,
  0x98, 0xf8, 0x00, 0xf0, 0x3f, 0x3b, 0xbb, 0xff, 0xbf, 0xbf, 0xff, 0xff,
  0x00, 0x00, 0xaa, 0xfe, 0xae, 0xaa, 0xfe, 0x00, 0x0c, 0x6c, 0x6d, 0x8f,
  0x6d, 0x0d, 0xff, 0xff, 0xf0, 0xd0, 0xb5, 0xf7, 0x95, 0xf5, 0x07, 0xf0,
  0x34, 0x36, 0xbf, 0xff, 0xbf, 0xaf, 0xff, 0xff, 0x15, 0x16, 0x15, 0x01,
  0x11, 0x05, 0x00, 0x00, 0x04, 0x64, 0x6d, 0x8f, 0x6d, 0x0d, 0xff, 0xff,
  0x6c, 0xd4, 0xbc, 0xfc, 0x9c, 0xfc, 0x00, 0xf0, 0x3f, 0x37, 0xbb, 0xff,
  0xbf, 0xbf, 0xff, 0xff, 0x02, 0x14, 0xaa, 0xfe, 0xae, 0xaa, 0xfe, 0x00,
  0x9c, 0x6c, 0x6d, 0x8f, 0x6d, 0x0d, 0xff, 0xff, 0x60, 0xd0, 0xb5, 0xf7,
  0x95, 0xf5, 0x07, 0xf0, 0x2e, 0x2f, 0x2c, 0x2c, 0x2c, 0x10, 0x6c, 0xff,
  0x3f, 0x3f, 0x3c, 0x3c, 0x3c, 0x3c, 0x7c, 0x01, 0x74, 0xf4, 0x34, 0x34,
  0x34, 0x08, 0x36, 0xff, 0xfc, 0xfc, 0x3c, 0x3c, 0x3c, 0x3c, 0x3e, 0x80,
  0xfd, 0xff, 0xfc, 0xfc, 0xfc, 0x00, 0xfc, 0xff, 0x4f, 0x2f, 0x4c, 0x2c,
  0x4c, 0xfc, 0xfc, 0x01, 0xbf, 0xff, 0x3f, 0x3f, 0x3f, 0x00, 0x3f, 0xff,
  0xf2, 0xf4, 0x32, 0x34, 0x32, 0x3f, 0x3f, 0x80, 0xff, 0xbb, 0xd7, 0xef,
  0xd7, 0xbb, 0xff, 0xff, 0xff, 0xff, 0xff, 0xff, 0xff, 0xff, 0xff, 0xff,
  0xff, 0xbb, 0xd7, 0xef, 0xd7, 0xbb, 0xff, 0xff, 0xff, 0xff, 0xff, 0xff,
  0xff, 0xff, 0xff, 0xff, 0x02, 0x02, 0x04, 0x68, 0xde, 0x5b, 0xe6, 0xff,
  0x00, 0x00, 0x00, 0x40, 0x44, 0x48, 0x02, 0x00, 0x00, 0x08, 0x18, 0x5a,
  0xf6, 0xaf, 0x43, 0xff, 0x00, 0x00, 0x10, 0x48, 0x24, 0x22, 0x02, 0x00,
  0x00, 0x00, 0x00, 0x00, 0x00, 0x00, 0x00, 0x00, 0xff, 0x99, 0x99, 0x99,
  0x81, 0x99, 0x99, 0x99, 0x00, 0x00, 0x00, 0x00, 0x00, 0x00, 0x00, 0x00,
  0xff, 0x79, 0x31, 0x01, 0x49, 0x49, 0x79, 0x79, 0x00, 0x08, 0x00, 0x00,
  0x00, 0x00, 0x00, 0x00, 0xff, 0x35, 0x1d, 0x0d, 0x45, 0x61, 0x71, 0x79,
  0x00, 0x00, 0x00, 0x00, 0x00, 0x00, 0x00, 0x00, 0xff, 0x83, 0x99, 0x99,
  0x83, 0x99, 0x99, 0x99, 0x41, 0x00, 0x00, 0x80, 0x00, 0x00, 0x00, 0x80,
  0xbe, 0xe3, 0xcd, 0x47, 0xe3, 0xf1, 0xd9, 0x63, 0x00, 0x00, 0x00, 0x80,
  0x00, 0x02, 0x40, 0x01, 0xff, 0x81, 0xe7, 0x67, 0xe7, 0xe5, 0xa7, 0xe6,
  0x00, 0x00, 0x00, 0x00, 0x00, 0x00, 0x00, 0x00, 0xff, 0x99, 0x99, 0x99,
  0x99, 0x99, 0x99, 0xc3, 0x00, 0x00, 0x00, 0x00, 0x00, 0x00, 0x00, 0x00,
  0xff, 0x29, 0x29, 0x29, 0x29, 0x29, 0x2b, 0x07, 0x44, 0x02, 0x02, 0x40,
  0x00, 0x82, 0x00, 0x00, 0xbb, 0xfd, 0xe5, 0xa7, 0xff, 0x7d, 0xe7, 0xe7,
  0xff, 0xbb, 0xd7, 0xef, 0xd7, 0xbb, 0xff, 0xff, 0xff, 0xff, 0xff, 0xff,
  0xff, 0xff, 0xff, 0xff, 0x00, 0x41, 0x02, 0x42, 0x40, 0x00, 0x80, 0x01,
  0xff, 0xa6, 0xe5, 0xa5, 0xa7, 0xe7, 0x67, 0xe6, 0xff, 0xbb, 0xd7, 0xef,
  0xd7, 0xbb, 0xff, 0xff, 0xff, 0xff, 0xff, 0xff, 0xff, 0xff, 0xff, 0xff,
  0xff, 0xbb, 0xd7, 0xef, 0xd7, 0xbb, 0xff, 0xff, 0xff, 0xff, 0xff, 0xff,
  0xff, 0xff, 0xff, 0xff, 0xff, 0xbb, 0xd7, 0xef, 0xd7, 0xbb, 0xff, 0xff,
  0xff, 0xff, 0xff, 0xff, 0xff, 0xff, 0xff, 0xff, 0xff, 0xbb, 0xd7, 0xef,
  0xd7, 0xbb, 0xff, 0xff, 0xff, 0xff, 0xff, 0xff, 0xff, 0xff, 0xff, 0xff,
  0xff, 0xbb, 0xd7, 0xef, 0xd7, 0xbb, 0xff, 0xff, 0xff, 0xff, 0xff, 0xff,
  0xff, 0xff, 0xff, 0xff, 0xff, 0xff, 0xff, 0xff, 0xff, 0xf0, 0xc0, 0x80,
  0xff, 0xff, 0xff, 0xff, 0xff, 0xf0, 0xc0, 0x80, 0xff, 0xff, 0xff, 0xff,
  0xff, 0x0f, 0x03, 0x01, 0xff, 0xff, 0xff, 0xff, 0xff, 0x0f, 0x03, 0x01,
  0xff, 0xfe, 0xfc, 0xfc, 0xf8, 0xf8, 0xf8, 0xf8, 0xff, 0xfe, 0xfc, 0xfc,
  0xf8, 0xf8, 0xf8, 0xf8, 0xff, 0x7f, 0x3f, 0x3f, 0x1f, 0x1f, 0x1f, 0x1f,
  0xff, 0x7f, 0x3f, 0x3f, 0x1f, 0x1f, 0x1f, 0x1f, 0xf8, 0xf8, 0xf8, 0xf8,
  0xfc, 0xfc, 0xfe, 0xff, 0xf8, 0xf8, 0xf8, 0xf8, 0xfc, 0xfc, 0xfe, 0xff,
  0x1f, 0x1f, 0x1f, 0x1f, 0x3f, 0x3f, 0x7f, 0xff, 0x1f, 0x1f, 0x1f, 0x1f,
  0x3f, 0x3f, 0x7f, 0xff, 0x80, 0xc0, 0xf0, 0xff, 0xff, 0xff, 0xff, 0xff,
  0x80, 0xc0, 0xf0, 0xff, 0xff, 0xff, 0xff, 0xff, 0x01, 0x03, 0x0f, 0xff,
  0xff, 0xff, 0xff, 0xff, 0x01, 0x03, 0x0f, 0xff, 0xff, 0xff, 0xff, 0xff,
  0xff, 0xff, 0xff, 0xff, 0x00, 0x00, 0x00, 0x00, 0xff, 0xff, 0xff, 0xff,
  0x00, 0x00, 0x00, 0x00, 0xf0, 0xf0, 0xf0, 0xf0, 0xf0, 0xf0, 0xf0, 0xf0,
  0xf0, 0xf0, 0xf0, 0xf0, 0xf0, 0xf0, 0xf0, 0xf0, 0x0f, 0x0f, 0x0f, 0x0f,
  0x0f, 0x0f, 0x0f, 0x0f, 0x0f, 0x0f, 0x0f, 0x0f, 0x0f, 0x0f, 0x0f, 0x0f,
  0x00, 0x00, 0x00, 0x00, 0xff, 0xff, 0xff, 0xff, 0x00, 0x00, 0x00, 0x00,
  0xff, 0xff, 0xff, 0xff, 0xff, 0xbb, 0xd7, 0xef, 0xd7, 0xbb, 0xff, 0xff,
  0xff, 0xff, 0xff, 0xff, 0xff, 0xff, 0xff, 0xff, 0xff, 0xbb, 0xd7, 0xef,
  0xd7, 0xbb, 0xff, 0xff, 0xff, 0xff, 0xff, 0xff, 0xff, 0xff, 0xff, 0xff,
  0xff, 0xbb, 0xd7, 0xef, 0xd7, 0xbb, 0xff, 0xff, 0xff, 0xff, 0xff, 0xff,
  0xff, 0xff, 0xff, 0xff, 0xff, 0xbb, 0xd7, 0xef, 0xd7, 0xbb, 0xff, 0xff,
  0xff, 0xff, 0xff, 0xff, 0xff, 0xff, 0xff, 0xff, 0x00, 0x00, 0x00, 0x00,
  0x00, 0x00, 0x00, 0x00, 0xff, 0xc3, 0x99, 0x99, 0x99, 0x99, 0x99, 0xc3,
  0x00, 0x82, 0x00, 0x01, 0x00, 0x40, 0x02, 0x00, 0xff, 0x65, 0xc7, 0xe6,
  0xe7, 0xa7, 0xe5, 0xe7, 0x00, 0x00, 0x00, 0x00, 0x00, 0x01, 0x00, 0x00,
  0xff, 0xc3, 0xb9, 0xf9, 0xe3, 0xce, 0x9f, 0x81, 0x00, 0x00, 0x00, 0x40,
  0x00, 0x00, 0x00, 0x00, 0xff, 0x81, 0xf9, 0xb3, 0xe3, 0xf9, 0xb9, 0xc3,
  0x20, 0x80, 0x00, 0x00, 0x00, 0x00, 0x00, 0x90, 0xdf, 0x71, 0xe9, 0xd9,
  0xb9, 0x80, 0xf9, 0x69, 0x00, 0x00, 0x00, 0x00, 0x00, 0x00, 0x00, 0x00,
  0xff, 0x81, 0x9f, 0x83, 0xf9, 0xf9, 0xb9, 0xc3, 0x00, 0x80, 0x00, 0x01,
  0x00, 0x00, 0x00, 0x00, 0xff, 0x63, 0xcf, 0x9e, 0x83, 0x99, 0x99, 0xc3,
  0x00, 0x00, 0x00, 0x40, 0x00, 0x81, 0x00, 0x42, 0xff, 0x81, 0xf9, 0xb9,
  0xf3, 0x66, 0xe7, 0xa5, 0x00, 0x00, 0x00, 0x00, 0x00, 0x00, 0x00, 0x00,
  0xff, 0xc3, 0x99, 0x99, 0xc3, 0x99, 0x99, 0xc3, 0x00, 0x00, 0x00, 0x00,
  0x00, 0x80, 0x00, 0x01, 0xff, 0xc3, 0x99, 0x99, 0xc1, 0x79, 0xf3, 0xc6,
  0x80, 0x00, 0x00, 0x00, 0x00, 0x00, 0x00, 0x00, 0x7f, 0xc3, 0x99, 0x99,
  0x81, 0x99, 0x99, 0x99, 0x00, 0x00, 0x00, 0x00, 0x00, 0x00, 0x00, 0x00,
  0xff, 0x83, 0x99, 0x99, 0x83, 0x99, 0x99, 0x83, 0x80, 0x00, 0x00, 0x00,
  0x00, 0x00, 0x00, 0x00, 0x7f, 0xc3, 0x9d, 0x9f, 0x9f, 0x9f, 0x9d, 0xc3,
  0x01, 0x00, 0x00, 0x00, 0x00, 0x00, 0x00, 0x00, 0xfe, 0x83, 0x99, 0x99,
  0x99, 0x99, 0x99, 0x83, 0x00, 0x00, 0x00, 0x00, 0x00, 0x00, 0x00, 0x00,
  0xff, 0x81, 0x9f, 0x9f, 0x83, 0x9f, 0x9f, 0x81, 0x00, 0x00, 0x00, 0x00,
  0x00, 0x00, 0x01, 0x08, 0xff, 0x81, 0x9f, 0x9f, 0x83, 0x9f, 0x9e, 0x97,
  0xff, 0xbb, 0xd7, 0xef, 0xd7, 0xbb, 0xff, 0xff, 0xff, 0xff, 0xff, 0xff,
  0xff, 0xff, 0xff, 0xff, 0xff, 0xbb, 0xd7, 0xef, 0xd7, 0xbb, 0xff, 0xff,
  0xff, 0xff, 0xff, 0xff, 0xff, 0xff, 0xff, 0xff, 0xff, 0xbb, 0xd7, 0xef,
  0xd7, 0xbb, 0xff, 0xff, 0xff, 0xff, 0xff, 0xff, 0xff, 0xff, 0xff, 0xff,
  0x7f, 0x1f, 0x1f, 0x1f, 0x1f, 0x1f, 0x1f, 0x1f, 0x7e, 0x1e, 0x1e, 0x1e,
  0x1e, 0x1e, 0x1e, 0x1e, 0x00, 0x00, 0x00, 0x00, 0x00, 0x00, 0x44, 0xfc,
  0x00, 0x00, 0x00, 0x00, 0x00, 0x00, 0x38, 0xfe, 0x00, 0x00, 0x00, 0x00,
  0x00, 0x00, 0x0f, 0x1f, 0x00, 0x00, 0x00, 0x00, 0x00, 0x00, 0x00, 0x0f,
  0x00, 0x00, 0x00, 0x00, 0x00, 0x00, 0x80, 0x80, 0x00, 0x00, 0x00, 0x00,
  0x00, 0x00, 0x00, 0x80, 0x00, 0x00, 0x00, 0x00, 0x00, 0x3f, 0x3f, 0x3f,
  0x00, 0x00, 0x00, 0x00, 0x00, 0x1f, 0x1f, 0x1f, 0x00, 0x00, 0x00, 0x00,
  0x00, 0xf0, 0xe0, 0xe0, 0x00, 0x00, 0x00, 0x00, 0x00, 0xe0, 0xe0, 0xe1,
  0x00, 0x00, 0x00, 0x00, 0x00, 0x00, 0x7c, 0xfd, 0x00, 0x00, 0x00, 0x00,
  0x00, 0x00, 0x00, 0xfe, 0x00, 0x00, 0x01, 0x01, 0x00, 0x00, 0x00, 0x04,
  0x00, 0x01, 0x01, 0x01, 0x01, 0x00, 0x00, 0x03, 0x10, 0xf0, 0xf8, 0xf0,
  0xf0, 0x90, 0x00, 0x10, 0xe0, 0xf0, 0xf0, 0xf8, 0xf0, 0x60, 0x00, 0xf8,
  0x1f, 0x1f, 0x1f, 0x1f, 0x6e, 0xff, 0xff, 0xff, 0x0e, 0x0e, 0x0e, 0x0e,
  0x1f, 0x7f, 0x7f, 0x7f, 0x00, 0x00, 0x00, 0x00, 0x04, 0xf8, 0xf8, 0x04,
  0x00, 0x00, 0x00, 0x00, 0xf8, 0xfc, 0xfc, 0xf8, 0x00, 0x00, 0x00, 0x00,
  0x00, 0x00, 0x00, 0x05, 0x00, 0x00, 0x00, 0x00, 0x00, 0x00, 0x00, 0x03,
  0x00, 0x00, 0x00, 0x00, 0x00, 0x00, 0x00, 0xd0, 0x00, 0x00, 0x00, 0x00,
  0x00, 0x00, 0x00, 0xe0, 0xff, 0xbb, 0xd7, 0xef, 0xd7, 0xbb, 0xff, 0xff,
  0xff, 0xff, 0xff, 0xff, 0xff, 0xff, 0xff, 0xff, 0xff, 0xbb, 0xd7, 0xef,
  0xd7, 0xbb, 0xff, 0xff, 0xff, 0xff, 0xff, 0xff, 0xff, 0xff, 0xff, 0xff,
  0xff, 0xbb, 0xd7, 0xef, 0xd7, 0xbb, 0xff, 0xff, 0xff, 0xff, 0xff, 0xff,
  0xff, 0xff, 0xff, 0xff, 0x1f, 0x1f, 0x1f, 0x1f, 0x1e, 0x1e, 0x3e, 0x3e,
  0x1f, 0x1f, 0x1f, 0x1f, 0x1f, 0x1e, 0x1e, 0x1e, 0xfe, 0xff, 0xcf, 0x07,
  0x0f, 0x07, 0x07, 0x07, 0xff, 0xff, 0xff, 0x8f, 0x07, 0x07, 0x07, 0x07,
  0x1f, 0x9f, 0x07, 0x83, 0x83, 0xc1, 0xc3, 0xc1, 0x0f, 0x0f, 0x83, 0x83,
  0x83, 0x83, 0x81, 0x81, 0xc0, 0xc7, 0x83, 0xc7, 0xef, 0xc7, 0xcf, 0xff,
  0x80, 0x83, 0xc7, 0xc7, 0xc7, 0xef, 0xef, 0xef, 0x03, 0x81, 0xc3, 0xc7,
  0xe7, 0xc3, 0xe7, 0xef, 0x01, 0xc3, 0xc3, 0xc3, 0xc3, 0xe7, 0xe7, 0xe7,
  0xc7, 0xe7, 0xc1, 0xc1, 0x80, 0xc0, 0x83, 0x83, 0xe3, 0xc3, 0xc3, 0xc0,
  0xc0, 0x81, 0x83, 0x87, 0xff, 0xff, 0x43, 0x03, 0x85, 0xff, 0xff, 0xc7,
  0xff, 0xff, 0x87, 0x03, 0x7b, 0xff, 0xff, 0xff, 0x87, 0xc7, 0x85, 0xc0,
  0xe0, 0xe0, 0xc0, 0xc0, 0x03, 0x83, 0xc3, 0xc0, 0xc0, 0xc0, 0xe0, 0xe0,
  0xf0, 0xf0, 0xf0, 0x70, 0x70, 0x70, 0x70, 0x70, 0xf8, 0xf8, 0xf8, 0x78,
  0x78, 0x78, 0x78, 0x78, 0x6f, 0x0f, 0x0e, 0x0e, 0x0e, 0x0e, 0x0e, 0x0e,
  0x1e, 0x1e, 0x1f, 0x1f, 0x1f, 0x1f, 0x1f, 0x1f, 0x00, 0x00, 0x00, 0x00,
  0x00, 0x00, 0x58, 0xfc, 0x00, 0x00, 0x00, 0x00, 0x00, 0x00, 0x3c, 0x7e,
  0x1f, 0x3f, 0x3e, 0x3e, 0x7c, 0x7a, 0xff, 0xff, 0x0f, 0x1f, 0x3f, 0x7c,
  0x78, 0x7d, 0x7f, 0x7f, 0xf8, 0xfc, 0xbc, 0x1e, 0x1f, 0x0e, 0xfe, 0xfe,
  0xf8, 0xfc, 0x7e, 0x1e, 0x0e, 0xff, 0xff, 0xff, 0xff, 0xbb, 0xd7, 0xef,
  0xd7, 0xbb, 0xff, 0xff, 0xff, 0xff, 0xff, 0xff, 0xff, 0xff, 0xff, 0xff,
  0x00, 0x00, 0x00, 0x00, 0x00, 0x00, 0x0f, 0x0f, 0x00, 0x00, 0x00, 0x00,
  0x00, 0x00, 0x1e, 0x1e, 0x00, 0x00, 0x00, 0x00, 0x00, 0x7e, 0x7f, 0x7f,
  0x00, 0x00, 0x00, 0x00, 0x00, 0x00, 0x7e, 0x7e, 0x3e, 0x3e, 0x3e, 0x3e,
  0xbe, 0xff, 0x7f, 0x7f, 0x1e, 0x1e, 0x1e, 0x1e, 0x7f, 0x7f, 0x7f, 0x00,
  0x03, 0x03, 0x07, 0x07, 0x87, 0x87, 0x80, 0x00, 0x07, 0x07, 0x07, 0x07,
  0x87, 0x87, 0x87, 0x80, 0xc0, 0xc0, 0xc1, 0x80, 0xc0, 0xc3, 0x03, 0x03,
  0x81, 0x81, 0x80, 0xe0, 0xe7, 0xe7, 0xe7, 0x00, 0xfe, 0xfd, 0xfe, 0xfc,
  0xf8, 0xfc, 0xf8, 0xf8, 0xff, 0xfe, 0xfc, 0xfc, 0xfc, 0xf8, 0xf8, 0x00,
  0xff, 0xe7, 0xff, 0x7f, 0xfe, 0x7f, 0x3e, 0x40, 0xe7, 0xff, 0xff, 0xff,
  0x7f, 0x7e, 0x7e, 0x3e, 0x07, 0x8f, 0x0f, 0x07, 0x03, 0x01, 0x00, 0x00,
  0x87, 0x07, 0x07, 0x07, 0x07, 0x03, 0x01, 0x00, 0xc1, 0x81, 0x83, 0xc1,
  0xc7, 0xff, 0xfd, 0x7a, 0x83, 0x83, 0x81, 0x83, 0xff, 0xff, 0xff, 0x01,
  0xc0, 0xc0, 0xc0, 0xc3, 0xf9, 0xf9, 0xf9, 0x08, 0xe0, 0xe0, 0xe0, 0xe0,
  0xf3, 0xf3, 0xf3, 0xf0, 0x70, 0x70, 0x70, 0x7a, 0xfe, 0xfe, 0xfe, 0x00,
  0x78, 0x78, 0x78, 0xfc, 0xfe, 0xfe, 0xfe, 0x00, 0x0e, 0x1e, 0x1f, 0x0f,
  0x07, 0x07, 0x01, 0x01, 0x1f, 0x0f, 0x0f, 0x0f, 0x0f, 0x07, 0x03, 0x00,
  0x7f, 0xbe, 0x0e, 0x5f, 0xff, 0xfc, 0xf8, 0x08, 0xfe, 0x6f, 0x0f, 0x8e,
  0xfe, 0xfe, 0xfc, 0xf0, 0x7c, 0x78, 0x38, 0x7d, 0x1f, 0x0f, 0x0f, 0x03,
  0x7f, 0x78, 0x7c, 0x3e, 0x3f, 0x1f, 0x07, 0x00, 0x01, 0x00, 0x00, 0x20,
  0xf8, 0xfc, 0xf4, 0x30, 0xfe, 0x00, 0x00, 0x18, 0xfc, 0xfc, 0xf8, 0xc0,
  0x00, 0x00, 0x00, 0x00, 0x00, 0x00, 0x00, 0x00, 0x00, 0x00, 0x00, 0x00,
  0x00, 0x00, 0x00, 0x00, 0xff, 0xff, 0xff, 0xff, 0xff, 0xff, 0xff, 0xff,
  0xff, 0xff, 0xff, 0xff, 0xff, 0xff, 0xff, 0xff, 0x80, 0xc0, 0xe0, 0xf0,
  0xf8, 0xf0, 0xe0, 0x40, 0x80, 0xc0, 0xe0, 0xf0, 0xe0, 0xc0, 0x80, 0x00,
  0x24, 0x66, 0xe7, 0x00, 0x00, 0xe7, 0x66, 0x24, 0x00, 0x00, 0x00, 0x00,
  0x00, 0x00, 0x00, 0x00, 0x18, 0x18, 0x18, 0xff, 0xff, 0x18, 0x18, 0x18,
  0x00, 0x00, 0x00, 0x00, 0x00, 0x00, 0x00, 0x00, 0x18, 0x18, 0x7e, 0x7e,
  0x7e, 0x7e, 0x7e, 0x5a, 0x00, 0x3c, 0x3c, 0x3c, 0x3c, 0x3c, 0x3c, 0x3c,
  0x24, 0x5a, 0x20, 0x00, 0x42, 0x24, 0x18, 0x10, 0x18, 0x3c, 0x7e, 0x7e,
  0x3c, 0x18, 0x00, 0x00, 0x00, 0x00, 0x00, 0x00, 0x00, 0x0c, 0x20, 0x0c,
  0x00, 0x00, 0x00, 0x00, 0x00, 0x70, 0x1e, 0x70, 0x00, 0x00, 0x02, 0x00,
  0x05, 0x05, 0x00, 0x00, 0x00, 0x05, 0x05, 0x07, 0x02, 0x02, 0x02, 0x00,
  0x00, 0x00, 0x04, 0x08, 0x00, 0x04, 0x00, 0x00, 0x00, 0x0a, 0x0a, 0x06,
  0x06, 0x02, 0x02, 0x00, 0x00, 0x00, 0x1c, 0x02, 0x08, 0x04, 0x00, 0x00,
  0x00, 0x04, 0x00, 0x0c, 0x06, 0x02, 0x02, 0x00, 0x00, 0x08, 0x34, 0x00,
  0x02, 0x02, 0x00, 0x00, 0x00, 0x00, 0x08, 0x1c, 0x0c, 0x04, 0x02, 0x00,
  0x00, 0x10, 0x08, 0x40, 0x20, 0x02, 0x04, 0x00, 0x00, 0x00, 0x10, 0x38,
  0x1c, 0x0c, 0x02, 0x00, 0x00, 0x00, 0x20, 0x20, 0x40, 0x20, 0x0c, 0x00,
  0x00, 0x00, 0x00, 0x10, 0x38, 0x1c, 0x02, 0x00, 0x00, 0x00, 0x00, 0x20,
  0x28, 0x24, 0x10, 0x00, 0x00, 0x00, 0x00, 0x00, 0x10, 0x58, 0x0e, 0x00,
  0x00, 0x00, 0x00, 0x00, 0x10, 0x24, 0x00, 0x00, 0x00, 0x00, 0x00, 0x00,
  0x60, 0x18, 0x7e, 0x00, 0x00, 0x00, 0x18, 0x3c, 0x3c, 0x18, 0x00, 0x00,
  0x00, 0x00, 0x00, 0x00, 0x00, 0x00, 0x00, 0x00, 0x00, 0x20, 0x08, 0x3a,
  0x1c, 0x50, 0x08, 0x00, 0x00, 0x00, 0x00, 0x00, 0x00, 0x00, 0x00, 0x00,
  0x00, 0x28, 0x02, 0x54, 0x02, 0x68, 0x14, 0x00, 0x00, 0x00, 0x00, 0x00,
  0x00, 0x00, 0x00, 0x00, 0x22, 0x00, 0x8a, 0x20, 0x04, 0x51, 0x20, 0x04,
  0x00, 0x00, 0x00, 0x00, 0x00, 0x00, 0x00, 0x00, 0x40, 0x01, 0x10, 0x04,
  0x40, 0x00, 0x84, 0x20, 0x00, 0x00, 0x00, 0x00, 0x00, 0x00, 0x00, 0x00,
  0x18, 0x3c, 0x3c, 0x18, 0x18, 0x3c, 0x3c, 0x18, 0x3c, 0x18, 0x18, 0x00,
  0x00, 0x18, 0x18, 0x00, 0x7e, 0x42, 0x3c, 0x42, 0x42, 0x42, 0x7e, 0x00,
  0x00, 0x3c, 0x00, 0x3c, 0x3c, 0x3c, 0x00, 0x00, 0x00, 0x00, 0x00, 0x00,
  0x00, 0x06, 0x80, 0x06, 0x00, 0x00, 0x00, 0x00, 0x00, 0xf8, 0x7f, 0xf8,
  0x02, 0x00, 0x00, 0x00, 0x00, 0x05, 0x05, 0x00, 0x05, 0x07, 0x07, 0x07,
  0x07, 0x02, 0x02, 0x02, 0x04, 0x00, 0x01, 0x09, 0x00, 0x00, 0x05, 0x00,
  0x0a, 0x0e, 0x0e, 0x06, 0x07, 0x07, 0x02, 0x02, 0x00, 0x08, 0x12, 0x10,
  0x01, 0x01, 0x04, 0x03, 0x04, 0x14, 0x0c, 0x0e, 0x0e, 0x06, 0x03, 0x00,
  0x08, 0x14, 0x00, 0x02, 0x12, 0x09, 0x05, 0x03, 0x00, 0x08, 0x3c, 0x1c,
  0x0c, 0x06, 0x02, 0x00, 0x00, 0x10, 0x28, 0x44, 0x20, 0x10, 0x01, 0x03,
  0x00, 0x00, 0x10, 0x38, 0x1c, 0x0e, 0x06, 0x00, 0x00, 0x00, 0x00, 0x48,
  0x84, 0x42, 0x19, 0x07, 0x00, 0x00, 0x20, 0x30, 0x78, 0x3c, 0x06, 0x00,
  0x00, 0x00, 0x00, 0x30, 0x40, 0x02, 0x21, 0x0d, 0x00, 0x00, 0x00, 0x40,
  0x38, 0xfc, 0x1e, 0x02, 0x00, 0x00, 0x00, 0x00, 0x10, 0x82, 0x00, 0x32,
  0x00, 0x00, 0x00, 0x00, 0xe0, 0x7c, 0xff, 0x0c, 0x3c, 0xe4, 0x1c, 0xbd,
  0x3d, 0xdc, 0x40, 0x34, 0x00, 0x3e, 0x7a, 0x7e, 0xfe, 0x7f, 0x3e, 0x08,
  0xff, 0xbb, 0xd7, 0xef, 0xd7, 0xbb, 0xff, 0xff, 0xff, 0xff, 0xff, 0xff,
  0xff, 0xff, 0xff, 0xff, 0x03, 0x0a, 0x26, 0x60, 0x44, 0x0b, 0x87, 0xc7,
  0x00, 0x05, 0x19, 0x1f, 0x3f, 0x7f, 0x7f, 0x3f, 0x60, 0x60, 0x18, 0x1a,
  0x80, 0xe0, 0xc2, 0xf1, 0x80, 0x90, 0xe0, 0xe4, 0xfe, 0xfe, 0xfc, 0xfe,
  0x00, 0x00, 0x00, 0x01, 0x06, 0x04, 0x0d, 0x1c, 0x00, 0x00, 0x00, 0x00,
  0x01, 0x03, 0x02, 0x03, 0x00, 0x00, 0x6e, 0xaf, 0x52, 0xa0, 0x40, 0x1e,
  0x00, 0x00, 0x10, 0x50, 0xad, 0xff, 0xff, 0xff, 0x00, 0x02, 0x03, 0x1b,
  0x10, 0x18, 0x38, 0x70, 0x00, 0x01, 0x04, 0x00, 0x07, 0x27, 0x07, 0x0f,
  0x3f, 0xb9, 0x8e, 0x10, 0x60, 0x00, 0x88, 0x1b, 0x40, 0x46, 0x70, 0xef,
  0x9f, 0xff, 0xff, 0xff, 0x00, 0x01, 0x04, 0x19, 0x05, 0x34, 0x01, 0x30,
  0x00, 0x00, 0x03, 0x06, 0x1a, 0x0b, 0x3e, 0x4f, 0x38, 0x1b, 0x8e, 0xa1,
  0x0a, 0x42, 0x20, 0x64, 0x00, 0xe4, 0x71, 0x5e, 0xfd, 0xfd, 0xff, 0xdf,
  0x00, 0x03, 0x07, 0x0f, 0x1f, 0x2e, 0x3f, 0x5f, 0x00, 0x00, 0x00, 0x00,
  0x00, 0x11, 0x00, 0x20, 0x6e, 0xff, 0xfb, 0xff, 0xff, 0xff, 0xee, 0x93,
  0x10, 0x00, 0x04, 0x00, 0x00, 0x00, 0x01, 0x00, 0x00, 0x00, 0x00, 0x00,
  0x10, 0x00, 0x00, 0x00, 0x00, 0x00, 0x00, 0x00, 0x10, 0x10, 0x10, 0x10,
  0x00, 0x00, 0x00, 0x00, 0x10, 0x00, 0x00, 0x00, 0x00, 0x00, 0x00, 0x00,
  0x10, 0x10, 0x18, 0x38, 0x00, 0x00, 0x00, 0x00, 0x10, 0x10, 0x10, 0x10,
  0x00, 0x00, 0x00, 0x00, 0x10, 0x00, 0x00, 0x00, 0x00, 0x00, 0x00, 0x00,
  0x10, 0x10, 0x18, 0x38, 0x00, 0x00, 0x00, 0x00, 0x10, 0x00, 0x00, 0x00,
  0xff, 0xbb, 0xd7, 0xef, 0xd7, 0xbb, 0xff, 0xff, 0xff, 0xff, 0xff, 0xff,
  0xff, 0xff, 0xff, 0xff, 0xff, 0xbb, 0xd7, 0xef, 0xd7, 0xbb, 0xff, 0xff,
  0xff, 0xff, 0xff, 0xff, 0xff, 0xff, 0xff, 0xff, 0x07, 0xa7, 0xa0, 0x07,
  0x45, 0x3d, 0x05, 0x0e, 0xff, 0x5f, 0x5f, 0x7f, 0x3f, 0x03, 0x0a, 0x01,
  0xc1, 0xf9, 0xa9, 0x82, 0x22, 0x0c, 0x68, 0x20, 0xfe, 0xfe, 0xf6, 0xfc,
  0xdc, 0xf0, 0x90, 0x80, 0x00, 0x25, 0x34, 0x01, 0x23, 0x23, 0x32, 0x10,
  0x1f, 0x1b, 0x0f, 0x3f, 0x1f, 0x1f, 0x0f, 0x0f, 0x3b, 0xff, 0xf7, 0xff,
  0x7e, 0xfe, 0xfa, 0x75, 0xff, 0xff, 0xff, 0xff, 0xff, 0xff, 0xff, 0xff,
  0xe2, 0x83, 0x43, 0xe0, 0x91, 0xa3, 0xc8, 0xc4, 0x1f, 0x7f, 0xbf, 0x1f,
  0x6f, 0x5f, 0x37, 0x3f, 0xe5, 0xff, 0xbf, 0x7f, 0xff, 0xff, 0xbe, 0x31,
  0xff, 0xff, 0xff, 0xff, 0xff, 0xff, 0xff, 0xff, 0x41, 0x6a, 0x54, 0x80,
  0x85, 0xc1, 0xe0, 0x55, 0x3f, 0x17, 0xab, 0x7f, 0x7f, 0x3e, 0x1f, 0x2a,
  0x20, 0x90, 0x19, 0x05, 0x08, 0x20, 0x4c, 0x40, 0xff, 0x7f, 0xe6, 0xff,
  0xf7, 0xdf, 0xb7, 0xbf, 0x77, 0xfe, 0xfa, 0x6e, 0x9e, 0xd7, 0xdd, 0x1e,
  0x00, 0x00, 0x00, 0x90, 0x60, 0x28, 0x22, 0x60, 0x03, 0xca, 0xc2, 0x00,
  0x03, 0x9a, 0x32, 0xe1, 0x00, 0x00, 0x00, 0x00, 0x00, 0x00, 0x00, 0x00,
  0x18, 0x18, 0x00, 0x00, 0x00, 0x08, 0x00, 0x18, 0x18, 0x18, 0x10, 0x18,
  0x38, 0x38, 0x38, 0x18, 0x18, 0x18, 0x00, 0x00, 0x04, 0x00, 0x42, 0x24,
  0x18, 0x18, 0x10, 0x18, 0x3c, 0x3c, 0x7e, 0x24, 0x18, 0x18, 0x10, 0x18,
  0x38, 0x38, 0x38, 0x18, 0x18, 0x18, 0x00, 0x00, 0x00, 0x08, 0x00, 0x18,
  0x18, 0x18, 0x10, 0x18, 0x3c, 0x3c, 0x7e, 0x24, 0x18, 0x18, 0x00, 0x00,
  0x04, 0x00, 0x42, 0x24, 0xff, 0xbb, 0xd7, 0xef, 0xd7, 0xbb, 0xff, 0xff,
  0xff, 0xff, 0xff, 0xff, 0xff, 0xff, 0xff, 0xff, 0xff, 0xbb, 0xd7, 0xef,
  0xd7, 0xbb, 0xff, 0xff, 0xff, 0xff, 0xff, 0xff, 0xff, 0xff, 0xff, 0xff,
  0xff, 0xbb, 0xd7, 0xef, 0xd7, 0xbb, 0xff, 0xff, 0xff, 0xff, 0xff, 0xff,
  0xff, 0xff, 0xff, 0xff, 0xff, 0xbb, 0xd7, 0xef, 0xd7, 0xbb, 0xff, 0xff,
  0xff, 0xff, 0xff, 0xff, 0xff, 0xff, 0xff, 0xff, 0xff, 0xbb, 0xd7, 0xef,
  0xd7, 0xbb, 0xff, 0xff, 0xff, 0xff, 0xff, 0xff, 0xff, 0xff, 0xff, 0xff,
  0xff, 0xbb, 0xd7, 0xef, 0xd7, 0xbb, 0xff, 0xff, 0xff, 0xff, 0xff, 0xff,
  0xff, 0xff, 0xff, 0xff, 0xff, 0xbb, 0xd7, 0xef, 0xd7, 0xbb, 0xff, 0xff,
  0xff, 0xff, 0xff, 0xff, 0xff, 0xff, 0xff, 0xff, 0xff, 0xbb, 0xd7, 0xef,
  0xd7, 0xbb, 0xff, 0xff, 0xff, 0xff, 0xff, 0xff, 0xff, 0xff, 0xff, 0xff,
  0xff, 0xbb, 0xd7, 0xef, 0xd7, 0xbb, 0xff, 0xff, 0xff, 0xff, 0xff, 0xff,
  0xff, 0xff, 0xff, 0xff, 0xff, 0xbb, 0xd7, 0xef, 0xd7, 0xbb, 0xff, 0xff,
  0xff, 0xff, 0xff, 0xff, 0xff, 0xff, 0xff, 0xff, 0xff, 0xbb, 0xd7, 0xef,
  0xd7, 0xbb, 0xff, 0xff, 0xff, 0xff, 0xff, 0xff, 0xff, 0xff, 0xff, 0xff,
  0xff, 0xbb, 0xd7, 0xef, 0xd7, 0xbb, 0xff, 0xff, 0xff, 0xff, 0xff, 0xff,
  0xff, 0xff, 0xff, 0xff, 0xff, 0xbb, 0xd7, 0xef, 0xd7, 0xbb, 0xff, 0xff,
  0xff, 0xff, 0xff, 0xff, 0xff, 0xff, 0xff, 0xff, 0xff, 0xbb, 0xd7, 0xef,
  0xd7, 0xbb, 0xff, 0xff, 0xff, 0xff, 0xff, 0xff, 0xff, 0xff, 0xff, 0xff,
  0xff, 0xbb, 0xd7, 0xef, 0xd7, 0xbb, 0xff, 0xff, 0xff, 0xff, 0xff, 0xff,
  0xff, 0xff, 0xff, 0xff, 0xff, 0xbb, 0xd7, 0xef, 0xd7, 0xbb, 0xff, 0xff,
  0xff, 0xff, 0xff, 0xff, 0xff, 0xff, 0xff, 0xff, 0x17, 0x2c, 0x7a, 0x49,
  0xe6, 0x8d, 0xd7, 0xf1, 0x08, 0x03, 0x05, 0x36, 0x19, 0x73, 0x2b, 0x0f,
  0x6e, 0x9d, 0xc3, 0x3e, 0xd6, 0x3f, 0xd1, 0xfa, 0x91, 0x62, 0x3c, 0xc1,
  0x29, 0xc1, 0xaf, 0x85, 0xdf, 0xe6, 0xff, 0x69, 0x7c, 0x3f, 0x1f, 0x07,
  0x20, 0x19, 0x00, 0x16, 0x03, 0x00, 0x00, 0x00, 0xc7, 0x77, 0x1c, 0xb6,
  0x9b, 0xff, 0xff, 0xe7, 0x38, 0x88, 0xe3, 0x49, 0x64, 0x00, 0x00, 0x00,
  0x5e, 0x7a, 0x57, 0xc6, 0x3a, 0x5e, 0x4f, 0xba, 0x20, 0x04, 0x28, 0x38,
  0x04, 0x20, 0x30, 0x44, 0x5e, 0x7a, 0x17, 0xb6, 0xda, 0xcf, 0xb2, 0x0a,
  0x20, 0x04, 0x68, 0x48, 0x24, 0x30, 0x4c, 0xc4, 0x3c, 0x7e, 0xff, 0xff,
  0xff, 0xff, 0x7e, 0x3c, 0x00, 0x18, 0x24, 0x24, 0x3c, 0x24, 0x24, 0x00,
  0x00, 0x00, 0x00, 0x42, 0x00, 0x00, 0x00, 0x00, 0x00, 0x00, 0x00, 0x3c,
  0x00, 0x00, 0x00, 0x00, 0x00, 0x88, 0x00, 0x00, 0x00, 0x22, 0x00, 0x00,
  0x00, 0x70, 0x00, 0x00, 0x00, 0x1c, 0x00, 0x00, 0x88, 0x00, 0x22, 0x00,
  0x44, 0x00, 0x11, 0x00, 0x70, 0x00, 0x1c, 0x00, 0x38, 0x00, 0x0e, 0x00,
  0xff, 0xbb, 0xd7, 0xef, 0xd7, 0xbb, 0xff, 0xff, 0xff, 0xff, 0xff, 0xff,
  0xff, 0xff, 0xff, 0xff, 0xff, 0xbb, 0xd7, 0xef, 0xd7, 0xbb, 0xff, 0xff,
  0xff, 0xff, 0xff, 0xff, 0xff, 0xff, 0xff, 0xff, 0xff, 0xbb, 0xd7, 0xef,
  0xd7, 0xbb, 0xff, 0xff, 0xff, 0xff, 0xff, 0xff, 0xff, 0xff, 0xff, 0xff,
  0xff, 0xbb, 0xd7, 0xef, 0xd7, 0xbb, 0xff, 0xff, 0xff, 0xff, 0xff, 0xff,
  0xff, 0xff, 0xff, 0xff, 0xff, 0xbb, 0xd7, 0xef, 0xd7, 0xbb, 0xff, 0xff,
  0xff, 0xff, 0xff, 0xff, 0xff, 0xff, 0xff, 0xff, 0xff, 0xbb, 0xd7, 0xef,
  0xd7, 0xbb, 0xff, 0xff, 0xff, 0xff, 0xff, 0xff, 0xff, 0xff, 0xff, 0xff,
  0x00, 0x10, 0x18, 0x18, 0x08, 0x08, 0x08, 0x08, 0x00, 0x0c, 0x1c, 0x0c,
  0x0c, 0x0c, 0x0c, 0x0c, 0x00, 0x04, 0x7e, 0x8e, 0x03, 0x06, 0x04, 0x38,
  0x00, 0xf8, 0xfc, 0x46, 0x06, 0x06, 0x0e, 0x1c, 0x00, 0xf4, 0x4c, 0x44,
  0x44, 0x4e, 0x4c, 0x70, 0x00, 0xf8, 0xfc, 0x66, 0x66, 0x64, 0x7c, 0x78,
  0x00, 0xc0, 0x40, 0x40, 0x47, 0x47, 0x4d, 0x43, 0x00, 0xe0, 0xe0, 0x60,
  0x60, 0x6f, 0x60, 0x67, 0x00, 0x00, 0x00, 0x00, 0x00, 0x01, 0xd8, 0xc4,
  0x00, 0x00, 0x00, 0x00, 0x00, 0x81, 0x9d, 0x9c, 0x00, 0x00, 0x00, 0x00,
  0x00, 0xc6, 0x89, 0xdf, 0x00, 0x00, 0x00, 0x00, 0x00, 0xcf, 0xdf, 0x99,
  0x00, 0x00, 0x00, 0x00, 0x00, 0x37, 0x9f, 0x11, 0x00, 0x00, 0x00, 0x00,
  0x00, 0x3e, 0x3f, 0x9b, 0x00, 0x00, 0x00, 0x00, 0x10, 0x70, 0x90, 0xc0,
  0x00, 0x00, 0x00, 0x00, 0x70, 0xf0, 0xd0, 0xc0, 0x0c, 0x0c, 0x00, 0x00,
  0x00, 0x00, 0x00, 0x04, 0x83, 0x70, 0x01, 0x03, 0x03, 0x03, 0x03, 0x03,
  0x00, 0x00, 0x30, 0xd8, 0xd8, 0xd8, 0xd8, 0xd9, 0xc0, 0x20, 0xcc, 0xfe,
  0xfe, 0xfe, 0xfe, 0xfe, 0x00, 0x00, 0x00, 0x00, 0x01, 0xdd, 0x7b, 0x44,
  0x00, 0x00, 0x00, 0x00, 0x00, 0xfb, 0xfc, 0x6d, 0x00, 0x00, 0x00, 0x00,
  0xc0, 0xc3, 0x76, 0xf2, 0x00, 0x00, 0x00, 0x00, 0x00, 0xe1, 0x23, 0xe6,
  0x00, 0x04, 0x04, 0x04, 0x2f, 0xb4, 0x44, 0x24, 0x00, 0x06, 0x06, 0x06,
  0x0f, 0xef, 0xe6, 0x06, 0x00, 0x00, 0x00, 0x08, 0x80, 0x18, 0x09, 0x18,
  0x00, 0x00, 0x00, 0x18, 0x98, 0x98, 0x18, 0x09, 0x00, 0x00, 0x00, 0x00,
  0x08, 0xed, 0x93, 0x8b, 0x00, 0x00, 0x00, 0x00, 0x00, 0x78, 0xf9, 0x83,
  0x00, 0x00, 0x00, 0x00, 0x00, 0xc0, 0x30, 0x20, 0x00, 0x00, 0x00, 0x00,
  0x00, 0xe0, 0xe0, 0xf0, 0x08, 0x08, 0x08, 0x1c, 0x00, 0x00, 0x00, 0x00,
  0x0c, 0x0c, 0x1c, 0x1c, 0x00, 0x00, 0x00, 0x00, 0x78, 0x76, 0xe2, 0x7e,
  0x00, 0x00, 0x00, 0x00, 0x30, 0x62, 0x7e, 0xfe, 0x00, 0x00, 0x00, 0x00,
  0x40, 0x40, 0xc0, 0xf0, 0x00, 0x00, 0x00, 0x00, 0x60, 0x60, 0x70, 0xf0,
  0x00, 0x00, 0x00, 0x00, 0x44, 0x48, 0x46, 0xe2, 0x00, 0x00, 0x00, 0x00,
  0x6f, 0x6c, 0xed, 0xe7, 0x00, 0x00, 0x00, 0x00, 0x85, 0x87, 0xa1, 0xc3,
  0x09, 0x0e, 0x13, 0x1e, 0xc6, 0xc3, 0xc3, 0xe1, 0x03, 0x1b, 0x1e, 0x0c,
  0xdf, 0x90, 0x18, 0x8e, 0x00, 0x00, 0x00, 0x00, 0x9f, 0x98, 0x8f, 0x07,
  0x00, 0x00, 0x00, 0x00, 0x91, 0x10, 0x34, 0x3c, 0x00, 0x00, 0x00, 0x00,
  0x98, 0x18, 0x18, 0x3c, 0x00, 0x00, 0x00, 0x00, 0xf0, 0xd0, 0x10, 0xf0,
  0x00, 0x00, 0x00, 0x00, 0x60, 0x30, 0xf0, 0x60, 0x00, 0x00, 0x00, 0x00,
  0x04, 0x05, 0x05, 0x05, 0x05, 0x05, 0x00, 0x00, 0x03, 0x02, 0x02, 0x02,
  0x02, 0x02, 0x03, 0x01, 0x01, 0xfd, 0xfd, 0xfd, 0xfd, 0xfd, 0x88, 0x88,
  0xfe, 0x02, 0x02, 0x02, 0x02, 0x02, 0x76, 0x74, 0x45, 0x42, 0xd1, 0xf0,
  0x00, 0x00, 0x00, 0x00, 0x63, 0x63, 0x63, 0xf1, 0x00, 0x00, 0x00, 0x00,
  0x24, 0x22, 0xae, 0xb3, 0x00, 0x00, 0x00, 0x00, 0xf6, 0x36, 0x73, 0xf9,
  0x00, 0x00, 0x00, 0x00, 0x04, 0x05, 0x42, 0x81, 0x00, 0x00, 0x00, 0x00,
  0x07, 0x06, 0xe7, 0xc3, 0x00, 0x00, 0x00, 0x00, 0xd9, 0x58, 0xc9, 0xdc,
  0x00, 0x00, 0x00, 0x00, 0x89, 0xc9, 0xdc, 0x9c, 0x00, 0x00, 0x00, 0x00,
  0x03, 0x80, 0x93, 0xe1, 0x00, 0x00, 0x00, 0x00, 0x83, 0x83, 0xf9, 0x70,
  0x00, 0x00, 0x00, 0x00, 0xf0, 0x00, 0x00, 0xc0, 0x00, 0x00, 0x00, 0x00,
  0xf0, 0x00, 0xe0, 0xe0, 0x00, 0x00, 0x00, 0x00, 0x00, 0x00, 0x00, 0x00,
  0x3f, 0x3c, 0x3c, 0x3c, 0x00, 0x00, 0x00, 0x00, 0x00, 0x2b, 0x33, 0x2b,
  0x0c, 0x0c, 0x0f, 0x0f, 0xff, 0x8a, 0x25, 0x8a, 0x00, 0x00, 0x03, 0x03,
  0x00, 0x75, 0xda, 0x75, 0x30, 0x30, 0xf0, 0xf0, 0xff, 0xa4, 0x51, 0xa4,
  0x00, 0x00, 0xc0, 0xc0, 0x00, 0x5b, 0xae, 0x5b, 0x00, 0x00, 0x00, 0x00,
  0xfc, 0x3c, 0x3c, 0x3c, 0x00, 0x00, 0x00, 0x00, 0x00, 0xd4, 0xcc, 0xd4,
  0xff, 0xff, 0xff, 0xff, 0xff, 0xff, 0xff, 0xff, 0xff, 0xbb, 0xd7, 0xef,
  0xd7, 0xbb, 0xff, 0xff, 0x0c, 0x0c, 0x0f, 0x0f, 0x0f, 0x0f, 0x3f, 0xff,
  0x00, 0x00, 0x03, 0x03, 0x0c, 0x00, 0x03, 0x0c, 0x30, 0x30, 0xf0, 0xf0,
  0xf0, 0xf0, 0xfc, 0xff, 0x00, 0x00, 0xc0, 0xc0, 0x30, 0x00, 0xc0, 0x70,
  0xff, 0xff, 0xff, 0xff, 0xff, 0xff, 0xff, 0xff, 0xff, 0xbb, 0xd7, 0xef,
  0xd7, 0xbb, 0xff, 0xff, 0xff, 0xff, 0xff, 0xff, 0xff, 0xff, 0xff, 0xff,
  0xff, 0xbb, 0xd7, 0xef, 0xd7, 0xbb, 0xff, 0xff, 0xff, 0xff, 0xff, 0xff,
  0xff, 0xff, 0xff, 0xff, 0xff, 0xbb, 0xd7, 0xef, 0xd7, 0xbb, 0xff, 0xff,
  0xff, 0xff, 0xff, 0xff, 0xff, 0xff, 0xff, 0xff, 0xff, 0xbb, 0xd7, 0xef,
  0xd7, 0xbb, 0xff, 0xff, 0xff, 0xff, 0xff, 0xff, 0xff, 0xff, 0xff, 0xff,
  0xff, 0xbb, 0xd7, 0xef, 0xd7, 0xbb, 0xff, 0xff, 0xff, 0xff, 0xff, 0xff,
  0xff, 0xff, 0xff, 0xff, 0xff, 0xbb, 0xd7, 0xef, 0xd7, 0xbb, 0xff, 0xff,
  0xff, 0xff, 0xff, 0xff, 0xff, 0xff, 0xff, 0xff, 0xff, 0xbb, 0xd7, 0xef,
  0xd7, 0xbb, 0xff, 0xff, 0xff, 0xff, 0xff, 0xff, 0xff, 0xff, 0xff, 0xff,
  0xff, 0xbb, 0xd7, 0xef, 0xd7, 0xbb, 0xff, 0xff, 0xff, 0xff, 0xff, 0xff,
  0xff, 0xff, 0xff, 0xff, 0xff, 0xbb, 0xd7, 0xef, 0xd7, 0xbb, 0xff, 0xff,
  0x3c, 0x3c, 0x3f, 0x0f, 0x0e, 0x0e, 0x0e, 0x0e, 0x33, 0x2b, 0x3f, 0x0f,
  0x0d, 0x0b, 0x0d, 0x0b, 0x25, 0x8a, 0x40, 0xff, 0xff, 0xff, 0xff, 0xff,
  0xda, 0x75, 0xff, 0xff, 0x00, 0x55, 0x4a, 0x7f, 0x51, 0xa4, 0x02, 0xff,
  0xff, 0xff, 0xff, 0xff, 0xae, 0x5b, 0xff, 0xff, 0x00, 0x52, 0xaa, 0xfc,
  0x3c, 0x3c, 0xfc, 0xf0, 0x70, 0x70, 0x70, 0x70, 0xcc, 0xd4, 0xfc, 0xf0,
  0xb0, 0xd0, 0xb0, 0xd0, 0x03, 0x03, 0x00, 0x03, 0x0f, 0x3f, 0xff, 0xaa,
  0x00, 0x00, 0x00, 0x03, 0x0e, 0x35, 0x00, 0xff, 0xff, 0xef, 0xef, 0xe7,
  0xe3, 0xe0, 0xff, 0xf5, 0x38, 0xd9, 0x98, 0x9c, 0x9f, 0x9f, 0x00, 0x9f,
  0xff, 0xf7, 0xf7, 0xe7, 0xc7, 0x07, 0xff, 0xaf, 0x9c, 0x1b, 0x99, 0x39,
  0xf9, 0xf9, 0x00, 0xf9, 0xc0, 0xc0, 0x00, 0xc0, 0xf0, 0xfc, 0xff, 0x55,
  0x00, 0x00, 0x00, 0xc0, 0x70, 0xac, 0x00, 0xff, 0xff, 0xff, 0xff, 0xff,
  0xff, 0xff, 0xff, 0xff, 0xff, 0xbb, 0xd7, 0xef, 0xd7, 0xbb, 0xff, 0xff,
  0xff, 0xff, 0xff, 0xff, 0xff, 0xff, 0xff, 0xff, 0xff, 0xbb, 0xd7, 0xef,
  0xd7, 0xbb, 0xff, 0xff, 0xff, 0xff, 0xff, 0xff, 0xff, 0xff, 0xff, 0xff,
  0xff, 0xbb, 0xd7, 0xef, 0xd7, 0xbb, 0xff, 0xff, 0xff, 0xff, 0xff, 0xff,
  0xff, 0xff, 0xff, 0xff, 0xff, 0xbb, 0xd7, 0xef, 0xd7, 0xbb, 0xff, 0xff,
  0xff, 0xff, 0xff, 0xff, 0xff, 0xff, 0xff, 0xff, 0xff, 0xbb, 0xd7, 0xef,
  0xd7, 0xbb, 0xff, 0xff, 0xff, 0xff, 0xff, 0xff, 0xff, 0xff, 0xff, 0xff,
  0xff, 0xbb, 0xd7, 0xef, 0xd7, 0xbb, 0xff, 0xff, 0xff, 0xff, 0xff, 0xff,
  0xff, 0xff, 0xff, 0xff, 0xff, 0xbb, 0xd7, 0xef, 0xd7, 0xbb, 0xff, 0xff,
  0xff, 0xff, 0xff, 0xff, 0xff, 0xff, 0xff, 0xff, 0xff, 0xbb, 0xd7, 0xef,
  0xd7, 0xbb, 0xff, 0xff, 0x0e, 0x0e, 0x0e, 0x0e, 0x0e, 0x0e, 0x0e, 0x0e,
  0x0d, 0x0b, 0x0d, 0x0b, 0x0d, 0x0b, 0x0d, 0x0b, 0xf9, 0xfa, 0xfc, 0xff,
  0xff, 0xff, 0xff, 0xff, 0x2e, 0x05, 0x03, 0x00, 0x0f, 0x0f, 0x0f, 0x0f,
  0x9f, 0x5f, 0x3f, 0xff, 0xff, 0xff, 0xff, 0xff, 0x74, 0xa0, 0xc0, 0x00,
  0xf0, 0xf0, 0xf0, 0xf0, 0x70, 0x70, 0x70, 0x70, 0x70, 0x70, 0x70, 0x70,
  0xb0, 0xd0, 0xb0, 0xd0, 0xb0, 0xd0, 0xb0, 0xd0, 0x00, 0x7f, 0x6b, 0x55,
  0x6b, 0x55, 0x6b, 0x55, 0xff, 0xff, 0xeb, 0xd5, 0xeb, 0xd5, 0xeb, 0xd5,
  0x60, 0x63, 0x6f, 0x6f, 0x6a, 0x6d, 0x6a, 0x6f, 0x9f, 0x9c, 0x90, 0x9f,
  0x9a, 0x9d, 0x9a, 0x98, 0x06, 0xc6, 0xf6, 0xf6, 0xb6, 0x56, 0xb6, 0xf6,
  0xf9, 0x39, 0x09, 0xf9, 0xb9, 0x59, 0xb9, 0x19, 0x00, 0xfe, 0xd6, 0xaa,
  0xd6, 0xaa, 0xd6, 0xaa, 0xff, 0xff, 0xd7, 0xab, 0xd7, 0xab, 0xd7, 0xab,
  0xff, 0xff, 0xff, 0xff, 0xff, 0xff, 0xff, 0xff, 0xff, 0xbb, 0xd7, 0xef,
  0xd7, 0xbb, 0xff, 0xff, 0xff, 0xff, 0xff, 0xff, 0xff, 0xff, 0xff, 0xff,
  0xff, 0xbb, 0xd7, 0xef, 0xd7, 0xbb, 0xff, 0xff, 0xff, 0xff, 0xff, 0xff,
  0xff, 0xff, 0xff, 0xff, 0xff, 0xbb, 0xd7, 0xef, 0xd7, 0xbb, 0xff, 0xff,
  0xff, 0xff, 0xff, 0xff, 0xff, 0xff, 0xff, 0xff, 0xff, 0xbb, 0xd7, 0xef,
  0xd7, 0xbb, 0xff, 0xff, 0xff, 0xff, 0xff, 0xff, 0xff, 0xff, 0xff, 0xff,
  0xff, 0xbb, 0xd7, 0xef, 0xd7, 0xbb, 0xff, 0xff, 0xff, 0xff, 0xff, 0xff,
  0xff, 0xff, 0xff, 0xff, 0xff, 0xbb, 0xd7, 0xef, 0xd7, 0xbb, 0xff, 0xff,
  0xff, 0xff, 0xff, 0xff, 0xff, 0xff, 0xff, 0xff, 0xff, 0xbb, 0xd7, 0xef,
  0xd7, 0xbb, 0xff, 0xff, 0xff, 0xff, 0xff, 0xff, 0xff, 0xff, 0xff, 0xff,
  0xff, 0xbb, 0xd7, 0xef, 0xd7, 0xbb, 0xff, 0xff, 0x0e, 0x0e, 0x00, 0x1f,
  0x1f, 0x1f, 0xff, 0xff, 0x0d, 0x0b, 0x0f, 0x14, 0x18, 0x14, 0xff, 0xff,
  0xff, 0xff, 0x0f, 0xff, 0xff, 0xff, 0xff, 0xff, 0x0f, 0x0f, 0xff, 0x0f,
  0x0f, 0x0f, 0xff, 0xf0, 0xff, 0xff, 0xf0, 0xff, 0xff, 0xff, 0xff, 0xff,
  0xf0, 0xf0, 0xff, 0xf0, 0xf0, 0xf0, 0xff, 0x0f, 0x70, 0x70, 0x00, 0xf8,
  0xf8, 0xf8, 0xff, 0xff, 0xb0, 0xd0, 0xf0, 0x28, 0x18, 0x28, 0xff, 0xff,
  0x6b, 0x7f, 0x00, 0x00, 0xff, 0xff, 0xff, 0xff, 0xeb, 0xff, 0xff, 0xff,
  0x00, 0x00, 0xff, 0xff, 0x68, 0x6f, 0x7f, 0x0f, 0xff, 0xff, 0xff, 0xff,
  0x9f, 0x9f, 0x9a, 0xfd, 0x0a, 0x0f, 0xff, 0xf0, 0x16, 0xf6, 0xfe, 0xf0,
  0xff, 0xff, 0xff, 0xff, 0xf9, 0xf9, 0xb9, 0x5f, 0xb0, 0xf0, 0xff, 0x0f,
  0xd6, 0xfe, 0x00, 0x00, 0xff, 0xff, 0xff, 0xff, 0xd7, 0xff, 0xff, 0xff,
  0x00, 0x00, 0xff, 0xff, 0x00, 0x00, 0x00, 0x00, 0x00, 0x00, 0x7c, 0x3c,
  0x00, 0x00, 0x00, 0x00, 0x00, 0x00, 0x1f, 0x1f, 0x04, 0x0c, 0x0c, 0x18,
  0x08, 0x20, 0xe0, 0xc0, 0x04, 0x0c, 0x0c, 0x38, 0x38, 0x38, 0xff, 0xdb,
  0x00, 0x00, 0x00, 0x00, 0x03, 0x03, 0x31, 0x1b, 0x00, 0x00, 0x00, 0x00,
  0x00, 0x01, 0x01, 0xe3, 0x00, 0x00, 0xc0, 0xc0, 0xc0, 0x80, 0xcc, 0xec,
  0x00, 0x00, 0xc0, 0xc0, 0xc0, 0x80, 0x8c, 0x0c, 0xf3, 0xf3, 0x3a, 0x3a,
  0x7a, 0x7c, 0xff, 0xff, 0xcf, 0xef, 0x27, 0x27, 0x67, 0x7f, 0xff, 0xff,
  0xf0, 0x74, 0x6d, 0xcf, 0x3e, 0x3c, 0x7f, 0xff, 0xc8, 0xcc, 0x9d, 0x3f,
  0xf3, 0xf3, 0xff, 0xff, 0x7b, 0xff, 0xcc, 0x08, 0x20, 0xe0, 0xf8, 0xff,
  0xe3, 0xf3, 0xf3, 0xf7, 0xff, 0xff, 0xff, 0xff, 0x3e, 0x1e, 0xfe, 0x7e,
  0x3f, 0x3f, 0xff, 0xff, 0x0e, 0xe6, 0xe6, 0xf2, 0xf3, 0xf3, 0xff, 0xff,
  0x00, 0x00, 0x00, 0x00, 0x00, 0x00, 0x01, 0x03, 0x00, 0x00, 0x00, 0x00,
  0x00, 0x01, 0x03, 0x03, 0x3c, 0x3c, 0x3c, 0x3c, 0x0d, 0xb8, 0x27, 0x03,
  0x00, 0x00, 0x3c, 0x3c, 0xff, 0xff, 0xff, 0xff, 0x00, 0x00, 0x00, 0x00,
  0xb0, 0x1d, 0xe4, 0xc1, 0x00, 0x00, 0x00, 0x00, 0xff, 0xff, 0xff, 0xff,
  0x00, 0x00, 0x00, 0x00, 0x00, 0x00, 0x80, 0xc0, 0x00, 0x00, 0x00, 0x00,
  0x00, 0x80, 0xc0, 0xc0, 0x00, 0x00, 0x00, 0x00, 0x00, 0x00, 0x22, 0x1d,
  0x00, 0x00, 0x00, 0x00, 0x00, 0x00, 0x3f, 0x3f, 0x00, 0x00, 0xf0, 0xf0,
  0xf0, 0xf0, 0x22, 0xdd, 0x00, 0x00, 0x00, 0x00, 0xf0, 0xf0, 0xff, 0xff,
  0x00, 0x00, 0x00, 0x00, 0x18, 0x18, 0x3c, 0x3c, 0x00, 0x00, 0x18, 0x3c,
  0x3c, 0x7e, 0xfe, 0xff, 0x00, 0x00, 0x00, 0x00, 0x00, 0x00, 0x00, 0xff,
  0x00, 0x00, 0x00, 0x00, 0x00, 0x00, 0x00, 0xff, 0x00, 0x00, 0x00, 0x00,
  0x0f, 0x00, 0x39, 0x00, 0x00, 0x00, 0x00, 0x00, 0x3f, 0x3f, 0x3f, 0x3f,
  0x3c, 0x3c, 0x3c, 0x3c, 0x3c, 0x00, 0xe7, 0x00, 0x00, 0x00, 0x3c, 0x3c,
  0xff, 0xff, 0xff, 0xff, 0x00, 0x00, 0x00, 0x00, 0xf3, 0x00, 0x9e, 0x00,
  0x00, 0x00, 0x00, 0x00, 0xff, 0xff, 0xff, 0xff, 0x00, 0x00, 0x00, 0x00,
  0xcc, 0x00, 0x78, 0x00, 0x00, 0x00, 0x00, 0x00, 0xfc, 0xfc, 0xfc, 0xfc,
  0xff, 0xff, 0xff, 0xff, 0xff, 0xff, 0xff, 0xff, 0xff, 0xbb, 0xd7, 0xef,
  0xd7, 0xbb, 0xff, 0xff, 0x00, 0x00, 0xf0, 0xf0, 0xf3, 0xf2, 0xfa, 0x8c,
  0x00, 0x00, 0x00, 0x00, 0xf3, 0xf7, 0xff, 0xff, 0x00, 0x00, 0x42, 0x7e,
  0x08, 0xff, 0x24, 0x42, 0x00, 0x00, 0x7e, 0xff, 0xff, 0xff, 0xff, 0xff,
  0x00, 0x00, 0x00, 0x00, 0xc0, 0x40, 0x40, 0x30, 0x00, 0x00, 0x00, 0x00,
  0xc0, 0xe0, 0xf0, 0xf0, 0x02, 0x06, 0x0c, 0x08, 0x13, 0x30, 0x0f, 0x0f,
  0x07, 0x0f, 0x0f, 0x1f, 0x3f, 0x3f, 0x0f, 0x0d, 0xf0, 0x00, 0x7e, 0x00,
  0xf8, 0x00, 0xff, 0xff, 0xff, 0xff, 0xff, 0xff, 0xff, 0xff, 0xff, 0x55,
  0x0f, 0x00, 0x7e, 0x00, 0x1f, 0x00, 0xff, 0xff, 0xff, 0xff, 0xff, 0xff,
  0xff, 0xff, 0xff, 0x55, 0x40, 0x60, 0x30, 0x10, 0xc8, 0x0c, 0xf0, 0xf0,
  0xe0, 0xf0, 0xf0, 0xf8, 0xfc, 0xfc, 0xf0, 0x70, 0x08, 0x37, 0x22, 0x1d,
  0x08, 0x37, 0x0f, 0x0f, 0x3f, 0x3f, 0x3f, 0x3f, 0x3f, 0x3f, 0x0f, 0x0f,
  0x88, 0x76, 0x20, 0xdc, 0x89, 0x71, 0xff, 0xff, 0xff, 0xff, 0xff, 0xff,
  0xff, 0xff, 0xff, 0xff, 0x7e, 0x7e, 0xff, 0xff, 0xff, 0xff, 0xff, 0xff,
  0xff, 0xeb, 0xff, 0xeb, 0xff, 0xaa, 0xff, 0xff, 0x00, 0x00, 0x00, 0x00,
  0x80, 0x80, 0xc0, 0xc0, 0x00, 0x80, 0x80, 0xc0, 0xc0, 0xe0, 0xe0, 0xf0,
  0x0f, 0x00, 0x39, 0x00, 0x0f, 0x00, 0x0f, 0x0f, 0x3f, 0x3f, 0x3f, 0x3f,
  0x3f, 0x3f, 0x0f, 0x0d, 0x3c, 0x00, 0xe7, 0x00, 0x3c, 0x00, 0xff, 0xfe,
  0xff, 0xff, 0xff, 0xff, 0xff, 0xff, 0xff, 0x57, 0xf3, 0x00, 0x9e, 0x24,
  0xc3, 0x99, 0x3c, 0x7e, 0xff, 0xff, 0xff, 0xff, 0xff, 0xff, 0xff, 0xff,
  0xcc, 0x00, 0x78, 0x00, 0xcc, 0x00, 0xf0, 0x70, 0xfc, 0xfc, 0xfc, 0xfc,
  0xfc, 0xfc, 0xf0, 0xf0, 0x09, 0x36, 0x23, 0x1c, 0x09, 0x36, 0x01, 0x0f,
  0x3f, 0x3f, 0x3f, 0x3f, 0x3f, 0x3f, 0x3f, 0x0f, 0x6e, 0x31, 0xd2, 0xb2,
  0x6e, 0x15, 0xff, 0xff, 0xff, 0xff, 0xff, 0xff, 0xff, 0xff, 0xff, 0xff,
  0x42, 0xff, 0x08, 0x08, 0x08, 0xff, 0x42, 0xff, 0xff, 0xff, 0xff, 0xff,
  0xff, 0xff, 0xff, 0xff, 0x70, 0x90, 0x40, 0x40, 0x7c, 0xa0, 0xf0, 0xf0,
  0xf8, 0xf8, 0xfc, 0xfc, 0xfc, 0xf0, 0xf0, 0xf0, 0x0f, 0x0f, 0x0f, 0x0f,
  0xcf, 0xcf, 0xff, 0xff, 0x0c, 0x0c, 0x08, 0x08, 0xcc, 0xcc, 0xff, 0xff,
  0x07, 0x77, 0x77, 0x67, 0xdb, 0xc3, 0xc3, 0xff, 0xf8, 0xda, 0xa9, 0xd8,
  0xfc, 0xfc, 0xfc, 0xfc, 0xc3, 0x81, 0x18, 0x3c, 0x3c, 0x3c, 0xc0, 0xd4,
  0x3c, 0x7e, 0xef, 0xd7, 0xeb, 0xd7, 0x3f, 0xff, 0xf0, 0xf0, 0xf0, 0xf0,
  0xf3, 0xf3, 0xff, 0xff, 0x30, 0x30, 0x10, 0x10, 0x33, 0x33, 0x3f, 0x3f,
  0x0f, 0x0f, 0x0f, 0x0f, 0xcf, 0xcf, 0xff, 0xff, 0x0f, 0x0f, 0x0f, 0x0f,
  0x03, 0x03, 0x00, 0x00, 0x07, 0x77, 0x77, 0x67, 0xdb, 0xc3, 0xc3, 0xff,
  0xff, 0xaf, 0xdf, 0xbf, 0x3f, 0x3f, 0x3f, 0x3f, 0x00, 0x00, 0x18, 0x3c,
  0x3c, 0x18, 0xd5, 0x00, 0xff, 0xff, 0xef, 0xd7, 0xeb, 0xf7, 0x2a, 0xff,
  0xe0, 0xf0, 0xf0, 0xf0, 0xf3, 0xf3, 0xff, 0xff, 0xf8, 0xfc, 0xf0, 0xf0,
  0xc0, 0xc0, 0xc0, 0xc0, 0x0f, 0x0f, 0x0f, 0x0f, 0xcf, 0xcf, 0xff, 0xff,
  0x0c, 0x0c, 0x0c, 0x0c, 0xcc, 0xcc, 0xff, 0xff, 0x06, 0x77, 0x77, 0x67,
  0xdb, 0xc3, 0xc3, 0xff, 0xff, 0xad, 0xf9, 0xb8, 0xfc, 0xfc, 0xfc, 0xfc,
  0xc3, 0x81, 0x18, 0x3c, 0x3c, 0x18, 0xd5, 0x00, 0xff, 0xff, 0xef, 0xd7,
  0xeb, 0xf7, 0x2a, 0xff, 0x70, 0xf0, 0xf0, 0xf0, 0xf3, 0xf3, 0xff, 0xff,
  0x80, 0x80, 0x80, 0x00, 0x33, 0x33, 0x3f, 0x3f, 0x0f, 0x0f, 0x0f, 0x0f,
  0xcf, 0xcf, 0xff, 0xff, 0x09, 0x0a, 0x0c, 0x0f, 0x03, 0x03, 0x00, 0x00,
  0x07, 0x77, 0x77, 0x67, 0xdb, 0xc3, 0xc3, 0xff, 0xfb, 0xab, 0xff, 0xbf,
  0x3f, 0x3f, 0x3f, 0x3f, 0xc3, 0x81, 0x18, 0x3c, 0x3c, 0x18, 0xc0, 0x00,
  0xff, 0xff, 0xef, 0xd7, 0xeb, 0xf7, 0x3f, 0xff, 0xf0, 0xf0, 0xf0, 0xf0,
  0xf3, 0xf3, 0xff, 0xff, 0x90, 0xd0, 0xf0, 0xf0, 0xc0, 0xc0, 0xc0, 0xc0,
  0xcf, 0xcf, 0xcf, 0xcf, 0xff, 0xff, 0xff, 0xff, 0xce, 0xcd, 0xce, 0xcd,
  0xff, 0xff, 0xff, 0xff, 0xff, 0xff, 0xff, 0xff, 0xff, 0xff, 0xff, 0xff,
  0xee, 0xdd, 0xee, 0xdd, 0xff, 0xff, 0xff, 0xff, 0x20, 0x04, 0x3c, 0x00,
  0xff, 0xff, 0xff, 0xff, 0xff, 0xff, 0xff, 0xff, 0xff, 0x00, 0xaa, 0x55,
  0xf3, 0xf3, 0xf3, 0xf3, 0xff, 0xff, 0xff, 0xff, 0xb3, 0x73, 0xb3, 0x73,
  0xff, 0xff, 0xff, 0xff, 0x0f, 0x0f, 0x0f, 0x0f, 0x0f, 0x0f, 0x0f, 0x0f,
  0x0f, 0x0f, 0x0f, 0x0f, 0x0f, 0x0f, 0x0f, 0x0f, 0xf0, 0xf0, 0xf0, 0xf0,
  0xf0, 0xf0, 0xf0, 0xf0, 0xf0, 0xf0, 0xf0, 0xf0, 0xf0, 0xf0, 0xf0, 0xf0,
  0x0f, 0x0f, 0x0f, 0x0f, 0x1f, 0x1f, 0x7f, 0xff, 0x0f, 0x0f, 0x0f, 0x0f,
  0x1f, 0x1f, 0x7f, 0xff, 0xf0, 0xf0, 0xf0, 0xf0, 0xf8, 0xf8, 0xfe, 0xff,
  0xf0, 0xf0, 0xf0, 0xf0, 0xf8, 0xf8, 0xfe, 0xff, 0xcf, 0xcf, 0xcf, 0xcf,
  0xff, 0xff, 0xff, 0xff, 0xcc, 0xcc, 0xcf, 0xcc, 0xff, 0xff, 0xff, 0xff,
  0xff, 0xff, 0xff, 0xff, 0xff, 0xff, 0xff, 0xff, 0xcc, 0xcc, 0xff, 0xcc,
  0xff, 0xff, 0xff, 0xff, 0x7f, 0x00, 0x00, 0x00, 0xff, 0xff, 0xff, 0xff,
  0xff, 0xff, 0xff, 0xff, 0xff, 0x00, 0xaa, 0x55, 0xf3, 0xf3, 0xf3, 0xf3,
  0xff, 0xff, 0xff, 0xff, 0x33, 0x33, 0xf3, 0x33, 0xff, 0xff, 0xff, 0xff,
  0xcf, 0xcf, 0xcf, 0xcf, 0xff, 0xff, 0xff, 0xff, 0x03, 0x03, 0x03, 0x03,
  0x00, 0x00, 0xff, 0xff, 0xff, 0xff, 0xff, 0xff, 0xff, 0xff, 0xff, 0xff,
  0x33, 0x33, 0x33, 0x33, 0x03, 0x03, 0xff, 0xff, 0x3c, 0x3c, 0x00, 0x00,
  0xff, 0xff, 0xff, 0xff, 0xff, 0xff, 0xff, 0xff, 0xff, 0x00, 0xaa, 0x55,
  0xf3, 0xf3, 0xf3, 0xf3, 0xff, 0xff, 0xff, 0xff, 0xc0, 0xc0, 0xc0, 0xc0,
  0xc0, 0xc0, 0xff, 0xff
};
unsigned int rom_thwaite_nes_len = 24592;
